-- phpMyAdmin SQL Dump
-- version 4.6.4
-- https://www.phpmyadmin.net/
--
-- Host: databases.solidsteps.org
-- Generation Time: Dec 07, 2016 at 11:55 PM
-- Server version: 5.6.25-log
-- PHP Version: 7.0.12

SET SQL_MODE = "NO_AUTO_VALUE_ON_ZERO";
SET time_zone = "+00:00";


/*!40101 SET @OLD_CHARACTER_SET_CLIENT=@@CHARACTER_SET_CLIENT */;
/*!40101 SET @OLD_CHARACTER_SET_RESULTS=@@CHARACTER_SET_RESULTS */;
/*!40101 SET @OLD_COLLATION_CONNECTION=@@COLLATION_CONNECTION */;
/*!40101 SET NAMES utf8mb4 */;

--
-- Database: `solidsteps_portal`
--

DELIMITER $$
--
-- Procedures
--
$$

$$

$$

$$

$$

$$

$$

$$

$$

$$

--
-- Functions
--
$$

DELIMITER ;

-- --------------------------------------------------------

--
-- Table structure for table `academic_terms`
--

CREATE TABLE `academic_terms` (
  `academic_term_id` int(10) UNSIGNED NOT NULL,
  `academic_term` varchar(100) COLLATE utf8_unicode_ci NOT NULL,
  `status` int(10) UNSIGNED NOT NULL DEFAULT '2',
  `academic_year_id` int(10) UNSIGNED NOT NULL,
  `term_type_id` int(10) UNSIGNED NOT NULL,
  `term_begins` date DEFAULT NULL,
  `term_ends` date DEFAULT NULL,
  `created_at` timestamp NULL DEFAULT NULL,
  `updated_at` timestamp NULL DEFAULT NULL
) ENGINE=InnoDB DEFAULT CHARSET=utf8 COLLATE=utf8_unicode_ci;

--
-- Dumping data for table `academic_terms`
--

INSERT INTO `academic_terms` (`academic_term_id`, `academic_term`, `status`, `academic_year_id`, `term_type_id`, `term_begins`, `term_ends`, `created_at`, `updated_at`) VALUES
(1, 'Third Term 2015 - 2016', 2, 1, 3, '2016-04-15', '2016-07-15', '2016-05-11 15:41:04', '2016-11-04 22:31:16'),
(2, 'Second  Term 2015 - 2016', 2, 1, 2, '2016-01-11', '2016-04-01', '2016-07-18 20:02:23', '2016-11-04 22:31:16'),
(3, 'First Term 2015 - 2016', 2, 1, 1, '2015-09-21', '2015-12-18', '2016-07-18 20:02:23', '2016-11-04 22:31:16'),
(4, 'First Term 2016 - 2017', 1, 2, 1, '2016-09-19', '2016-12-16', '2016-10-07 17:27:42', '2016-11-04 22:31:16');

-- --------------------------------------------------------

--
-- Table structure for table `academic_years`
--

CREATE TABLE `academic_years` (
  `academic_year_id` int(10) UNSIGNED NOT NULL,
  `academic_year` varchar(100) COLLATE utf8_unicode_ci NOT NULL,
  `status` int(10) UNSIGNED NOT NULL DEFAULT '2',
  `created_at` timestamp NULL DEFAULT NULL,
  `updated_at` timestamp NULL DEFAULT NULL
) ENGINE=InnoDB DEFAULT CHARSET=utf8 COLLATE=utf8_unicode_ci;

--
-- Dumping data for table `academic_years`
--

INSERT INTO `academic_years` (`academic_year_id`, `academic_year`, `status`, `created_at`, `updated_at`) VALUES
(1, '2015 - 2016', 2, '2016-05-11 15:37:05', '2016-10-07 17:26:31'),
(2, '2016 - 2017', 1, '2016-10-07 17:26:31', '2016-10-07 17:26:31');

-- --------------------------------------------------------

--
-- Table structure for table `assessments`
--

CREATE TABLE `assessments` (
  `assessment_id` int(10) UNSIGNED NOT NULL,
  `subject_classroom_id` int(10) UNSIGNED NOT NULL,
  `assessment_setup_detail_id` int(10) UNSIGNED NOT NULL,
  `marked` int(10) UNSIGNED NOT NULL DEFAULT '2'
) ENGINE=InnoDB DEFAULT CHARSET=utf8 COLLATE=utf8_unicode_ci;

--
-- Dumping data for table `assessments`
--

INSERT INTO `assessments` (`assessment_id`, `subject_classroom_id`, `assessment_setup_detail_id`, `marked`) VALUES
(1, 5, 1, 1),
(2, 1, 1, 1),
(3, 3, 1, 1),
(4, 15, 1, 1),
(5, 65, 5, 2),
(6, 5, 2, 1),
(7, 5, 3, 1),
(8, 13, 1, 1),
(9, 13, 2, 1),
(10, 13, 3, 1),
(11, 19, 1, 1),
(12, 19, 2, 1),
(13, 19, 3, 1),
(14, 27, 1, 1),
(15, 27, 2, 1),
(16, 27, 3, 1),
(17, 33, 1, 1),
(18, 33, 2, 1),
(19, 33, 3, 1),
(20, 34, 1, 1),
(21, 34, 2, 1),
(22, 34, 3, 1),
(23, 77, 1, 1),
(24, 77, 2, 1),
(25, 77, 3, 1),
(26, 66, 5, 1),
(27, 66, 6, 1),
(28, 66, 7, 1),
(29, 68, 5, 1),
(30, 68, 6, 1),
(31, 68, 7, 1),
(32, 70, 5, 1),
(33, 70, 6, 1),
(34, 70, 7, 1),
(35, 7, 1, 1),
(36, 3, 2, 1),
(37, 3, 3, 1),
(38, 17, 1, 1),
(39, 7, 2, 1),
(40, 17, 2, 1),
(41, 7, 3, 1),
(42, 17, 3, 1),
(43, 10, 1, 1),
(44, 31, 1, 1),
(45, 10, 2, 1),
(46, 10, 3, 1),
(47, 31, 2, 1),
(48, 31, 3, 1),
(49, 48, 1, 1),
(50, 21, 1, 1),
(51, 39, 1, 1),
(52, 21, 2, 1),
(53, 21, 3, 1),
(54, 48, 2, 1),
(55, 39, 2, 1),
(56, 24, 1, 1),
(57, 48, 3, 1),
(58, 39, 3, 1),
(59, 24, 2, 1),
(60, 24, 3, 1),
(61, 1, 2, 1),
(62, 55, 1, 1),
(63, 1, 3, 1),
(64, 2, 1, 1),
(65, 25, 1, 1),
(66, 2, 2, 1),
(67, 25, 2, 1),
(68, 55, 2, 1),
(69, 55, 3, 1),
(70, 2, 3, 1),
(71, 25, 3, 1),
(72, 11, 1, 1),
(73, 11, 2, 1),
(74, 15, 2, 1),
(75, 11, 3, 1),
(76, 15, 3, 1),
(77, 16, 1, 1),
(78, 16, 2, 1),
(79, 16, 3, 1),
(80, 30, 1, 1),
(81, 30, 2, 1),
(82, 30, 3, 1),
(83, 57, 5, 2),
(84, 45, 1, 1),
(85, 45, 2, 1),
(86, 45, 3, 1),
(87, 53, 1, 1),
(88, 53, 2, 1),
(89, 53, 3, 1),
(90, 29, 1, 1),
(91, 29, 2, 1),
(92, 29, 3, 1),
(93, 35, 1, 1),
(94, 35, 2, 1),
(95, 35, 3, 1),
(96, 38, 1, 1),
(97, 38, 2, 1),
(98, 38, 3, 1),
(99, 89, 8, 1),
(100, 90, 8, 1),
(101, 91, 8, 1),
(102, 92, 8, 1),
(103, 93, 8, 1),
(104, 94, 8, 1),
(105, 95, 8, 1),
(106, 96, 8, 1),
(107, 97, 8, 1),
(108, 98, 8, 1),
(109, 100, 8, 1),
(110, 101, 8, 1),
(111, 102, 8, 1),
(112, 157, 8, 1),
(113, 164, 8, 1),
(114, 103, 8, 1),
(115, 104, 8, 1),
(116, 105, 8, 1),
(117, 106, 8, 1),
(118, 107, 8, 1),
(119, 108, 8, 1),
(120, 110, 8, 1),
(121, 113, 8, 1),
(122, 115, 8, 1),
(123, 109, 8, 1),
(124, 111, 8, 1),
(125, 112, 8, 1),
(126, 114, 8, 1),
(127, 116, 8, 1),
(128, 156, 8, 1),
(129, 166, 8, 1),
(130, 117, 8, 1),
(131, 118, 8, 1),
(132, 119, 8, 1),
(133, 120, 8, 1),
(134, 121, 8, 1),
(135, 122, 8, 1),
(136, 123, 8, 1),
(137, 124, 8, 1),
(138, 125, 8, 1),
(139, 126, 8, 1),
(140, 127, 8, 1),
(141, 159, 8, 1),
(142, 162, 8, 1),
(143, 160, 8, 1),
(144, 161, 8, 1),
(145, 168, 8, 1),
(146, 135, 8, 1),
(147, 138, 8, 1),
(148, 129, 8, 1),
(149, 130, 8, 1),
(150, 131, 8, 1),
(151, 133, 8, 1),
(152, 140, 8, 1),
(153, 132, 8, 1),
(154, 128, 8, 1),
(155, 137, 8, 1),
(156, 136, 8, 1),
(157, 134, 8, 1),
(158, 141, 8, 1),
(159, 158, 8, 1),
(160, 139, 8, 1),
(161, 171, 8, 1),
(162, 170, 8, 1),
(163, 142, 9, 1),
(164, 150, 9, 1),
(165, 143, 9, 1),
(166, 144, 9, 1),
(167, 145, 9, 1),
(168, 147, 9, 1),
(169, 148, 9, 1),
(170, 151, 9, 1),
(171, 152, 9, 1),
(172, 153, 9, 1),
(173, 154, 9, 1),
(174, 155, 9, 1),
(175, 172, 9, 1),
(176, 99, 8, 1),
(177, 314, 15, 1),
(178, 314, 16, 1),
(179, 229, 15, 1),
(180, 320, 15, 1),
(181, 182, 12, 1),
(182, 274, 15, 1),
(183, 340, 12, 1),
(184, 274, 16, 1),
(185, 253, 15, 1),
(186, 253, 16, 1),
(187, 253, 17, 1),
(188, 292, 15, 1),
(189, 342, 12, 1),
(190, 342, 13, 1),
(191, 344, 12, 1),
(192, 343, 12, 1),
(193, 174, 12, 1),
(194, 341, 12, 1),
(195, 183, 12, 1),
(196, 328, 12, 1),
(197, 282, 15, 1),
(198, 282, 16, 1),
(199, 228, 15, 1),
(200, 174, 13, 1),
(201, 228, 16, 1),
(202, 235, 15, 1),
(203, 235, 16, 1),
(204, 328, 13, 1),
(205, 174, 14, 1),
(206, 179, 12, 1),
(207, 328, 14, 1),
(208, 330, 12, 1),
(209, 183, 13, 1),
(210, 330, 13, 1),
(211, 340, 13, 1),
(212, 209, 12, 1),
(213, 183, 14, 1),
(214, 330, 14, 1),
(215, 192, 12, 1),
(216, 332, 12, 1),
(217, 209, 13, 1),
(218, 188, 12, 1),
(219, 332, 13, 1),
(220, 197, 12, 1),
(221, 191, 12, 1),
(222, 192, 13, 1),
(223, 332, 14, 1),
(224, 175, 12, 1),
(225, 192, 14, 1),
(226, 322, 12, 1),
(227, 321, 12, 1),
(228, 184, 12, 1),
(229, 329, 12, 1),
(230, 191, 13, 1),
(231, 201, 12, 1),
(232, 200, 12, 1),
(233, 329, 13, 1),
(234, 201, 13, 1),
(235, 200, 13, 1),
(236, 329, 14, 1),
(237, 331, 12, 1),
(238, 201, 14, 1),
(239, 188, 13, 1),
(240, 210, 12, 1),
(241, 331, 13, 1),
(242, 331, 14, 1),
(243, 210, 13, 1),
(244, 182, 13, 1),
(245, 210, 14, 1),
(246, 215, 12, 1),
(247, 173, 12, 1),
(248, 232, 15, 1),
(249, 232, 16, 1),
(250, 232, 17, 1),
(251, 244, 15, 1),
(252, 215, 13, 1),
(253, 244, 16, 1),
(254, 244, 17, 1),
(255, 173, 13, 1),
(256, 263, 15, 1),
(257, 263, 16, 1),
(258, 263, 17, 1),
(259, 233, 15, 1),
(260, 256, 15, 1),
(261, 256, 16, 1),
(262, 256, 17, 1),
(263, 175, 13, 1),
(264, 215, 14, 1),
(265, 175, 14, 1),
(266, 248, 15, 1),
(267, 278, 15, 1),
(268, 278, 16, 1),
(269, 278, 17, 1),
(270, 295, 15, 1),
(271, 295, 16, 1),
(272, 295, 17, 1),
(273, 310, 15, 1),
(274, 310, 16, 1),
(275, 179, 13, 1),
(276, 310, 17, 1),
(277, 179, 14, 1),
(278, 248, 16, 1),
(279, 248, 17, 1),
(280, 221, 15, 1),
(281, 315, 15, 1),
(282, 184, 13, 1),
(283, 188, 14, 1),
(284, 315, 16, 1),
(285, 315, 17, 1),
(286, 197, 13, 1),
(287, 184, 14, 1),
(288, 197, 14, 1),
(289, 206, 12, 1),
(290, 206, 13, 1),
(291, 206, 14, 1),
(292, 321, 13, 1),
(293, 321, 14, 1),
(294, 233, 16, 1),
(295, 233, 17, 1),
(296, 238, 15, 1),
(297, 238, 16, 1),
(298, 221, 16, 1),
(299, 238, 17, 1),
(300, 241, 15, 1),
(301, 221, 17, 1),
(302, 241, 16, 1),
(303, 241, 17, 1),
(304, 229, 16, 1),
(305, 273, 15, 1),
(306, 273, 16, 1),
(307, 273, 17, 1),
(308, 265, 15, 1),
(309, 265, 16, 1),
(310, 265, 17, 1),
(311, 258, 15, 1),
(312, 258, 16, 1),
(313, 258, 17, 1),
(314, 246, 15, 1),
(315, 246, 16, 1),
(316, 246, 17, 1),
(317, 340, 14, 1),
(318, 176, 12, 1),
(319, 245, 15, 1),
(320, 245, 16, 1),
(321, 245, 17, 1),
(322, 264, 15, 1),
(323, 264, 16, 1),
(324, 264, 17, 1),
(325, 279, 15, 1),
(326, 279, 16, 1),
(327, 279, 17, 1),
(328, 296, 15, 1),
(329, 296, 16, 1),
(330, 296, 17, 1),
(331, 311, 15, 1),
(332, 311, 16, 1),
(333, 311, 17, 1),
(334, 194, 12, 1),
(335, 305, 15, 1),
(336, 194, 13, 1),
(337, 290, 15, 1),
(338, 194, 14, 1),
(339, 290, 16, 1),
(340, 290, 17, 1),
(341, 212, 12, 1),
(342, 297, 15, 1),
(343, 297, 16, 1),
(344, 297, 17, 1),
(345, 305, 16, 1),
(346, 305, 17, 1),
(347, 212, 13, 1),
(348, 280, 15, 1),
(349, 212, 14, 1),
(350, 280, 16, 1),
(351, 280, 17, 1),
(352, 203, 12, 1),
(353, 203, 13, 1),
(354, 193, 12, 1),
(355, 203, 14, 1),
(356, 193, 13, 1),
(357, 193, 14, 1),
(358, 185, 12, 1),
(359, 202, 12, 1),
(360, 185, 13, 1),
(361, 185, 14, 1),
(362, 202, 13, 1),
(363, 202, 14, 1),
(364, 176, 13, 1),
(365, 176, 14, 1),
(366, 323, 12, 1),
(367, 323, 13, 1),
(368, 323, 14, 1),
(369, 211, 12, 1),
(370, 252, 15, 1),
(371, 252, 16, 1),
(372, 252, 17, 1),
(373, 306, 15, 1),
(374, 306, 16, 1),
(375, 275, 15, 1),
(376, 306, 17, 1),
(377, 275, 16, 1),
(378, 275, 17, 1),
(379, 291, 15, 1),
(380, 291, 16, 1),
(381, 291, 17, 1),
(382, 307, 15, 1),
(383, 307, 16, 1),
(384, 307, 17, 1),
(385, 324, 12, 1),
(386, 324, 13, 1),
(387, 324, 14, 1),
(388, 186, 12, 1),
(389, 335, 12, 1),
(390, 181, 12, 1),
(391, 299, 15, 1),
(392, 299, 17, 1),
(393, 211, 13, 1),
(394, 211, 14, 1),
(395, 325, 12, 1),
(396, 325, 13, 1),
(397, 325, 14, 1),
(398, 341, 13, 1),
(399, 341, 14, 1),
(400, 342, 14, 1),
(401, 343, 13, 1),
(402, 343, 14, 1),
(403, 344, 13, 1),
(404, 344, 14, 1),
(405, 229, 17, 1),
(406, 259, 15, 1),
(407, 259, 16, 1),
(408, 259, 17, 1),
(409, 320, 16, 1),
(410, 320, 17, 1),
(411, 267, 15, 1),
(412, 267, 16, 1),
(413, 267, 17, 1),
(414, 260, 15, 1),
(415, 260, 16, 1),
(416, 260, 17, 1),
(417, 292, 16, 1),
(418, 292, 17, 1),
(419, 299, 16, 1),
(420, 314, 17, 1),
(421, 180, 12, 1),
(422, 283, 15, 1),
(423, 327, 12, 1),
(424, 327, 13, 1),
(425, 327, 14, 1),
(426, 326, 12, 1),
(427, 234, 15, 1),
(428, 234, 16, 1),
(429, 234, 17, 1),
(430, 239, 15, 1),
(431, 239, 16, 1),
(432, 239, 17, 1),
(433, 190, 12, 1),
(434, 186, 13, 1),
(435, 190, 13, 1),
(436, 186, 14, 1),
(437, 372, 12, 1),
(438, 337, 12, 1),
(439, 337, 13, 1),
(440, 337, 14, 1),
(441, 338, 12, 1),
(442, 338, 13, 1),
(443, 338, 14, 1),
(444, 339, 12, 1),
(445, 339, 13, 1),
(446, 339, 14, 1),
(447, 335, 13, 1),
(448, 335, 14, 1),
(449, 336, 12, 1),
(450, 336, 13, 1),
(451, 336, 14, 1),
(452, 254, 15, 1),
(453, 284, 15, 1),
(454, 269, 15, 1),
(455, 254, 16, 1),
(456, 173, 14, 1),
(457, 182, 14, 1),
(458, 191, 14, 1),
(459, 200, 14, 1),
(460, 209, 14, 1),
(461, 228, 17, 1),
(462, 235, 17, 1),
(463, 274, 17, 1),
(464, 282, 17, 1),
(465, 370, 12, 1),
(466, 370, 13, 1),
(467, 370, 14, 1),
(468, 371, 12, 1),
(469, 371, 13, 1),
(470, 371, 14, 1),
(471, 198, 12, 1),
(472, 198, 13, 1),
(473, 198, 14, 1),
(474, 207, 12, 1),
(475, 207, 13, 1),
(476, 207, 14, 1),
(477, 373, 12, 1),
(478, 373, 13, 1),
(479, 373, 14, 1),
(480, 374, 12, 1),
(481, 374, 13, 1),
(482, 374, 14, 1),
(483, 216, 12, 1),
(484, 216, 13, 1),
(485, 216, 14, 1),
(486, 230, 15, 1),
(487, 242, 15, 1),
(488, 366, 12, 1),
(489, 366, 13, 1),
(490, 366, 14, 1),
(491, 365, 12, 1),
(492, 365, 13, 1),
(493, 365, 14, 1),
(494, 367, 12, 1),
(495, 367, 13, 1),
(496, 367, 14, 1),
(497, 368, 12, 1),
(498, 368, 13, 1),
(499, 368, 14, 1),
(500, 369, 12, 1),
(501, 369, 13, 1),
(502, 369, 14, 1),
(503, 180, 13, 1),
(504, 180, 14, 1),
(505, 189, 12, 1),
(506, 189, 13, 1),
(507, 189, 14, 1),
(508, 225, 15, 1),
(509, 225, 16, 1),
(510, 225, 17, 1),
(511, 268, 15, 1),
(512, 268, 16, 1),
(513, 268, 17, 1),
(514, 249, 15, 1),
(515, 249, 16, 1),
(516, 249, 17, 1),
(517, 236, 15, 1),
(518, 236, 16, 1),
(519, 236, 17, 1),
(520, 240, 15, 1),
(521, 240, 16, 1),
(522, 240, 17, 1),
(523, 227, 15, 1),
(524, 227, 16, 1),
(525, 227, 17, 1),
(526, 281, 15, 1),
(527, 281, 16, 1),
(528, 281, 17, 1),
(529, 298, 15, 1),
(530, 298, 16, 1),
(531, 298, 17, 1),
(532, 313, 15, 1),
(533, 247, 15, 1),
(534, 247, 16, 1),
(535, 247, 17, 1),
(536, 266, 15, 1),
(537, 266, 16, 1),
(538, 266, 17, 1),
(539, 375, 12, 1),
(540, 316, 15, 1),
(541, 316, 16, 1),
(542, 316, 17, 1),
(543, 283, 16, 1),
(544, 283, 17, 1),
(545, 313, 16, 1),
(546, 313, 17, 1),
(547, 257, 15, 1),
(548, 257, 16, 1),
(549, 257, 17, 1),
(550, 285, 15, 1),
(551, 285, 16, 1),
(552, 285, 17, 1),
(553, 300, 15, 1),
(554, 300, 16, 1),
(555, 300, 17, 1),
(556, 375, 13, 1),
(557, 375, 14, 1),
(558, 333, 12, 1),
(559, 333, 13, 1),
(560, 333, 14, 1),
(561, 334, 12, 1),
(562, 334, 13, 1),
(563, 334, 14, 1),
(564, 288, 15, 1),
(565, 288, 16, 1),
(566, 288, 17, 1),
(567, 272, 15, 1),
(568, 276, 15, 1),
(569, 312, 15, 1),
(570, 312, 16, 1),
(571, 312, 17, 1),
(572, 230, 16, 1),
(573, 272, 16, 1),
(574, 230, 17, 1),
(575, 272, 17, 1),
(576, 289, 15, 1),
(577, 242, 16, 1),
(578, 242, 17, 1),
(579, 261, 15, 1),
(580, 261, 16, 1),
(581, 261, 17, 1),
(582, 289, 16, 1),
(583, 289, 17, 1),
(584, 304, 15, 1),
(585, 276, 16, 1),
(586, 304, 16, 1),
(587, 304, 17, 1),
(588, 276, 17, 1),
(589, 293, 15, 1),
(590, 293, 16, 1),
(591, 293, 17, 1),
(592, 308, 15, 1),
(593, 308, 16, 1),
(594, 308, 17, 1),
(595, 376, 12, 1),
(596, 326, 13, 1),
(597, 326, 14, 1),
(598, 376, 13, 1),
(599, 376, 14, 1),
(600, 322, 13, 1),
(601, 345, 12, 1),
(602, 322, 14, 1),
(603, 345, 13, 1),
(604, 345, 14, 1),
(605, 346, 12, 1),
(606, 346, 13, 1),
(607, 178, 12, 1),
(608, 178, 13, 1),
(609, 178, 14, 1),
(610, 187, 12, 1),
(611, 187, 13, 1),
(612, 187, 14, 1),
(613, 346, 14, 1),
(614, 196, 12, 1),
(615, 196, 13, 1),
(616, 196, 14, 1),
(617, 347, 12, 1),
(618, 205, 12, 1),
(619, 205, 13, 1),
(620, 347, 13, 1),
(621, 205, 14, 1),
(622, 214, 12, 1),
(623, 214, 13, 1),
(624, 214, 14, 1),
(625, 347, 14, 1),
(626, 348, 12, 1),
(627, 348, 13, 1),
(628, 348, 14, 1),
(629, 372, 13, 1),
(630, 349, 12, 1),
(631, 349, 13, 1),
(632, 372, 14, 1),
(633, 349, 14, 1),
(634, 195, 12, 1),
(635, 195, 13, 1),
(636, 195, 14, 1),
(637, 284, 16, 1),
(638, 284, 17, 1),
(639, 204, 12, 1),
(640, 301, 15, 1),
(641, 301, 17, 1),
(642, 301, 16, 1),
(643, 204, 13, 1),
(644, 317, 15, 1),
(645, 317, 16, 1),
(646, 317, 17, 1),
(647, 204, 14, 1),
(648, 213, 12, 1),
(649, 231, 15, 1),
(650, 213, 13, 1),
(651, 213, 14, 1),
(652, 231, 16, 1),
(653, 231, 17, 1),
(654, 243, 15, 1),
(655, 243, 16, 1),
(656, 243, 17, 1),
(657, 262, 15, 1),
(658, 262, 16, 1),
(659, 262, 17, 1),
(660, 277, 15, 1),
(661, 181, 13, 1),
(662, 277, 16, 1),
(663, 277, 17, 1),
(664, 294, 15, 1),
(665, 181, 14, 1),
(666, 294, 16, 1),
(667, 294, 17, 1),
(668, 309, 15, 1),
(669, 309, 16, 1),
(670, 309, 17, 1),
(671, 190, 14, 1),
(672, 199, 12, 1),
(673, 199, 13, 1),
(674, 199, 14, 1),
(675, 208, 12, 1),
(676, 208, 13, 1),
(677, 208, 14, 1),
(678, 217, 12, 1),
(679, 217, 13, 1),
(680, 217, 14, 1),
(681, 251, 15, 1),
(682, 251, 16, 1),
(683, 251, 17, 1),
(684, 255, 15, 1),
(685, 255, 16, 1),
(686, 255, 17, 1),
(687, 271, 15, 1),
(688, 271, 16, 1),
(689, 271, 17, 1),
(690, 287, 15, 1),
(691, 287, 16, 1),
(692, 287, 17, 1),
(693, 303, 15, 1),
(694, 303, 16, 1),
(695, 303, 17, 1),
(696, 319, 15, 1),
(697, 319, 16, 1),
(698, 319, 17, 1),
(699, 254, 17, 1),
(700, 269, 16, 1),
(701, 269, 17, 1);

-- --------------------------------------------------------

--
-- Table structure for table `assessment_details`
--

CREATE TABLE `assessment_details` (
  `assessment_detail_id` int(10) UNSIGNED NOT NULL,
  `student_id` int(10) UNSIGNED NOT NULL,
  `score` double(8,2) UNSIGNED NOT NULL DEFAULT '0.00',
  `assessment_id` int(10) UNSIGNED NOT NULL
) ENGINE=InnoDB DEFAULT CHARSET=utf8 COLLATE=utf8_unicode_ci;

--
-- Dumping data for table `assessment_details`
--

INSERT INTO `assessment_details` (`assessment_detail_id`, `student_id`, `score`, `assessment_id`) VALUES
(1, 1, 8.00, 1),
(2, 2, 8.00, 1),
(4, 4, 8.00, 1),
(5, 5, 8.00, 1),
(6, 6, 8.00, 1),
(7, 7, 7.00, 1),
(8, 8, 8.00, 1),
(9, 9, 8.00, 1),
(10, 10, 2.00, 1),
(11, 44, 8.00, 1),
(16, 1, 5.00, 2),
(17, 2, 7.00, 2),
(18, 4, 2.00, 2),
(19, 5, 7.00, 2),
(20, 6, 6.00, 2),
(21, 7, 7.00, 2),
(22, 8, 6.00, 2),
(23, 9, 7.00, 2),
(24, 10, 2.00, 2),
(25, 44, 5.00, 2),
(31, 1, 10.00, 3),
(32, 2, 10.00, 3),
(34, 4, 10.00, 3),
(35, 5, 10.00, 3),
(36, 6, 10.00, 3),
(37, 7, 10.00, 3),
(38, 8, 10.00, 3),
(39, 9, 10.00, 3),
(40, 10, 10.00, 3),
(41, 44, 10.00, 3),
(46, 11, 9.00, 4),
(47, 12, 6.00, 4),
(48, 13, 8.00, 4),
(49, 14, 4.00, 4),
(50, 15, 8.00, 4),
(51, 17, 8.00, 4),
(52, 19, 7.00, 4),
(53, 45, 8.00, 4),
(54, 47, 6.00, 4),
(61, 38, 0.00, 5),
(62, 39, 0.00, 5),
(63, 40, 0.00, 5),
(64, 41, 0.00, 5),
(65, 42, 0.00, 5),
(68, 1, 10.00, 6),
(69, 2, 17.00, 6),
(71, 4, 10.00, 6),
(72, 5, 17.00, 6),
(73, 6, 12.00, 6),
(74, 7, 13.00, 6),
(75, 8, 12.00, 6),
(76, 9, 15.00, 6),
(77, 10, 2.00, 6),
(78, 44, 13.00, 6),
(83, 1, 10.00, 7),
(84, 2, 10.00, 7),
(86, 4, 10.00, 7),
(87, 5, 10.00, 7),
(88, 6, 10.00, 7),
(89, 7, 10.00, 7),
(90, 8, 10.00, 7),
(91, 9, 10.00, 7),
(92, 10, 10.00, 7),
(93, 44, 10.00, 7),
(98, 1, 7.00, 8),
(99, 2, 10.00, 8),
(101, 4, 4.00, 8),
(102, 5, 9.00, 8),
(103, 6, 8.00, 8),
(104, 7, 9.00, 8),
(105, 8, 8.00, 8),
(106, 9, 9.00, 8),
(107, 10, 2.00, 8),
(108, 44, 6.00, 8),
(113, 1, 10.00, 9),
(114, 2, 14.00, 9),
(116, 4, 8.00, 9),
(117, 5, 10.00, 9),
(118, 6, 10.00, 9),
(119, 7, 8.00, 9),
(120, 8, 18.00, 9),
(121, 9, 8.00, 9),
(122, 10, 2.00, 9),
(123, 44, 10.00, 9),
(128, 1, 10.00, 10),
(129, 2, 10.00, 10),
(131, 4, 10.00, 10),
(132, 5, 10.00, 10),
(133, 6, 10.00, 10),
(134, 7, 10.00, 10),
(135, 8, 10.00, 10),
(136, 9, 10.00, 10),
(137, 10, 10.00, 10),
(138, 44, 10.00, 10),
(143, 11, 6.00, 11),
(144, 12, 8.00, 11),
(145, 13, 8.00, 11),
(146, 14, 4.00, 11),
(147, 15, 7.00, 11),
(148, 17, 8.00, 11),
(149, 19, 7.00, 11),
(150, 45, 7.00, 11),
(151, 47, 7.00, 11),
(158, 11, 14.00, 12),
(159, 12, 17.00, 12),
(160, 13, 15.00, 12),
(161, 14, 10.00, 12),
(162, 15, 12.00, 12),
(163, 17, 13.00, 12),
(164, 19, 10.00, 12),
(165, 45, 12.00, 12),
(166, 47, 14.00, 12),
(173, 11, 10.00, 13),
(174, 12, 10.00, 13),
(175, 13, 10.00, 13),
(176, 14, 10.00, 13),
(177, 15, 10.00, 13),
(178, 17, 10.00, 13),
(179, 19, 10.00, 13),
(180, 45, 10.00, 13),
(181, 47, 10.00, 13),
(188, 11, 8.00, 14),
(189, 12, 9.00, 14),
(190, 13, 8.00, 14),
(191, 14, 6.00, 14),
(192, 15, 7.00, 14),
(193, 17, 6.00, 14),
(194, 19, 7.00, 14),
(195, 45, 8.00, 14),
(196, 47, 8.00, 14),
(203, 11, 15.00, 15),
(204, 12, 19.00, 15),
(205, 13, 16.00, 15),
(206, 14, 6.00, 15),
(207, 15, 10.00, 15),
(208, 17, 14.00, 15),
(209, 19, 18.00, 15),
(210, 45, 13.00, 15),
(211, 47, 18.00, 15),
(218, 11, 10.00, 16),
(219, 12, 10.00, 16),
(220, 13, 10.00, 16),
(221, 14, 10.00, 16),
(222, 15, 10.00, 16),
(223, 17, 10.00, 16),
(224, 19, 10.00, 16),
(225, 45, 10.00, 16),
(226, 47, 10.00, 16),
(233, 20, 6.00, 17),
(234, 21, 9.00, 17),
(235, 22, 5.00, 17),
(237, 24, 10.00, 17),
(238, 25, 5.00, 17),
(239, 26, 9.00, 17),
(240, 27, 6.00, 17),
(241, 28, 8.00, 17),
(248, 20, 13.00, 18),
(249, 21, 19.00, 18),
(250, 22, 16.00, 18),
(252, 24, 19.00, 18),
(253, 25, 16.00, 18),
(254, 26, 16.00, 18),
(255, 27, 6.00, 18),
(256, 28, 16.00, 18),
(263, 20, 10.00, 19),
(264, 21, 10.00, 19),
(265, 22, 10.00, 19),
(267, 24, 10.00, 19),
(268, 25, 10.00, 19),
(269, 26, 10.00, 19),
(270, 27, 10.00, 19),
(271, 28, 10.00, 19),
(278, 20, 5.00, 20),
(279, 21, 9.00, 20),
(280, 22, 7.00, 20),
(281, 23, 5.00, 20),
(282, 24, 9.00, 20),
(283, 25, 10.00, 20),
(284, 26, 4.00, 20),
(285, 27, 5.00, 20),
(286, 28, 6.00, 20),
(293, 20, 9.00, 21),
(294, 21, 17.00, 21),
(295, 22, 15.00, 21),
(296, 23, 8.00, 21),
(297, 24, 19.00, 21),
(298, 25, 17.00, 21),
(299, 26, 10.00, 21),
(300, 27, 8.00, 21),
(301, 28, 17.00, 21),
(308, 20, 10.00, 22),
(309, 21, 10.00, 22),
(310, 22, 10.00, 22),
(311, 23, 10.00, 22),
(312, 24, 10.00, 22),
(313, 25, 10.00, 22),
(314, 26, 10.00, 22),
(315, 27, 10.00, 22),
(316, 28, 10.00, 22),
(323, 20, 5.00, 23),
(324, 21, 9.00, 23),
(325, 22, 8.00, 23),
(326, 23, 6.00, 23),
(327, 24, 9.00, 23),
(328, 25, 10.00, 23),
(329, 26, 6.00, 23),
(330, 27, 6.00, 23),
(331, 28, 7.00, 23),
(338, 20, 14.00, 24),
(339, 21, 17.00, 24),
(340, 22, 14.00, 24),
(341, 23, 14.00, 24),
(342, 24, 18.00, 24),
(343, 25, 17.00, 24),
(344, 26, 12.00, 24),
(345, 27, 14.00, 24),
(346, 28, 13.00, 24),
(353, 20, 10.00, 25),
(354, 21, 10.00, 25),
(355, 22, 10.00, 25),
(356, 23, 10.00, 25),
(357, 24, 10.00, 25),
(358, 25, 10.00, 25),
(359, 26, 10.00, 25),
(360, 27, 10.00, 25),
(361, 28, 10.00, 25),
(368, 38, 7.00, 26),
(369, 40, 4.00, 26),
(370, 41, 3.00, 26),
(371, 42, 0.00, 26),
(375, 38, 14.00, 27),
(376, 40, 16.00, 27),
(377, 41, 10.00, 27),
(378, 42, 0.00, 27),
(382, 38, 10.00, 28),
(383, 40, 10.00, 28),
(384, 41, 10.00, 28),
(385, 42, 10.00, 28),
(386, 38, 8.00, 29),
(387, 39, 7.00, 29),
(388, 40, 8.00, 29),
(389, 41, 6.00, 29),
(390, 42, 7.00, 29),
(393, 43, 9.00, 29),
(394, 38, 15.00, 30),
(395, 39, 14.00, 30),
(396, 40, 16.00, 30),
(397, 41, 12.00, 30),
(398, 42, 13.00, 30),
(399, 43, 17.00, 30),
(401, 38, 7.00, 31),
(402, 39, 7.00, 31),
(403, 40, 7.00, 31),
(404, 41, 5.00, 31),
(405, 42, 5.00, 31),
(406, 43, 7.00, 31),
(408, 39, 7.00, 32),
(409, 43, 8.00, 32),
(411, 39, 13.00, 33),
(412, 43, 16.00, 33),
(414, 39, 7.00, 34),
(415, 43, 8.00, 34),
(417, 1, 8.00, 35),
(418, 2, 9.00, 35),
(419, 4, 4.00, 35),
(420, 5, 8.00, 35),
(421, 6, 6.00, 35),
(422, 7, 9.00, 35),
(423, 8, 9.00, 35),
(424, 9, 8.00, 35),
(425, 10, 3.00, 35),
(426, 44, 8.00, 35),
(432, 1, 10.00, 36),
(433, 2, 18.00, 36),
(434, 4, 10.00, 36),
(435, 5, 12.00, 36),
(436, 6, 14.00, 36),
(437, 7, 12.00, 36),
(438, 8, 17.00, 36),
(439, 9, 18.00, 36),
(440, 10, 10.00, 36),
(441, 44, 14.00, 36),
(447, 1, 6.00, 37),
(448, 2, 9.00, 37),
(449, 4, 4.00, 37),
(450, 5, 7.00, 37),
(451, 6, 8.00, 37),
(452, 7, 7.00, 37),
(453, 8, 7.00, 37),
(454, 9, 8.00, 37),
(455, 10, 5.00, 37),
(456, 44, 8.00, 37),
(462, 11, 10.00, 38),
(463, 12, 10.00, 38),
(464, 13, 10.00, 38),
(465, 14, 10.00, 38),
(466, 15, 10.00, 38),
(467, 17, 10.00, 38),
(468, 19, 10.00, 38),
(469, 45, 10.00, 38),
(470, 47, 10.00, 38),
(477, 1, 16.00, 39),
(478, 2, 9.00, 39),
(479, 4, 8.00, 39),
(480, 5, 16.00, 39),
(481, 6, 15.00, 39),
(482, 7, 15.00, 39),
(483, 8, 18.00, 39),
(484, 9, 16.00, 39),
(485, 10, 9.00, 39),
(486, 44, 16.00, 39),
(492, 11, 15.00, 40),
(493, 12, 20.00, 40),
(494, 13, 19.00, 40),
(495, 14, 12.00, 40),
(496, 15, 13.00, 40),
(497, 17, 18.00, 40),
(498, 19, 20.00, 40),
(499, 45, 11.00, 40),
(500, 47, 12.00, 40),
(507, 1, 8.00, 41),
(508, 2, 8.00, 41),
(509, 4, 4.00, 41),
(510, 5, 8.00, 41),
(511, 6, 7.00, 41),
(512, 7, 5.00, 41),
(513, 8, 8.00, 41),
(514, 9, 7.00, 41),
(515, 10, 3.00, 41),
(516, 44, 9.00, 41),
(522, 11, 9.00, 42),
(523, 12, 6.00, 42),
(524, 13, 7.00, 42),
(525, 14, 7.00, 42),
(526, 15, 6.00, 42),
(527, 17, 7.00, 42),
(528, 19, 9.00, 42),
(529, 45, 8.00, 42),
(530, 47, 7.00, 42),
(537, 1, 9.00, 43),
(538, 2, 9.00, 43),
(539, 4, 9.00, 43),
(540, 5, 8.00, 43),
(541, 6, 10.00, 43),
(542, 7, 8.00, 43),
(543, 8, 8.00, 43),
(544, 9, 8.00, 43),
(545, 10, 8.00, 43),
(546, 44, 8.00, 43),
(552, 20, 9.00, 44),
(553, 21, 9.00, 44),
(554, 22, 8.00, 44),
(555, 23, 6.00, 44),
(556, 24, 9.00, 44),
(557, 25, 8.00, 44),
(558, 26, 7.00, 44),
(559, 27, 7.00, 44),
(560, 28, 7.00, 44),
(567, 1, 15.00, 45),
(568, 2, 18.00, 45),
(569, 4, 15.00, 45),
(570, 5, 16.00, 45),
(571, 6, 17.00, 45),
(572, 7, 16.00, 45),
(573, 8, 16.00, 45),
(574, 9, 16.00, 45),
(575, 10, 12.00, 45),
(576, 44, 16.00, 45),
(582, 1, 5.00, 46),
(583, 2, 8.00, 46),
(584, 4, 5.00, 46),
(585, 5, 9.00, 46),
(586, 6, 10.00, 46),
(587, 7, 9.00, 46),
(588, 8, 9.00, 46),
(589, 9, 9.00, 46),
(590, 10, 7.00, 46),
(591, 44, 8.00, 46),
(597, 20, 16.00, 47),
(598, 21, 18.00, 47),
(599, 22, 15.00, 47),
(600, 23, 13.00, 47),
(601, 24, 16.00, 47),
(602, 25, 16.00, 47),
(603, 26, 14.00, 47),
(604, 27, 14.00, 47),
(605, 28, 13.00, 47),
(612, 20, 8.00, 48),
(613, 21, 9.00, 48),
(614, 22, 7.00, 48),
(615, 23, 6.00, 48),
(616, 24, 8.00, 48),
(617, 25, 7.00, 48),
(618, 26, 6.00, 48),
(619, 27, 7.00, 48),
(620, 28, 6.00, 48),
(627, 29, 7.00, 49),
(628, 30, 10.00, 49),
(629, 32, 7.00, 49),
(630, 33, 9.00, 49),
(631, 34, 8.00, 49),
(632, 35, 6.00, 49),
(633, 36, 10.00, 49),
(634, 37, 9.00, 49),
(642, 11, 5.00, 50),
(643, 12, 5.00, 50),
(644, 13, 10.00, 50),
(645, 14, 4.00, 50),
(646, 15, 5.00, 50),
(647, 17, 5.00, 50),
(648, 19, 7.00, 50),
(649, 45, 8.00, 50),
(650, 47, 5.00, 50),
(657, 20, 10.00, 51),
(658, 21, 10.00, 51),
(659, 22, 10.00, 51),
(660, 23, 10.00, 51),
(661, 24, 10.00, 51),
(662, 25, 10.00, 51),
(663, 26, 10.00, 51),
(664, 27, 10.00, 51),
(665, 28, 10.00, 51),
(672, 11, 15.00, 52),
(673, 12, 18.00, 52),
(674, 13, 14.00, 52),
(675, 14, 10.00, 52),
(676, 15, 10.00, 52),
(677, 17, 12.00, 52),
(678, 19, 20.00, 52),
(679, 45, 15.00, 52),
(680, 47, 13.00, 52),
(687, 11, 5.00, 53),
(688, 12, 5.00, 53),
(689, 13, 10.00, 53),
(690, 14, 4.00, 53),
(691, 15, 4.00, 53),
(692, 17, 5.00, 53),
(693, 19, 7.00, 53),
(694, 45, 8.00, 53),
(695, 47, 5.00, 53),
(702, 29, 14.00, 54),
(703, 30, 12.00, 54),
(704, 32, 14.00, 54),
(705, 33, 10.00, 54),
(706, 34, 10.00, 54),
(707, 35, 12.00, 54),
(708, 36, 14.00, 54),
(709, 37, 14.00, 54),
(717, 20, 10.00, 55),
(718, 21, 16.00, 55),
(719, 22, 12.00, 55),
(720, 23, 10.00, 55),
(721, 24, 14.00, 55),
(722, 25, 13.00, 55),
(723, 26, 9.00, 55),
(724, 27, 10.00, 55),
(725, 28, 10.00, 55),
(732, 11, 9.00, 56),
(733, 12, 8.00, 56),
(734, 13, 9.00, 56),
(735, 14, 5.00, 56),
(736, 15, 5.00, 56),
(737, 17, 5.00, 56),
(738, 19, 5.00, 56),
(739, 45, 5.00, 56),
(740, 47, 5.00, 56),
(747, 29, 7.00, 57),
(748, 30, 10.00, 57),
(749, 32, 7.00, 57),
(750, 33, 10.00, 57),
(751, 34, 7.00, 57),
(752, 35, 6.00, 57),
(753, 36, 10.00, 57),
(754, 37, 9.00, 57),
(762, 20, 5.00, 58),
(763, 21, 8.00, 58),
(764, 22, 0.00, 58),
(765, 23, 5.00, 58),
(766, 24, 6.00, 58),
(767, 25, 5.00, 58),
(768, 26, 5.00, 58),
(769, 27, 5.00, 58),
(770, 28, 5.00, 58),
(777, 11, 15.00, 59),
(778, 12, 16.00, 59),
(779, 13, 20.00, 59),
(780, 14, 10.00, 59),
(781, 15, 10.00, 59),
(782, 17, 15.00, 59),
(783, 19, 15.00, 59),
(784, 45, 10.00, 59),
(785, 47, 10.00, 59),
(792, 11, 8.00, 60),
(793, 12, 9.00, 60),
(794, 13, 9.00, 60),
(795, 14, 5.00, 60),
(796, 15, 4.00, 60),
(797, 17, 4.00, 60),
(798, 19, 4.00, 60),
(799, 45, 3.00, 60),
(800, 47, 5.00, 60),
(807, 1, 16.00, 61),
(808, 2, 19.00, 61),
(809, 4, 15.00, 61),
(810, 5, 19.00, 61),
(811, 6, 18.00, 61),
(812, 7, 18.00, 61),
(813, 8, 18.00, 61),
(814, 9, 18.00, 61),
(815, 10, 10.00, 61),
(816, 44, 19.00, 61),
(822, 29, 5.00, 62),
(823, 30, 8.00, 62),
(824, 32, 4.00, 62),
(825, 33, 7.00, 62),
(826, 34, 5.00, 62),
(827, 35, 5.00, 62),
(828, 36, 8.00, 62),
(829, 37, 7.00, 62),
(837, 1, 5.00, 63),
(838, 2, 10.00, 63),
(839, 4, 3.00, 63),
(840, 5, 10.00, 63),
(841, 6, 10.00, 63),
(842, 7, 7.00, 63),
(843, 8, 6.00, 63),
(844, 9, 7.00, 63),
(845, 10, 3.00, 63),
(846, 44, 5.00, 63),
(852, 1, 8.00, 64),
(853, 2, 8.00, 64),
(854, 4, 4.00, 64),
(855, 5, 7.00, 64),
(856, 6, 7.00, 64),
(857, 7, 6.00, 64),
(858, 8, 7.00, 64),
(859, 9, 8.00, 64),
(860, 10, 2.00, 64),
(861, 44, 4.00, 64),
(867, 11, 10.00, 65),
(868, 12, 10.00, 65),
(869, 13, 10.00, 65),
(870, 14, 10.00, 65),
(871, 15, 10.00, 65),
(872, 17, 10.00, 65),
(873, 19, 10.00, 65),
(874, 45, 10.00, 65),
(875, 47, 10.00, 65),
(882, 1, 16.00, 66),
(883, 2, 19.00, 66),
(884, 4, 16.00, 66),
(885, 5, 19.00, 66),
(886, 6, 19.00, 66),
(887, 7, 19.00, 66),
(888, 8, 19.00, 66),
(889, 9, 19.00, 66),
(890, 10, 10.00, 66),
(891, 44, 19.00, 66),
(897, 11, 14.00, 67),
(898, 12, 16.00, 67),
(899, 13, 11.00, 67),
(900, 14, 10.00, 67),
(901, 15, 9.00, 67),
(902, 17, 13.00, 67),
(903, 19, 18.00, 67),
(904, 45, 12.00, 67),
(905, 47, 15.00, 67),
(912, 29, 14.00, 68),
(913, 30, 15.00, 68),
(914, 32, 10.00, 68),
(915, 33, 10.00, 68),
(916, 34, 9.00, 68),
(917, 35, 11.00, 68),
(918, 36, 15.00, 68),
(919, 37, 13.00, 68),
(927, 29, 5.00, 69),
(928, 30, 7.00, 69),
(929, 32, 4.00, 69),
(930, 33, 8.00, 69),
(931, 34, 4.00, 69),
(932, 35, 5.00, 69),
(933, 36, 9.00, 69),
(934, 37, 7.00, 69),
(942, 1, 8.00, 70),
(943, 2, 8.00, 70),
(944, 4, 4.00, 70),
(945, 5, 9.00, 70),
(946, 6, 7.00, 70),
(947, 7, 6.00, 70),
(948, 8, 7.00, 70),
(949, 9, 8.00, 70),
(950, 10, 2.00, 70),
(951, 44, 4.00, 70),
(957, 11, 6.00, 71),
(958, 12, 7.00, 71),
(959, 13, 5.00, 71),
(960, 14, 5.00, 71),
(961, 15, 5.00, 71),
(962, 17, 5.00, 71),
(963, 19, 8.00, 71),
(964, 45, 5.00, 71),
(965, 47, 7.00, 71),
(972, 1, 10.00, 72),
(973, 2, 10.00, 72),
(974, 4, 10.00, 72),
(975, 5, 10.00, 72),
(976, 6, 10.00, 72),
(977, 7, 10.00, 72),
(978, 8, 10.00, 72),
(979, 9, 10.00, 72),
(980, 10, 10.00, 72),
(981, 44, 10.00, 72),
(987, 1, 10.00, 73),
(988, 2, 14.00, 73),
(989, 4, 7.00, 73),
(990, 5, 15.00, 73),
(991, 6, 11.00, 73),
(992, 7, 15.00, 73),
(993, 8, 17.00, 73),
(994, 9, 16.00, 73),
(995, 10, 13.00, 73),
(996, 44, 13.00, 73),
(1002, 11, 19.00, 74),
(1003, 12, 19.00, 74),
(1004, 13, 19.00, 74),
(1005, 14, 19.00, 74),
(1006, 15, 19.00, 74),
(1007, 17, 19.00, 74),
(1008, 19, 19.00, 74),
(1009, 45, 19.00, 74),
(1010, 47, 19.00, 74),
(1017, 1, 5.00, 75),
(1018, 2, 6.00, 75),
(1019, 4, 5.00, 75),
(1020, 5, 7.00, 75),
(1021, 6, 5.00, 75),
(1022, 7, 8.00, 75),
(1023, 8, 8.00, 75),
(1024, 9, 7.00, 75),
(1025, 10, 6.00, 75),
(1026, 44, 6.00, 75),
(1032, 11, 9.00, 76),
(1033, 12, 6.00, 76),
(1034, 13, 8.00, 76),
(1035, 14, 4.00, 76),
(1036, 15, 8.00, 76),
(1037, 17, 9.00, 76),
(1038, 19, 8.00, 76),
(1039, 45, 8.00, 76),
(1040, 47, 6.00, 76),
(1047, 11, 7.00, 77),
(1048, 12, 5.00, 77),
(1049, 13, 9.00, 77),
(1050, 14, 6.00, 77),
(1051, 15, 5.00, 77),
(1052, 17, 7.00, 77),
(1053, 19, 7.00, 77),
(1054, 45, 8.00, 77),
(1062, 11, 19.00, 78),
(1063, 12, 18.00, 78),
(1064, 13, 19.00, 78),
(1065, 14, 19.00, 78),
(1066, 15, 16.00, 78),
(1067, 17, 18.00, 78),
(1068, 19, 19.00, 78),
(1069, 45, 17.00, 78),
(1077, 11, 8.00, 79),
(1078, 12, 5.00, 79),
(1079, 13, 9.00, 79),
(1080, 14, 6.00, 79),
(1081, 15, 5.00, 79),
(1082, 17, 8.00, 79),
(1083, 19, 7.00, 79),
(1084, 45, 8.00, 79),
(1092, 20, 5.00, 80),
(1093, 21, 7.00, 80),
(1094, 22, 8.00, 80),
(1095, 23, 5.00, 80),
(1096, 24, 9.00, 80),
(1097, 25, 5.00, 80),
(1098, 26, 3.00, 80),
(1099, 27, 4.00, 80),
(1100, 28, 6.00, 80),
(1107, 20, 15.00, 81),
(1108, 21, 20.00, 81),
(1109, 22, 18.00, 81),
(1110, 23, 18.00, 81),
(1111, 24, 20.00, 81),
(1112, 25, 18.00, 81),
(1113, 26, 15.00, 81),
(1114, 27, 15.00, 81),
(1115, 28, 17.00, 81),
(1122, 20, 5.00, 82),
(1123, 21, 7.00, 82),
(1124, 22, 7.00, 82),
(1125, 23, 5.00, 82),
(1126, 24, 9.00, 82),
(1127, 25, 5.00, 82),
(1128, 26, 3.00, 82),
(1129, 27, 3.00, 82),
(1130, 28, 6.00, 82),
(1137, 38, 0.00, 83),
(1138, 39, 0.00, 83),
(1139, 40, 0.00, 83),
(1140, 41, 0.00, 83),
(1141, 42, 0.00, 83),
(1142, 43, 0.00, 83),
(1144, 29, 5.00, 84),
(1145, 30, 9.00, 84),
(1146, 32, 8.00, 84),
(1147, 33, 5.00, 84),
(1148, 34, 2.00, 84),
(1149, 35, 9.00, 84),
(1150, 36, 9.00, 84),
(1151, 37, 9.00, 84),
(1159, 29, 10.00, 85),
(1160, 30, 19.00, 85),
(1161, 32, 10.00, 85),
(1162, 33, 14.00, 85),
(1163, 34, 8.00, 85),
(1164, 35, 14.00, 85),
(1165, 36, 12.00, 85),
(1166, 37, 10.00, 85),
(1174, 29, 5.00, 86),
(1175, 30, 9.00, 86),
(1176, 32, 8.00, 86),
(1177, 33, 6.00, 86),
(1178, 34, 2.00, 86),
(1179, 35, 8.00, 86),
(1180, 36, 9.00, 86),
(1181, 37, 7.00, 86),
(1189, 29, 2.00, 87),
(1190, 30, 8.00, 87),
(1191, 32, 4.00, 87),
(1192, 33, 5.00, 87),
(1193, 34, 6.00, 87),
(1194, 35, 5.00, 87),
(1195, 36, 7.00, 87),
(1196, 37, 5.00, 87),
(1204, 29, 10.00, 88),
(1205, 30, 19.00, 88),
(1206, 32, 10.00, 88),
(1207, 33, 10.00, 88),
(1208, 34, 12.00, 88),
(1209, 35, 11.00, 88),
(1210, 36, 15.00, 88),
(1211, 37, 10.00, 88),
(1219, 29, 2.00, 89),
(1220, 30, 6.00, 89),
(1221, 32, 6.00, 89),
(1222, 33, 5.00, 89),
(1223, 34, 7.00, 89),
(1224, 35, 6.00, 89),
(1225, 36, 8.00, 89),
(1226, 37, 5.00, 89),
(1234, 20, 10.00, 90),
(1235, 21, 10.00, 90),
(1236, 22, 10.00, 90),
(1237, 23, 9.00, 90),
(1238, 24, 9.00, 90),
(1239, 25, 9.00, 90),
(1240, 26, 9.00, 90),
(1241, 27, 9.00, 90),
(1242, 28, 10.00, 90),
(1249, 20, 15.00, 91),
(1250, 21, 15.00, 91),
(1251, 22, 15.00, 91),
(1252, 23, 9.00, 91),
(1253, 24, 15.00, 91),
(1254, 25, 15.00, 91),
(1255, 26, 12.00, 91),
(1256, 27, 10.00, 91),
(1257, 28, 15.00, 91),
(1264, 20, 10.00, 92),
(1265, 21, 10.00, 92),
(1266, 22, 9.00, 92),
(1267, 23, 9.00, 92),
(1268, 24, 10.00, 92),
(1269, 25, 9.00, 92),
(1270, 26, 4.00, 92),
(1271, 27, 10.00, 92),
(1272, 28, 10.00, 92),
(1279, 20, 5.00, 93),
(1280, 21, 10.00, 93),
(1281, 22, 9.00, 93),
(1282, 23, 9.00, 93),
(1283, 24, 9.00, 93),
(1284, 25, 9.00, 93),
(1285, 26, 4.00, 93),
(1286, 27, 5.00, 93),
(1287, 28, 4.00, 93),
(1294, 20, 9.00, 94),
(1295, 21, 16.00, 94),
(1296, 22, 10.00, 94),
(1297, 23, 11.00, 94),
(1298, 24, 18.00, 94),
(1299, 25, 11.00, 94),
(1300, 26, 9.00, 94),
(1301, 27, 7.00, 94),
(1302, 28, 10.00, 94),
(1309, 20, 6.00, 95),
(1310, 21, 10.00, 95),
(1311, 22, 10.00, 95),
(1312, 23, 4.00, 95),
(1313, 24, 10.00, 95),
(1314, 25, 4.00, 95),
(1315, 26, 3.00, 95),
(1316, 27, 5.00, 95),
(1317, 28, 5.00, 95),
(1324, 20, 5.00, 96),
(1325, 21, 10.00, 96),
(1326, 22, 9.00, 96),
(1327, 23, 9.00, 96),
(1328, 24, 9.00, 96),
(1329, 25, 9.00, 96),
(1330, 26, 4.00, 96),
(1331, 27, 5.00, 96),
(1332, 28, 4.00, 96),
(1339, 20, 9.00, 97),
(1340, 21, 16.00, 97),
(1341, 22, 10.00, 97),
(1342, 23, 11.00, 97),
(1343, 24, 18.00, 97),
(1344, 25, 11.00, 97),
(1345, 26, 9.00, 97),
(1346, 27, 7.00, 97),
(1347, 28, 10.00, 97),
(1354, 20, 6.00, 98),
(1355, 21, 10.00, 98),
(1356, 22, 10.00, 98),
(1357, 23, 4.00, 98),
(1358, 24, 10.00, 98),
(1359, 25, 4.00, 98),
(1360, 26, 3.00, 98),
(1361, 27, 5.00, 98),
(1362, 28, 5.00, 98),
(1369, 1, 24.00, 99),
(1370, 2, 32.00, 99),
(1371, 4, 24.00, 99),
(1372, 5, 34.00, 99),
(1373, 6, 29.00, 99),
(1374, 7, 31.00, 99),
(1375, 8, 26.00, 99),
(1376, 9, 36.00, 99),
(1377, 10, 12.00, 99),
(1378, 44, 33.00, 99),
(1384, 1, 33.00, 100),
(1385, 2, 38.00, 100),
(1386, 4, 21.00, 100),
(1387, 5, 38.00, 100),
(1388, 6, 36.00, 100),
(1389, 7, 35.00, 100),
(1390, 8, 37.00, 100),
(1391, 9, 35.00, 100),
(1392, 10, 10.00, 100),
(1393, 44, 36.00, 100),
(1399, 1, 20.00, 101),
(1400, 2, 36.00, 101),
(1401, 4, 20.00, 101),
(1402, 5, 26.00, 101),
(1403, 6, 30.00, 101),
(1404, 7, 26.00, 101),
(1405, 8, 34.00, 101),
(1406, 9, 36.00, 101),
(1407, 10, 20.00, 101),
(1408, 44, 30.00, 101),
(1414, 1, 20.00, 102),
(1415, 2, 34.00, 102),
(1416, 4, 19.00, 102),
(1417, 5, 25.00, 102),
(1418, 6, 28.00, 102),
(1419, 7, 36.00, 102),
(1420, 8, 22.00, 102),
(1421, 9, 29.00, 102),
(1422, 10, 8.00, 102),
(1423, 44, 23.00, 102),
(1429, 1, 24.00, 103),
(1430, 2, 32.00, 103),
(1431, 4, 24.00, 103),
(1432, 5, 34.00, 103),
(1433, 6, 29.00, 103),
(1434, 7, 31.00, 103),
(1435, 8, 26.00, 103),
(1436, 9, 36.00, 103),
(1437, 10, 12.00, 103),
(1438, 44, 26.00, 103),
(1444, 1, 22.00, 104),
(1445, 2, 25.00, 104),
(1446, 4, 24.00, 104),
(1447, 5, 25.00, 104),
(1448, 6, 25.00, 104),
(1449, 7, 24.00, 104),
(1450, 8, 24.00, 104),
(1451, 9, 27.00, 104),
(1452, 10, 29.00, 104),
(1453, 44, 26.00, 104),
(1459, 1, 34.00, 105),
(1460, 2, 32.00, 105),
(1461, 4, 19.00, 105),
(1462, 5, 40.00, 105),
(1463, 6, 36.00, 105),
(1464, 7, 34.00, 105),
(1465, 8, 36.00, 105),
(1466, 9, 38.00, 105),
(1467, 10, 16.00, 105),
(1468, 44, 30.00, 105),
(1474, 1, 30.00, 106),
(1475, 2, 23.00, 106),
(1476, 4, 25.00, 106),
(1477, 5, 26.00, 106),
(1478, 6, 26.00, 106),
(1479, 7, 26.00, 106),
(1480, 8, 22.00, 106),
(1481, 9, 26.00, 106),
(1482, 10, 13.00, 106),
(1483, 44, 21.00, 106),
(1489, 1, 25.00, 107),
(1490, 2, 30.00, 107),
(1491, 4, 25.00, 107),
(1492, 5, 23.00, 107),
(1493, 6, 30.00, 107),
(1494, 7, 31.00, 107),
(1495, 8, 25.00, 107),
(1496, 9, 35.00, 107),
(1497, 10, 26.00, 107),
(1498, 44, 28.00, 107),
(1504, 1, 32.00, 108),
(1505, 2, 36.00, 108),
(1506, 4, 26.00, 108),
(1507, 5, 30.00, 108),
(1508, 6, 40.00, 108),
(1509, 7, 36.00, 108),
(1510, 8, 25.00, 108),
(1511, 9, 35.00, 108),
(1512, 10, 26.00, 108),
(1513, 44, 26.00, 108),
(1519, 1, 20.00, 109),
(1520, 2, 40.00, 109),
(1521, 4, 10.00, 109),
(1522, 5, 35.00, 109),
(1523, 6, 38.00, 109),
(1524, 7, 36.00, 109),
(1525, 8, 34.00, 109),
(1526, 9, 30.00, 109),
(1527, 10, 26.00, 109),
(1528, 44, 30.00, 109),
(1534, 1, 21.00, 110),
(1535, 2, 35.00, 110),
(1536, 4, 26.00, 110),
(1537, 5, 28.00, 110),
(1538, 6, 31.00, 110),
(1539, 7, 38.00, 110),
(1540, 8, 31.00, 110),
(1541, 9, 28.00, 110),
(1542, 10, 12.00, 110),
(1543, 44, 22.00, 110),
(1549, 1, 32.00, 111),
(1550, 2, 33.00, 111),
(1551, 4, 30.00, 111),
(1552, 5, 36.00, 111),
(1553, 6, 32.00, 111),
(1554, 7, 30.00, 111),
(1555, 8, 36.00, 111),
(1556, 9, 33.00, 111),
(1557, 10, 31.00, 111),
(1558, 44, 35.00, 111),
(1564, 1, 40.00, 112),
(1565, 2, 40.00, 112),
(1566, 4, 40.00, 112),
(1567, 5, 40.00, 112),
(1568, 6, 40.00, 112),
(1569, 7, 40.00, 112),
(1570, 8, 40.00, 112),
(1571, 9, 40.00, 112),
(1572, 10, 40.00, 112),
(1573, 44, 40.00, 112),
(1579, 1, 10.00, 113),
(1580, 2, 20.00, 113),
(1581, 4, 10.00, 113),
(1582, 5, 28.00, 113),
(1583, 6, 10.00, 113),
(1584, 7, 20.00, 113),
(1585, 8, 20.00, 113),
(1586, 9, 15.00, 113),
(1587, 10, 6.00, 113),
(1588, 44, 20.00, 113),
(1594, 11, 36.00, 114),
(1595, 12, 31.00, 114),
(1596, 13, 34.00, 114),
(1597, 14, 24.00, 114),
(1598, 15, 29.00, 114),
(1599, 17, 30.00, 114),
(1600, 19, 38.00, 114),
(1601, 45, 33.00, 114),
(1602, 47, 30.00, 114),
(1609, 11, 36.00, 115),
(1610, 12, 29.00, 115),
(1611, 13, 37.00, 115),
(1612, 14, 32.00, 115),
(1613, 15, 21.00, 115),
(1614, 17, 35.00, 115),
(1615, 19, 39.00, 115),
(1616, 45, 35.00, 115),
(1617, 47, 33.00, 115),
(1624, 11, 30.00, 116),
(1625, 12, 34.00, 116),
(1626, 13, 34.00, 116),
(1627, 14, 24.00, 116),
(1628, 15, 26.00, 116),
(1629, 17, 32.00, 116),
(1630, 19, 38.00, 116),
(1631, 45, 24.00, 116),
(1632, 47, 24.00, 116),
(1639, 11, 23.00, 117),
(1640, 12, 22.00, 117),
(1641, 13, 33.00, 117),
(1642, 14, 18.00, 117),
(1643, 15, 27.00, 117),
(1644, 17, 25.00, 117),
(1645, 19, 27.00, 117),
(1646, 45, 18.00, 117),
(1647, 47, 29.00, 117),
(1654, 11, 35.00, 118),
(1655, 12, 30.00, 118),
(1656, 13, 27.00, 118),
(1657, 14, 31.00, 118),
(1658, 15, 27.00, 118),
(1659, 17, 26.00, 118),
(1660, 19, 31.00, 118),
(1661, 45, 26.00, 118),
(1662, 47, 31.00, 118),
(1669, 11, 24.00, 119),
(1670, 12, 24.00, 119),
(1671, 13, 24.00, 119),
(1672, 14, 23.00, 119),
(1673, 15, 24.00, 119),
(1674, 17, 23.00, 119),
(1675, 19, 25.00, 119),
(1676, 45, 29.00, 119),
(1677, 47, 26.00, 119),
(1684, 11, 24.00, 120),
(1685, 12, 19.00, 120),
(1686, 13, 25.00, 120),
(1687, 14, 28.00, 120),
(1688, 15, 22.00, 120),
(1689, 17, 23.00, 120),
(1690, 19, 27.00, 120),
(1691, 45, 17.00, 120),
(1692, 47, 17.00, 120),
(1699, 11, 30.00, 121),
(1700, 12, 28.00, 121),
(1701, 13, 27.00, 121),
(1702, 14, 26.00, 121),
(1703, 15, 22.00, 121),
(1704, 17, 30.00, 121),
(1705, 19, 34.00, 121),
(1706, 45, 31.00, 121),
(1707, 47, 31.00, 121),
(1714, 11, 31.00, 122),
(1715, 12, 35.00, 122),
(1716, 13, 33.00, 122),
(1717, 14, 18.00, 122),
(1718, 15, 20.00, 122),
(1719, 17, 26.00, 122),
(1720, 19, 31.00, 122),
(1721, 45, 27.00, 122),
(1722, 47, 27.00, 122),
(1729, 11, 30.00, 123),
(1730, 12, 34.00, 123),
(1731, 13, 32.00, 123),
(1732, 14, 14.00, 123),
(1733, 15, 22.00, 123),
(1734, 17, 26.00, 123),
(1735, 19, 34.00, 123),
(1736, 45, 20.00, 123),
(1737, 47, 22.00, 123),
(1744, 11, 31.00, 124),
(1745, 12, 28.00, 124),
(1746, 13, 35.00, 124),
(1747, 14, 25.00, 124),
(1748, 15, 26.00, 124),
(1749, 17, 29.00, 124),
(1750, 19, 33.00, 124),
(1751, 45, 26.00, 124),
(1752, 47, 25.00, 124),
(1759, 11, 40.00, 125),
(1760, 12, 40.00, 125),
(1761, 13, 40.00, 125),
(1762, 14, 16.00, 125),
(1763, 15, 40.00, 125),
(1764, 17, 25.00, 125),
(1765, 19, 40.00, 125),
(1766, 45, 18.00, 125),
(1767, 47, 38.00, 125),
(1774, 11, 40.00, 126),
(1775, 12, 40.00, 126),
(1776, 13, 40.00, 126),
(1777, 14, 20.00, 126),
(1778, 15, 30.00, 126),
(1779, 17, 28.00, 126),
(1780, 19, 38.00, 126),
(1781, 45, 35.00, 126),
(1782, 47, 35.00, 126),
(1789, 11, 34.00, 127),
(1790, 12, 32.00, 127),
(1791, 13, 31.00, 127),
(1792, 14, 31.00, 127),
(1793, 15, 36.00, 127),
(1794, 17, 35.00, 127),
(1795, 19, 37.00, 127),
(1796, 45, 32.00, 127),
(1797, 47, 34.00, 127),
(1798, 11, 40.00, 128),
(1799, 12, 40.00, 128),
(1800, 13, 40.00, 128),
(1801, 14, 40.00, 128),
(1802, 15, 40.00, 128),
(1803, 17, 40.00, 128),
(1804, 19, 40.00, 128),
(1805, 45, 40.00, 128),
(1806, 47, 40.00, 128),
(1813, 11, 20.00, 129),
(1814, 12, 28.00, 129),
(1815, 13, 31.00, 129),
(1816, 14, 20.00, 129),
(1817, 15, 15.00, 129),
(1818, 17, 20.00, 129),
(1819, 19, 31.00, 129),
(1820, 45, 20.00, 129),
(1821, 47, 20.00, 129),
(1828, 20, 29.00, 130),
(1829, 21, 40.00, 130),
(1830, 22, 33.00, 130),
(1831, 23, 30.00, 130),
(1832, 24, 38.00, 130),
(1833, 25, 29.00, 130),
(1834, 26, 27.00, 130),
(1835, 27, 30.00, 130),
(1836, 28, 30.00, 130),
(1843, 20, 25.00, 131),
(1844, 21, 39.00, 131),
(1845, 22, 33.00, 131),
(1846, 23, 19.00, 131),
(1847, 24, 38.00, 131),
(1848, 25, 23.00, 131),
(1849, 26, 20.00, 131),
(1850, 27, 24.00, 131),
(1851, 28, 23.00, 131),
(1858, 20, 28.00, 132),
(1859, 21, 34.00, 132),
(1860, 22, 26.00, 132),
(1861, 23, 20.00, 132),
(1862, 24, 30.00, 132),
(1863, 25, 21.00, 132),
(1864, 26, 20.00, 132),
(1865, 27, 22.00, 132),
(1866, 28, 21.00, 132),
(1873, 20, 23.00, 133),
(1874, 21, 35.00, 133),
(1875, 22, 30.00, 133),
(1876, 23, 23.00, 133),
(1877, 24, 37.00, 133),
(1878, 25, 31.00, 133),
(1879, 26, 23.00, 133),
(1880, 27, 24.00, 133),
(1881, 28, 32.00, 133),
(1888, 20, 17.00, 134),
(1889, 21, 33.00, 134),
(1890, 22, 32.00, 134),
(1892, 24, 36.00, 134),
(1893, 25, 29.00, 134),
(1894, 26, 20.00, 134),
(1895, 27, 24.00, 134),
(1896, 28, 26.00, 134),
(1903, 20, 25.00, 135),
(1904, 21, 38.00, 135),
(1905, 22, 37.00, 135),
(1906, 23, 27.00, 135),
(1907, 24, 37.00, 135),
(1908, 25, 32.00, 135),
(1909, 26, 28.00, 135),
(1910, 27, 28.00, 135),
(1911, 28, 28.00, 135),
(1918, 20, 27.00, 136),
(1919, 21, 40.00, 136),
(1920, 22, 26.00, 136),
(1921, 23, 28.00, 136),
(1922, 24, 39.00, 136),
(1923, 25, 27.00, 136),
(1924, 26, 26.00, 136),
(1925, 27, 25.00, 136),
(1926, 28, 35.00, 136),
(1933, 20, 22.00, 137),
(1934, 21, 29.00, 137),
(1935, 22, 23.00, 137),
(1936, 23, 26.00, 137),
(1937, 24, 28.00, 137),
(1938, 25, 23.00, 137),
(1939, 26, 28.00, 137),
(1940, 27, 20.00, 137),
(1941, 28, 24.00, 137),
(1948, 20, 31.00, 138),
(1949, 21, 35.00, 138),
(1950, 22, 32.00, 138),
(1951, 23, 31.00, 138),
(1952, 24, 35.00, 138),
(1953, 25, 30.00, 138),
(1954, 26, 29.00, 138),
(1955, 27, 26.00, 138),
(1956, 28, 30.00, 138),
(1963, 20, 22.00, 139),
(1964, 21, 40.00, 139),
(1965, 22, 34.00, 139),
(1966, 23, 22.00, 139),
(1967, 24, 38.00, 139),
(1968, 25, 34.00, 139),
(1969, 26, 24.00, 139),
(1970, 27, 16.00, 139),
(1971, 28, 31.00, 139),
(1978, 20, 30.00, 140),
(1979, 21, 35.00, 140),
(1980, 22, 32.00, 140),
(1981, 23, 21.00, 140),
(1982, 24, 28.00, 140),
(1983, 25, 25.00, 140),
(1984, 26, 20.00, 140),
(1985, 27, 27.00, 140),
(1986, 28, 28.00, 140),
(1993, 20, 40.00, 141),
(1994, 21, 40.00, 141),
(1995, 22, 40.00, 141),
(1996, 23, 40.00, 141),
(1997, 24, 40.00, 141),
(1998, 25, 40.00, 141),
(1999, 26, 40.00, 141),
(2000, 27, 40.00, 141),
(2001, 28, 40.00, 141),
(2008, 20, 31.00, 142),
(2009, 21, 35.00, 142),
(2010, 22, 31.00, 142),
(2011, 23, 32.00, 142),
(2012, 24, 32.00, 142),
(2013, 25, 31.00, 142),
(2014, 26, 30.00, 142),
(2015, 27, 31.00, 142),
(2016, 28, 25.00, 142),
(2023, 20, 28.00, 143),
(2024, 21, 36.00, 143),
(2025, 22, 30.00, 143),
(2026, 23, 24.00, 143),
(2027, 24, 34.00, 143),
(2028, 25, 28.00, 143),
(2029, 26, 30.00, 143),
(2030, 27, 10.00, 143),
(2031, 28, 30.00, 143),
(2038, 20, 26.00, 144),
(2039, 21, 39.00, 144),
(2040, 22, 37.00, 144),
(2041, 23, 26.00, 144),
(2042, 24, 39.00, 144),
(2043, 25, 32.00, 144),
(2044, 26, 26.00, 144),
(2045, 27, 25.00, 144),
(2046, 28, 31.00, 144),
(2053, 20, 15.00, 145),
(2054, 21, 30.00, 145),
(2055, 22, 20.00, 145),
(2056, 23, 15.00, 145),
(2057, 24, 28.00, 145),
(2058, 25, 20.00, 145),
(2059, 26, 20.00, 145),
(2060, 27, 10.00, 145),
(2061, 28, 15.00, 145),
(2068, 29, 20.00, 146),
(2069, 30, 26.00, 146),
(2070, 32, 24.00, 146),
(2071, 33, 24.00, 146),
(2072, 34, 24.00, 146),
(2073, 35, 28.00, 146),
(2074, 36, 31.00, 146),
(2075, 37, 22.00, 146),
(2083, 29, 23.00, 147),
(2084, 30, 30.00, 147),
(2085, 32, 29.00, 147),
(2086, 33, 29.00, 147),
(2087, 34, 30.00, 147),
(2088, 35, 29.00, 147),
(2089, 36, 31.00, 147),
(2090, 37, 28.00, 147),
(2098, 29, 19.00, 148),
(2099, 30, 31.00, 148),
(2100, 32, 20.00, 148),
(2101, 33, 33.00, 148),
(2102, 34, 24.00, 148),
(2103, 35, 35.00, 148),
(2104, 36, 34.00, 148),
(2105, 37, 30.00, 148),
(2113, 29, 33.00, 149),
(2114, 30, 29.00, 149),
(2115, 32, 25.00, 149),
(2116, 33, 33.00, 149),
(2117, 34, 31.00, 149),
(2118, 35, 33.00, 149),
(2119, 36, 33.00, 149),
(2120, 37, 23.00, 149),
(2128, 29, 23.00, 150),
(2129, 30, 20.00, 150),
(2130, 32, 18.00, 150),
(2131, 33, 25.00, 150),
(2132, 34, 20.00, 150),
(2133, 35, 29.00, 150),
(2134, 36, 24.00, 150),
(2135, 37, 21.00, 150),
(2143, 29, 26.00, 151),
(2144, 30, 28.00, 151),
(2145, 32, 22.00, 151),
(2146, 33, 27.00, 151),
(2147, 34, 19.00, 151),
(2148, 35, 31.00, 151),
(2149, 36, 34.00, 151),
(2150, 37, 33.00, 151),
(2158, 29, 31.00, 152),
(2159, 30, 27.00, 152),
(2160, 32, 18.00, 152),
(2161, 33, 23.00, 152),
(2162, 34, 24.00, 152),
(2163, 35, 30.00, 152),
(2164, 36, 28.00, 152),
(2165, 37, 30.00, 152),
(2173, 29, 30.00, 153),
(2175, 32, 30.00, 153),
(2176, 33, 32.00, 153),
(2177, 34, 30.00, 153),
(2178, 35, 33.00, 153),
(2179, 36, 35.00, 153),
(2180, 37, 39.00, 153),
(2188, 29, 32.00, 154),
(2189, 30, 40.00, 154),
(2190, 32, 34.00, 154),
(2191, 33, 32.00, 154),
(2192, 34, 32.00, 154),
(2193, 35, 40.00, 154),
(2194, 36, 32.00, 154),
(2195, 37, 36.00, 154),
(2203, 29, 24.00, 155),
(2204, 30, 40.00, 155),
(2205, 32, 30.00, 155),
(2206, 33, 26.00, 155),
(2207, 34, 26.00, 155),
(2208, 35, 20.00, 155),
(2209, 36, 34.00, 155),
(2210, 37, 32.00, 155),
(2218, 29, 29.00, 156),
(2219, 30, 34.00, 156),
(2220, 32, 29.00, 156),
(2221, 33, 28.00, 156),
(2222, 34, 30.00, 156),
(2223, 35, 36.00, 156),
(2224, 36, 35.00, 156),
(2225, 37, 32.00, 156),
(2233, 29, 35.00, 157),
(2234, 30, 38.00, 157),
(2235, 32, 28.00, 157),
(2236, 33, 32.00, 157),
(2237, 34, 38.00, 157),
(2238, 35, 33.00, 157),
(2239, 36, 37.00, 157),
(2240, 37, 31.00, 157),
(2248, 29, 30.00, 158),
(2249, 30, 33.00, 158),
(2250, 32, 35.00, 158),
(2251, 33, 35.00, 158),
(2252, 34, 30.00, 158),
(2253, 35, 32.00, 158),
(2254, 36, 34.00, 158),
(2255, 37, 36.00, 158),
(2263, 29, 40.00, 159),
(2264, 30, 40.00, 159),
(2265, 32, 40.00, 159),
(2266, 33, 40.00, 159),
(2267, 34, 40.00, 159),
(2268, 35, 40.00, 159),
(2269, 36, 40.00, 159),
(2270, 37, 40.00, 159),
(2278, 29, 38.00, 160),
(2279, 30, 30.00, 160),
(2280, 32, 20.00, 160),
(2281, 33, 35.00, 160),
(2282, 34, 25.00, 160),
(2283, 35, 40.00, 160),
(2284, 36, 40.00, 160),
(2285, 37, 30.00, 160),
(2293, 29, 26.00, 161),
(2294, 30, 26.00, 161),
(2295, 32, 23.00, 161),
(2296, 33, 24.00, 161),
(2297, 34, 23.00, 161),
(2298, 35, 23.00, 161),
(2299, 36, 24.00, 161),
(2300, 37, 24.00, 161),
(2308, 29, 26.00, 162),
(2309, 30, 28.00, 162),
(2310, 32, 20.00, 162),
(2311, 33, 21.00, 162),
(2312, 34, 26.00, 162),
(2313, 35, 26.00, 162),
(2314, 36, 35.00, 162),
(2315, 37, 20.00, 162),
(2323, 38, 24.00, 163),
(2324, 39, 24.00, 163),
(2325, 40, 35.00, 163),
(2326, 41, 12.00, 163),
(2327, 42, 14.00, 163),
(2330, 38, 20.00, 164),
(2331, 39, 20.00, 164),
(2332, 40, 20.00, 164),
(2333, 41, 20.00, 164),
(2334, 42, 20.00, 164),
(2338, 39, 25.00, 165),
(2344, 38, 38.00, 166),
(2346, 40, 36.00, 166),
(2347, 41, 32.00, 166),
(2348, 42, 34.00, 166),
(2351, 38, 19.00, 167),
(2352, 39, 23.00, 167),
(2353, 40, 22.00, 167),
(2354, 41, 26.00, 167),
(2355, 42, 19.00, 167),
(2358, 38, 37.00, 168),
(2359, 39, 25.00, 168),
(2360, 40, 35.00, 168),
(2361, 41, 21.00, 168),
(2362, 42, 25.00, 168),
(2365, 38, 21.00, 169),
(2366, 39, 22.00, 169),
(2367, 40, 26.00, 169),
(2368, 41, 26.00, 169),
(2369, 42, 22.00, 169),
(2372, 38, 28.00, 170),
(2374, 40, 32.00, 170),
(2375, 41, 20.00, 170),
(2376, 42, 22.00, 170),
(2379, 38, 19.00, 171),
(2381, 40, 22.00, 171),
(2382, 41, 20.00, 171),
(2383, 42, 20.00, 171),
(2386, 38, 30.00, 172),
(2387, 39, 28.00, 172),
(2388, 40, 31.00, 172),
(2389, 41, 23.00, 172),
(2390, 42, 25.00, 172),
(2394, 39, 22.00, 173),
(2400, 38, 30.00, 174),
(2401, 39, 32.00, 174),
(2402, 40, 37.00, 174),
(2403, 41, 33.00, 174),
(2404, 42, 30.00, 174),
(2407, 38, 30.00, 175),
(2408, 39, 32.00, 175),
(2409, 40, 37.00, 175),
(2410, 41, 33.00, 175),
(2411, 42, 30.00, 175),
(2414, 1, 31.00, 176),
(2415, 2, 31.00, 176),
(2416, 4, 23.00, 176),
(2417, 5, 31.00, 176),
(2418, 6, 29.00, 176),
(2419, 7, 29.00, 176),
(2420, 8, 32.00, 176),
(2421, 9, 33.00, 176),
(2422, 10, 20.00, 176),
(2423, 44, 33.00, 176),
(2424, 80, 5.00, 180),
(2425, 48, 6.00, 181),
(2426, 52, 8.00, 181),
(2427, 55, 8.00, 181),
(2428, 56, 4.00, 181),
(2429, 57, 6.00, 181),
(2430, 61, 7.00, 181),
(2431, 62, 8.00, 181),
(2432, 63, 4.00, 181),
(2433, 69, 4.00, 181),
(2434, 70, 3.00, 181),
(2435, 71, 10.00, 181),
(2436, 92, 3.00, 181),
(2440, 43, 8.00, 182),
(2441, 78, 3.00, 182),
(2442, 81, 9.00, 182),
(2443, 39, 5.00, 182),
(2447, 48, 9.00, 183),
(2448, 52, 6.00, 183),
(2449, 55, 5.00, 183),
(2450, 56, 8.00, 183),
(2451, 57, 5.00, 183),
(2452, 61, 2.00, 183),
(2453, 62, 6.00, 183),
(2454, 63, 5.00, 183),
(2455, 69, 4.00, 183),
(2456, 70, 4.00, 183),
(2457, 71, 8.00, 183),
(2458, 92, 7.00, 183),
(2462, 43, 7.00, 184),
(2463, 78, 4.00, 184),
(2464, 81, 7.00, 184),
(2465, 39, 3.00, 184),
(2469, 1, 9.00, 189),
(2470, 2, 9.00, 189),
(2471, 4, 6.00, 189),
(2472, 5, 10.00, 189),
(2473, 6, 10.00, 189),
(2474, 7, 8.00, 189),
(2476, 9, 9.00, 189),
(2477, 10, 2.00, 189),
(2478, 44, 5.00, 189),
(2479, 72, 8.00, 189),
(2484, 1, 5.00, 190),
(2485, 2, 9.00, 190),
(2486, 4, 4.00, 190),
(2487, 5, 8.00, 190),
(2488, 6, 9.00, 190),
(2489, 7, 10.00, 190),
(2491, 9, 6.00, 190),
(2492, 10, 4.00, 190),
(2493, 44, 6.00, 190),
(2494, 72, 8.00, 190),
(2499, 20, 8.00, 191),
(2500, 21, 10.00, 191),
(2501, 22, 6.00, 191),
(2502, 23, 8.00, 191),
(2503, 24, 10.00, 191),
(2504, 25, 8.00, 191),
(2505, 26, 10.00, 191),
(2506, 27, 10.00, 191),
(2507, 28, 7.00, 191),
(2508, 73, 8.00, 191),
(2509, 74, 2.00, 191),
(2510, 77, 8.00, 191),
(2514, 11, 8.00, 192),
(2515, 12, 10.00, 192),
(2516, 13, 10.00, 192),
(2517, 14, 9.00, 192),
(2518, 15, 10.00, 192),
(2519, 17, 9.00, 192),
(2520, 19, 10.00, 192),
(2521, 45, 7.00, 192),
(2522, 47, 10.00, 192),
(2523, 75, 10.00, 192),
(2529, 49, 5.00, 194),
(2530, 50, 5.00, 194),
(2531, 51, 8.00, 194),
(2532, 53, 6.00, 194),
(2533, 54, 5.00, 194),
(2534, 58, 6.00, 194),
(2535, 59, 9.00, 194),
(2536, 60, 9.00, 194),
(2537, 64, 2.00, 194),
(2538, 65, 5.00, 194),
(2539, 66, 6.00, 194),
(2540, 67, 5.00, 194),
(2541, 68, 6.00, 194),
(2544, 48, 5.00, 195),
(2545, 52, 2.00, 195),
(2546, 55, 7.00, 195),
(2547, 56, 8.00, 195),
(2548, 57, 7.00, 195),
(2549, 61, 7.00, 195),
(2550, 62, 4.00, 195),
(2551, 63, 2.00, 195),
(2552, 69, 4.00, 195),
(2553, 70, 4.00, 195),
(2554, 71, 8.00, 195),
(2555, 92, 2.00, 195),
(2559, 48, 6.00, 196),
(2560, 52, 3.00, 196),
(2561, 55, 8.00, 196),
(2562, 56, 10.00, 196),
(2563, 57, 7.00, 196),
(2564, 61, 4.00, 196),
(2565, 62, 5.00, 196),
(2566, 63, 3.00, 196),
(2567, 69, 6.00, 196),
(2568, 70, 5.00, 196),
(2569, 71, 10.00, 196),
(2570, 92, 4.00, 196),
(2574, 49, 4.00, 193),
(2575, 50, 6.00, 193),
(2576, 51, 2.00, 193),
(2577, 53, 3.00, 193),
(2578, 54, 5.00, 193),
(2579, 58, 3.00, 193),
(2580, 59, 6.00, 193),
(2581, 60, 9.00, 193),
(2582, 64, 3.00, 193),
(2583, 65, 2.00, 193),
(2584, 66, 4.00, 193),
(2585, 67, 5.00, 193),
(2586, 68, 4.00, 193),
(2589, 43, 7.00, 197),
(2590, 78, 7.00, 197),
(2591, 81, 7.00, 197),
(2592, 39, 3.00, 197),
(2596, 43, 5.00, 198),
(2597, 78, 4.00, 198),
(2598, 81, 5.00, 198),
(2599, 39, 3.00, 198),
(2603, 79, 9.00, 199),
(2606, 49, 7.00, 200),
(2607, 50, 5.00, 200),
(2608, 51, 2.00, 200),
(2609, 53, 5.00, 200),
(2610, 54, 7.00, 200),
(2611, 58, 8.00, 200),
(2612, 59, 7.00, 200),
(2613, 60, 7.00, 200),
(2614, 64, 6.00, 200),
(2615, 65, 2.00, 200),
(2616, 66, 0.00, 200),
(2617, 67, 9.00, 200),
(2618, 68, 5.00, 200),
(2621, 79, 3.00, 201),
(2624, 79, 4.00, 202),
(2627, 79, 4.00, 203),
(2630, 48, 7.00, 204),
(2631, 52, 5.00, 204),
(2632, 55, 5.00, 204),
(2633, 56, 10.00, 204),
(2634, 57, 5.00, 204),
(2635, 61, 5.00, 204),
(2636, 62, 4.00, 204),
(2637, 63, 5.00, 204),
(2638, 69, 7.00, 204),
(2639, 70, 4.00, 204),
(2640, 71, 8.00, 204),
(2641, 92, 4.00, 204),
(2645, 49, 7.00, 205),
(2646, 50, 4.00, 205),
(2647, 51, 2.00, 205),
(2648, 53, 5.00, 205),
(2649, 54, 6.00, 205),
(2650, 58, 8.00, 205),
(2651, 59, 6.00, 205),
(2652, 60, 7.00, 205),
(2653, 64, 6.00, 205),
(2654, 65, 2.00, 205),
(2655, 66, 0.00, 205),
(2656, 67, 8.00, 205),
(2657, 68, 4.00, 205),
(2660, 48, 7.00, 207),
(2661, 52, 5.00, 207),
(2662, 55, 5.00, 207),
(2663, 56, 10.00, 207),
(2664, 57, 5.00, 207),
(2665, 61, 4.00, 207),
(2666, 62, 4.00, 207),
(2667, 63, 5.00, 207),
(2668, 69, 6.00, 207),
(2669, 70, 4.00, 207),
(2670, 71, 7.00, 207),
(2671, 92, 4.00, 207),
(2675, 1, 5.00, 208),
(2676, 2, 9.00, 208),
(2677, 4, 8.00, 208),
(2678, 5, 9.00, 208),
(2679, 6, 8.00, 208),
(2680, 7, 8.00, 208),
(2682, 9, 8.00, 208),
(2683, 10, 4.00, 208),
(2684, 44, 8.00, 208),
(2685, 72, 10.00, 208),
(2690, 48, 4.00, 209),
(2691, 52, 9.00, 209),
(2692, 55, 9.00, 209),
(2693, 56, 8.00, 209),
(2694, 57, 5.00, 209),
(2695, 61, 5.00, 209),
(2696, 62, 3.00, 209),
(2697, 63, 4.00, 209),
(2698, 69, 6.00, 209),
(2699, 70, 2.00, 209),
(2700, 71, 8.00, 209),
(2701, 92, 2.00, 209),
(2705, 1, 6.00, 210),
(2706, 2, 10.00, 210),
(2707, 4, 10.00, 210),
(2708, 5, 8.00, 210),
(2709, 6, 9.00, 210),
(2710, 7, 10.00, 210),
(2711, 9, 7.00, 210),
(2712, 10, 3.00, 210),
(2713, 44, 10.00, 210),
(2714, 72, 10.00, 210),
(2720, 48, 10.00, 211),
(2721, 52, 6.00, 211),
(2722, 55, 10.00, 211),
(2723, 56, 9.00, 211),
(2724, 57, 10.00, 211),
(2725, 61, 4.00, 211),
(2726, 62, 8.00, 211),
(2727, 63, 6.00, 211),
(2728, 69, 5.00, 211),
(2729, 70, 7.00, 211),
(2730, 71, 10.00, 211),
(2731, 92, 5.00, 211),
(2735, 48, 6.00, 213),
(2736, 52, 2.00, 213),
(2737, 55, 8.00, 213),
(2738, 56, 8.00, 213),
(2739, 57, 5.00, 213),
(2740, 61, 4.00, 213),
(2741, 62, 3.00, 213),
(2742, 63, 4.00, 213),
(2743, 69, 6.00, 213),
(2744, 70, 2.00, 213),
(2745, 71, 8.00, 213),
(2746, 92, 2.00, 213),
(2750, 20, 4.00, 212),
(2751, 21, 9.00, 212),
(2752, 22, 8.00, 212),
(2753, 23, 2.00, 212),
(2754, 24, 8.00, 212),
(2755, 25, 2.00, 212),
(2756, 26, 6.00, 212),
(2757, 27, 3.00, 212),
(2758, 28, 6.00, 212),
(2759, 73, 3.00, 212),
(2760, 74, 3.00, 212),
(2761, 77, 9.00, 212),
(2765, 1, 6.00, 214),
(2766, 2, 5.00, 214),
(2767, 4, 5.00, 214),
(2768, 5, 3.00, 214),
(2769, 6, 9.00, 214),
(2770, 7, 7.00, 214),
(2771, 9, 6.00, 214),
(2772, 10, 2.00, 214),
(2773, 44, 5.00, 214),
(2774, 72, 7.00, 214),
(2780, 20, 10.00, 216),
(2781, 21, 9.00, 216),
(2782, 22, 10.00, 216),
(2783, 23, 7.00, 216),
(2784, 24, 10.00, 216),
(2785, 25, 10.00, 216),
(2786, 26, 6.00, 216),
(2787, 27, 6.00, 216),
(2788, 28, 7.00, 216),
(2789, 73, 10.00, 216),
(2790, 74, 7.00, 216),
(2791, 77, 10.00, 216),
(2795, 20, 5.00, 217),
(2796, 21, 9.00, 217),
(2797, 22, 9.00, 217),
(2798, 23, 3.00, 217),
(2799, 24, 10.00, 217),
(2800, 25, 7.00, 217),
(2801, 26, 6.00, 217),
(2802, 27, 7.00, 217),
(2803, 28, 8.00, 217),
(2804, 73, 9.00, 217),
(2805, 74, 9.00, 217),
(2806, 77, 10.00, 217),
(2810, 48, 6.00, 218),
(2811, 52, 4.00, 218),
(2812, 55, 10.00, 218),
(2813, 56, 7.00, 218),
(2814, 57, 4.00, 218),
(2815, 61, 3.00, 218),
(2816, 62, 5.00, 218),
(2817, 63, 7.00, 218),
(2818, 69, 4.00, 218),
(2819, 70, 4.00, 218),
(2820, 71, 9.00, 218),
(2821, 92, 5.00, 218),
(2825, 1, 4.00, 215),
(2826, 2, 9.00, 215),
(2827, 4, 7.00, 215),
(2828, 5, 9.00, 215),
(2829, 6, 7.00, 215),
(2830, 7, 6.00, 215),
(2832, 9, 8.00, 215),
(2833, 10, 2.00, 215),
(2834, 44, 5.00, 215),
(2835, 72, 5.00, 215),
(2840, 49, 5.00, 206),
(2841, 50, 5.00, 206),
(2842, 51, 6.00, 206),
(2843, 53, 5.00, 206),
(2844, 54, 6.00, 206),
(2845, 58, 8.00, 206),
(2846, 59, 6.00, 206),
(2847, 60, 9.00, 206),
(2848, 64, 7.00, 206),
(2849, 65, 8.00, 206),
(2850, 66, 5.00, 206),
(2851, 67, 0.00, 206),
(2852, 68, 5.00, 206),
(2855, 20, 10.00, 219),
(2856, 21, 10.00, 219),
(2857, 22, 10.00, 219),
(2858, 23, 6.00, 219),
(2859, 24, 10.00, 219),
(2860, 25, 10.00, 219),
(2861, 26, 5.00, 219),
(2862, 27, 5.00, 219),
(2863, 28, 7.00, 219),
(2864, 73, 7.00, 219),
(2865, 74, 8.00, 219),
(2866, 77, 10.00, 219),
(2870, 1, 4.00, 222),
(2871, 2, 7.00, 222),
(2872, 4, 6.00, 222),
(2873, 5, 5.00, 222),
(2874, 6, 4.00, 222),
(2875, 7, 6.00, 222),
(2877, 9, 7.00, 222),
(2878, 10, 0.00, 222),
(2879, 44, 4.00, 222),
(2880, 72, 9.00, 222),
(2885, 20, 9.00, 223),
(2886, 21, 10.00, 223),
(2887, 22, 10.00, 223),
(2888, 23, 7.00, 223),
(2889, 24, 10.00, 223),
(2890, 25, 5.00, 223),
(2891, 26, 5.00, 223),
(2892, 27, 5.00, 223),
(2893, 28, 7.00, 223),
(2894, 73, 7.00, 223),
(2895, 74, 8.00, 223),
(2896, 77, 10.00, 223),
(2900, 1, 3.00, 221),
(2901, 2, 10.00, 221),
(2902, 4, 3.00, 221),
(2903, 5, 6.00, 221),
(2904, 6, 6.00, 221),
(2905, 7, 5.00, 221),
(2907, 9, 8.00, 221),
(2908, 10, 2.00, 221),
(2909, 44, 3.00, 221),
(2910, 72, 5.00, 221),
(2915, 1, 4.00, 225),
(2916, 2, 6.00, 225),
(2917, 4, 6.00, 225),
(2918, 5, 4.00, 225),
(2919, 6, 3.00, 225),
(2920, 7, 5.00, 225),
(2922, 9, 7.00, 225),
(2923, 10, 2.00, 225),
(2924, 44, 4.00, 225),
(2925, 72, 9.00, 225),
(2930, 49, 10.00, 226),
(2931, 50, 10.00, 226),
(2932, 51, 10.00, 226),
(2933, 53, 10.00, 226),
(2934, 54, 10.00, 226),
(2935, 58, 10.00, 226),
(2936, 59, 10.00, 226),
(2937, 60, 10.00, 226),
(2938, 64, 10.00, 226),
(2939, 65, 10.00, 226),
(2940, 66, 10.00, 226),
(2941, 67, 10.00, 226),
(2942, 68, 10.00, 226),
(2945, 48, 10.00, 227),
(2946, 52, 5.00, 227),
(2947, 55, 10.00, 227),
(2948, 56, 9.00, 227),
(2949, 57, 9.00, 227),
(2950, 61, 9.00, 227),
(2951, 62, 9.00, 227),
(2952, 63, 9.00, 227),
(2953, 69, 9.00, 227),
(2954, 70, 9.00, 227),
(2955, 71, 9.00, 227),
(2956, 92, 10.00, 227),
(2960, 49, 5.00, 229),
(2961, 50, 2.00, 229),
(2962, 51, 5.00, 229),
(2963, 53, 2.00, 229),
(2964, 54, 10.00, 229),
(2965, 58, 9.00, 229),
(2966, 59, 7.00, 229),
(2967, 60, 10.00, 229),
(2968, 64, 7.00, 229),
(2969, 65, 5.00, 229),
(2970, 66, 7.00, 229),
(2971, 67, 6.00, 229),
(2972, 68, 10.00, 229),
(2975, 1, 2.00, 230),
(2976, 2, 6.00, 230),
(2977, 4, 3.00, 230),
(2978, 5, 5.00, 230),
(2979, 6, 5.00, 230),
(2980, 7, 4.00, 230),
(2982, 9, 4.00, 230),
(2983, 10, 1.00, 230),
(2984, 44, 4.00, 230),
(2985, 72, 1.00, 230),
(2990, 11, 7.00, 231),
(2991, 12, 8.00, 231),
(2992, 13, 8.00, 231),
(2993, 14, 6.00, 231),
(2994, 15, 6.00, 231),
(2995, 17, 9.00, 231),
(2996, 19, 6.00, 231),
(2997, 45, 3.00, 231),
(2998, 47, 9.00, 231),
(2999, 75, 7.00, 231),
(3005, 11, 5.00, 232),
(3006, 12, 4.00, 232),
(3007, 13, 6.00, 232),
(3008, 14, 2.00, 232),
(3009, 15, 2.00, 232),
(3010, 17, 5.00, 232),
(3011, 19, 4.00, 232),
(3012, 45, 4.00, 232),
(3013, 47, 3.00, 232),
(3014, 75, 3.00, 232),
(3020, 49, 5.00, 233),
(3021, 50, 1.00, 233),
(3022, 51, 3.00, 233),
(3023, 53, 3.00, 233),
(3024, 54, 8.00, 233),
(3025, 58, 4.00, 233),
(3026, 59, 5.00, 233),
(3027, 60, 7.00, 233),
(3028, 64, 4.00, 233),
(3029, 65, 3.00, 233),
(3030, 66, 5.00, 233),
(3031, 67, 7.00, 233),
(3032, 68, 4.00, 233),
(3035, 11, 5.00, 234),
(3036, 12, 4.00, 234),
(3037, 13, 8.00, 234),
(3038, 14, 3.00, 234),
(3039, 15, 4.00, 234),
(3040, 17, 5.00, 234),
(3041, 19, 6.00, 234),
(3042, 45, 5.00, 234),
(3043, 47, 3.00, 234),
(3044, 75, 6.00, 234),
(3050, 11, 4.00, 235),
(3051, 12, 3.00, 235),
(3052, 13, 6.00, 235),
(3053, 14, 3.00, 235),
(3054, 15, 2.00, 235),
(3055, 17, 5.00, 235),
(3056, 19, 7.00, 235),
(3057, 45, 7.00, 235),
(3058, 47, 5.00, 235),
(3059, 75, 3.00, 235),
(3065, 49, 5.00, 236),
(3066, 50, 0.00, 236),
(3067, 51, 2.00, 236),
(3068, 53, 2.00, 236),
(3069, 54, 8.00, 236),
(3070, 58, 4.00, 236),
(3071, 59, 5.00, 236),
(3072, 60, 6.00, 236),
(3073, 64, 4.00, 236),
(3074, 65, 3.00, 236),
(3075, 66, 5.00, 236),
(3076, 67, 7.00, 236),
(3077, 68, 4.00, 236),
(3080, 11, 10.00, 237),
(3081, 12, 10.00, 237),
(3082, 13, 10.00, 237),
(3083, 14, 3.00, 237),
(3084, 15, 5.00, 237),
(3085, 17, 8.00, 237),
(3086, 19, 6.00, 237),
(3087, 45, 8.00, 237),
(3088, 47, 8.00, 237),
(3089, 75, 10.00, 237),
(3095, 11, 5.00, 238),
(3096, 12, 4.00, 238),
(3097, 13, 7.00, 238),
(3098, 14, 2.00, 238),
(3099, 15, 4.00, 238),
(3100, 17, 4.00, 238),
(3101, 19, 6.00, 238),
(3102, 45, 5.00, 238),
(3103, 47, 3.00, 238),
(3104, 75, 5.00, 238),
(3110, 48, 6.00, 239),
(3111, 52, 2.00, 239),
(3112, 55, 6.00, 239),
(3113, 56, 6.00, 239),
(3114, 57, 6.00, 239),
(3115, 61, 2.00, 239),
(3116, 62, 2.00, 239),
(3117, 63, 5.00, 239),
(3118, 69, 6.00, 239),
(3119, 70, 6.00, 239),
(3120, 71, 9.00, 239),
(3121, 92, 4.00, 239),
(3125, 11, 10.00, 241),
(3126, 12, 10.00, 241),
(3127, 13, 10.00, 241),
(3128, 14, 8.00, 241),
(3129, 15, 5.00, 241),
(3130, 17, 8.00, 241),
(3131, 19, 7.00, 241),
(3132, 45, 9.00, 241),
(3133, 47, 8.00, 241),
(3134, 75, 10.00, 241),
(3140, 49, 10.00, 224),
(3141, 50, 10.00, 224),
(3142, 51, 6.00, 224),
(3143, 53, 0.00, 224),
(3144, 54, 10.00, 224),
(3145, 58, 7.00, 224),
(3146, 59, 10.00, 224),
(3147, 60, 10.00, 224),
(3148, 64, 10.00, 224),
(3149, 65, 10.00, 224),
(3150, 66, 7.00, 224),
(3151, 67, 10.00, 224),
(3152, 68, 7.00, 224),
(3155, 20, 8.00, 240),
(3156, 21, 6.00, 240),
(3157, 22, 6.00, 240),
(3158, 23, 8.00, 240),
(3159, 24, 8.00, 240),
(3160, 25, 6.00, 240),
(3161, 26, 8.00, 240),
(3162, 27, 6.00, 240),
(3163, 28, 8.00, 240),
(3164, 73, 6.00, 240),
(3165, 74, 6.00, 240),
(3166, 77, 8.00, 240),
(3170, 11, 10.00, 242),
(3171, 12, 10.00, 242),
(3172, 13, 9.00, 242),
(3173, 14, 9.00, 242),
(3174, 15, 5.00, 242),
(3175, 17, 8.00, 242),
(3176, 19, 7.00, 242),
(3177, 45, 9.00, 242),
(3178, 47, 8.00, 242),
(3179, 75, 10.00, 242),
(3185, 20, 5.00, 243),
(3186, 21, 4.00, 243),
(3187, 22, 6.00, 243),
(3188, 23, 4.00, 243),
(3189, 24, 9.00, 243),
(3190, 25, 8.00, 243),
(3191, 26, 6.00, 243),
(3192, 27, 6.00, 243),
(3193, 28, 7.00, 243),
(3194, 73, 10.00, 243),
(3195, 74, 8.00, 243),
(3196, 77, 10.00, 243),
(3200, 48, 5.00, 244),
(3201, 52, 3.00, 244),
(3202, 55, 7.00, 244),
(3203, 56, 5.00, 244),
(3204, 57, 5.00, 244),
(3205, 61, 6.00, 244),
(3206, 62, 6.00, 244),
(3207, 63, 5.00, 244),
(3208, 69, 4.00, 244),
(3209, 70, 1.00, 244),
(3210, 71, 7.00, 244),
(3211, 92, 3.00, 244),
(3215, 20, 5.00, 245),
(3216, 21, 4.00, 245),
(3217, 22, 5.00, 245),
(3218, 23, 8.00, 245),
(3219, 24, 8.00, 245),
(3220, 25, 7.00, 245),
(3221, 26, 5.00, 245),
(3222, 27, 6.00, 245),
(3223, 28, 7.00, 245),
(3224, 73, 9.00, 245),
(3225, 74, 8.00, 245),
(3226, 77, 10.00, 245),
(3230, 20, 0.00, 246),
(3231, 21, 9.00, 246),
(3232, 22, 0.00, 246),
(3233, 23, 5.00, 246),
(3234, 24, 8.00, 246),
(3235, 25, 0.00, 246),
(3236, 26, 4.00, 246),
(3237, 27, 0.00, 246),
(3238, 28, 0.00, 246),
(3239, 73, 0.00, 246),
(3240, 74, 0.00, 246),
(3241, 77, 10.00, 246),
(3245, 49, 10.00, 247),
(3246, 50, 2.00, 247),
(3247, 51, 4.00, 247),
(3248, 53, 6.00, 247),
(3249, 54, 10.00, 247),
(3250, 59, 10.00, 247),
(3251, 60, 10.00, 247),
(3252, 65, 7.00, 247),
(3253, 66, 6.00, 247),
(3254, 67, 10.00, 247),
(3255, 68, 4.00, 247),
(3260, 30, 8.00, 248),
(3261, 33, 2.00, 248),
(3262, 34, 2.00, 248),
(3263, 35, 6.00, 248),
(3264, 79, 9.00, 248),
(3267, 30, 6.00, 249),
(3268, 33, 2.00, 249),
(3269, 34, 4.00, 249),
(3270, 35, 5.00, 249),
(3271, 79, 6.00, 249),
(3274, 30, 6.00, 250),
(3275, 33, 2.00, 250),
(3276, 34, 3.00, 250),
(3277, 35, 5.00, 250),
(3278, 79, 6.00, 250),
(3281, 80, 2.00, 251),
(3282, 20, 6.00, 252),
(3283, 21, 6.00, 252),
(3284, 22, 8.00, 252),
(3285, 23, 1.00, 252),
(3286, 24, 9.00, 252),
(3287, 25, 8.00, 252),
(3288, 26, 2.00, 252),
(3289, 27, 4.00, 252),
(3290, 28, 6.00, 252),
(3291, 73, 6.00, 252),
(3292, 74, 5.00, 252),
(3293, 77, 10.00, 252),
(3297, 80, 3.00, 253),
(3298, 80, 2.00, 254),
(3299, 49, 0.00, 255),
(3300, 50, 3.00, 255),
(3301, 51, 2.00, 255),
(3302, 53, 3.00, 255),
(3303, 54, 5.00, 255),
(3304, 59, 5.00, 255),
(3305, 60, 8.00, 255),
(3306, 65, 5.00, 255),
(3307, 66, 3.00, 255),
(3308, 67, 7.00, 255),
(3309, 68, 5.00, 255),
(3314, 29, 8.00, 256),
(3315, 32, 4.00, 256),
(3317, 29, 5.00, 257),
(3318, 32, 4.00, 257),
(3320, 29, 5.00, 258),
(3321, 32, 4.00, 258),
(3323, 29, 5.00, 260),
(3324, 32, 7.00, 260),
(3326, 29, 7.00, 261),
(3327, 32, 6.00, 261),
(3329, 29, 7.00, 262),
(3330, 32, 5.00, 262),
(3332, 48, 10.00, 228),
(3333, 52, 8.00, 228),
(3334, 55, 8.00, 228),
(3335, 56, 10.00, 228),
(3336, 57, 7.00, 228),
(3337, 62, 8.00, 228),
(3338, 63, 8.00, 228),
(3339, 70, 0.00, 228),
(3340, 92, 7.00, 228),
(3347, 49, 6.00, 263),
(3348, 50, 0.00, 263),
(3349, 51, 6.00, 263),
(3350, 53, 0.00, 263),
(3351, 54, 10.00, 263),
(3352, 58, 9.00, 263),
(3353, 59, 9.00, 263),
(3354, 60, 10.00, 263),
(3355, 64, 9.00, 263),
(3356, 65, 4.00, 263),
(3357, 66, 8.00, 263),
(3358, 67, 8.00, 263),
(3359, 68, 7.00, 263),
(3362, 30, 7.00, 199),
(3363, 33, 6.00, 199),
(3364, 34, 7.00, 199),
(3365, 35, 7.00, 199),
(3369, 30, 4.00, 201),
(3370, 33, 5.00, 201),
(3371, 34, 4.00, 201),
(3372, 35, 5.00, 201),
(3376, 30, 10.00, 202),
(3377, 33, 6.00, 202),
(3378, 34, 5.00, 202),
(3379, 35, 7.00, 202),
(3383, 30, 4.00, 203),
(3384, 33, 4.00, 203),
(3385, 34, 4.00, 203),
(3386, 35, 5.00, 203),
(3390, 20, 7.00, 264),
(3391, 21, 10.00, 264),
(3392, 22, 7.00, 264),
(3393, 23, 2.00, 264),
(3394, 24, 9.00, 264),
(3395, 25, 7.00, 264),
(3396, 26, 3.00, 264),
(3397, 27, 4.00, 264),
(3398, 28, 7.00, 264),
(3399, 73, 8.00, 264),
(3400, 74, 5.00, 264),
(3401, 77, 9.00, 264),
(3405, 49, 6.00, 265),
(3406, 50, 0.00, 265),
(3407, 51, 6.00, 265),
(3408, 53, 0.00, 265),
(3409, 54, 10.00, 265),
(3410, 58, 9.00, 265),
(3411, 59, 9.00, 265),
(3412, 60, 10.00, 265),
(3413, 64, 9.00, 265),
(3414, 65, 4.00, 265),
(3415, 66, 9.00, 265),
(3416, 67, 8.00, 265),
(3417, 68, 7.00, 265),
(3420, 80, 2.00, 266),
(3421, 39, 5.00, 267),
(3422, 43, 6.00, 267),
(3423, 78, 6.00, 267),
(3424, 81, 9.00, 267),
(3428, 39, 4.00, 268),
(3429, 43, 7.00, 268),
(3430, 78, 5.00, 268),
(3431, 81, 8.00, 268),
(3435, 39, 3.00, 269),
(3436, 43, 6.00, 269),
(3437, 78, 4.00, 269),
(3438, 81, 7.00, 269),
(3442, 76, 8.00, 270),
(3443, 76, 6.00, 271),
(3444, 76, 6.00, 272),
(3445, 86, 8.00, 273),
(3446, 88, 2.00, 273),
(3447, 90, 5.00, 273),
(3448, 91, 4.00, 273),
(3452, 86, 7.00, 274),
(3453, 88, 3.00, 274),
(3454, 90, 6.00, 274),
(3455, 91, 4.00, 274),
(3459, 49, 5.00, 275),
(3460, 50, 2.00, 275),
(3461, 51, 2.00, 275),
(3462, 53, 5.00, 275),
(3463, 54, 9.00, 275),
(3464, 58, 6.00, 275),
(3465, 59, 7.00, 275),
(3466, 60, 6.00, 275),
(3467, 64, 3.00, 275),
(3468, 65, 6.00, 275),
(3469, 66, 5.00, 275),
(3470, 67, 10.00, 275),
(3471, 68, 3.00, 275),
(3474, 86, 7.00, 276),
(3475, 88, 3.00, 276),
(3476, 90, 5.00, 276),
(3477, 91, 4.00, 276),
(3481, 49, 4.00, 277),
(3482, 50, 4.00, 277),
(3483, 51, 2.00, 277),
(3484, 53, 4.00, 277),
(3485, 54, 10.00, 277),
(3486, 58, 4.00, 277),
(3487, 59, 5.00, 277),
(3488, 60, 7.00, 277),
(3489, 64, 4.00, 277),
(3490, 65, 4.00, 277),
(3491, 66, 6.00, 277),
(3492, 67, 7.00, 277),
(3493, 68, 9.00, 277),
(3496, 80, 6.00, 278),
(3497, 80, 2.00, 279),
(3498, 86, 5.00, 281),
(3499, 88, 2.00, 281),
(3500, 90, 3.00, 281),
(3501, 91, 3.00, 281),
(3505, 48, 9.00, 282),
(3506, 52, 4.00, 282),
(3507, 55, 9.00, 282),
(3508, 56, 9.00, 282),
(3509, 57, 9.00, 282),
(3510, 62, 7.00, 282),
(3511, 63, 6.00, 282),
(3512, 70, 0.00, 282),
(3513, 92, 5.00, 282),
(3520, 48, 6.00, 283),
(3521, 52, 2.00, 283),
(3522, 55, 7.00, 283),
(3523, 56, 7.00, 283),
(3524, 57, 7.00, 283),
(3525, 61, 2.00, 283),
(3526, 62, 3.00, 283),
(3527, 63, 5.00, 283),
(3528, 69, 3.00, 283),
(3529, 70, 6.00, 283),
(3530, 71, 9.00, 283),
(3531, 92, 3.00, 283),
(3535, 86, 10.00, 284),
(3536, 88, 4.00, 284),
(3537, 90, 9.00, 284),
(3538, 91, 7.00, 284),
(3542, 86, 5.00, 285),
(3543, 88, 2.00, 285),
(3544, 90, 3.00, 285),
(3545, 91, 3.00, 285),
(3549, 1, 4.00, 220),
(3550, 2, 10.00, 220),
(3551, 4, 6.00, 220),
(3552, 5, 8.00, 220),
(3553, 6, 9.00, 220),
(3554, 7, 6.00, 220),
(3555, 9, 9.00, 220),
(3556, 10, 0.00, 220),
(3557, 44, 8.00, 220),
(3558, 72, 7.00, 220),
(3564, 1, 8.00, 286),
(3565, 2, 10.00, 286),
(3566, 4, 8.00, 286),
(3567, 5, 10.00, 286),
(3568, 6, 10.00, 286),
(3569, 7, 8.00, 286),
(3570, 9, 7.00, 286),
(3571, 10, 4.00, 286),
(3572, 44, 10.00, 286),
(3573, 72, 7.00, 286),
(3579, 48, 7.00, 287),
(3580, 52, 5.00, 287),
(3581, 55, 9.00, 287),
(3582, 56, 9.00, 287),
(3583, 57, 6.00, 287),
(3584, 62, 7.00, 287),
(3585, 63, 6.00, 287),
(3586, 70, 0.00, 287),
(3587, 92, 5.00, 287),
(3594, 1, 3.00, 288),
(3595, 2, 8.00, 288),
(3596, 4, 6.00, 288),
(3597, 5, 5.00, 288),
(3598, 6, 6.00, 288),
(3599, 7, 5.00, 288),
(3600, 9, 6.00, 288),
(3601, 10, 2.00, 288),
(3602, 44, 5.00, 288),
(3603, 72, 6.00, 288),
(3609, 11, 5.00, 289),
(3610, 12, 5.00, 289),
(3611, 13, 9.00, 289),
(3612, 14, 5.00, 289),
(3613, 15, 5.00, 289),
(3614, 17, 5.00, 289),
(3615, 19, 4.00, 289),
(3616, 45, 5.00, 289),
(3617, 47, 5.00, 289),
(3618, 75, 5.00, 289),
(3624, 11, 10.00, 290),
(3625, 12, 10.00, 290),
(3626, 13, 10.00, 290),
(3627, 14, 4.00, 290),
(3628, 15, 4.00, 290),
(3629, 17, 8.00, 290),
(3630, 19, 10.00, 290),
(3631, 45, 10.00, 290),
(3632, 47, 10.00, 290),
(3633, 75, 8.00, 290),
(3639, 11, 7.00, 291),
(3640, 12, 7.00, 291),
(3641, 13, 9.00, 291),
(3642, 14, 2.00, 291),
(3643, 15, 3.00, 291),
(3644, 17, 7.00, 291),
(3645, 19, 6.00, 291),
(3646, 45, 7.00, 291),
(3647, 47, 4.00, 291),
(3648, 75, 5.00, 291),
(3654, 48, 6.00, 292),
(3655, 52, 5.00, 292),
(3656, 55, 5.00, 292),
(3657, 56, 5.00, 292),
(3658, 57, 5.00, 292),
(3659, 61, 6.00, 292),
(3660, 62, 5.00, 292),
(3661, 63, 5.00, 292),
(3662, 69, 6.00, 292),
(3663, 70, 4.00, 292),
(3664, 71, 9.00, 292),
(3665, 92, 10.00, 292),
(3669, 30, 3.00, 280),
(3670, 33, 3.00, 280),
(3671, 34, 3.00, 280),
(3672, 35, 3.00, 280),
(3673, 79, 3.00, 280),
(3676, 48, 6.00, 293),
(3677, 52, 6.00, 293),
(3678, 55, 6.00, 293),
(3679, 56, 6.00, 293),
(3680, 57, 6.00, 293),
(3681, 61, 7.00, 293),
(3682, 62, 5.00, 293),
(3683, 63, 6.00, 293),
(3684, 69, 6.00, 293),
(3685, 70, 4.00, 293),
(3686, 71, 9.00, 293),
(3687, 92, 6.00, 293),
(3691, 30, 7.00, 259),
(3692, 33, 4.00, 259),
(3693, 34, 4.00, 259),
(3694, 35, 5.00, 259),
(3695, 79, 7.00, 259),
(3698, 30, 8.00, 294),
(3699, 33, 4.00, 294),
(3700, 34, 2.00, 294),
(3701, 35, 4.00, 294),
(3702, 79, 10.00, 294),
(3705, 30, 5.00, 295),
(3706, 33, 3.00, 295),
(3707, 34, 2.00, 295),
(3708, 35, 2.00, 295),
(3709, 79, 10.00, 295);
INSERT INTO `assessment_details` (`assessment_detail_id`, `student_id`, `score`, `assessment_id`) VALUES
(3712, 30, 9.00, 296),
(3713, 33, 0.00, 296),
(3714, 34, 4.00, 296),
(3715, 35, 4.00, 296),
(3716, 79, 9.00, 296),
(3719, 30, 10.00, 297),
(3720, 33, 7.00, 297),
(3721, 34, 7.00, 297),
(3722, 35, 9.00, 297),
(3723, 79, 10.00, 297),
(3726, 30, 10.00, 298),
(3727, 33, 6.00, 298),
(3728, 34, 5.00, 298),
(3729, 35, 7.00, 298),
(3730, 79, 10.00, 298),
(3733, 30, 7.00, 299),
(3734, 33, 3.00, 299),
(3735, 34, 4.00, 299),
(3736, 35, 6.00, 299),
(3737, 79, 9.00, 299),
(3740, 80, 7.00, 300),
(3741, 30, 3.00, 301),
(3742, 33, 3.00, 301),
(3743, 34, 3.00, 301),
(3744, 35, 3.00, 301),
(3745, 79, 3.00, 301),
(3748, 80, 2.00, 302),
(3749, 80, 2.00, 303),
(3750, 39, 9.00, 305),
(3751, 43, 8.00, 305),
(3752, 78, 10.00, 305),
(3753, 81, 10.00, 305),
(3757, 39, 2.00, 306),
(3758, 43, 10.00, 306),
(3759, 78, 8.00, 306),
(3760, 81, 10.00, 306),
(3764, 39, 1.00, 307),
(3765, 43, 5.00, 307),
(3766, 78, 4.00, 307),
(3767, 81, 7.00, 307),
(3771, 29, 7.00, 308),
(3772, 32, 5.00, 308),
(3774, 29, 6.00, 309),
(3775, 32, 2.00, 309),
(3777, 29, 2.00, 310),
(3778, 32, 2.00, 310),
(3780, 29, 10.00, 311),
(3783, 29, 8.00, 312),
(3786, 29, 5.00, 313),
(3789, 80, 5.00, 314),
(3790, 80, 1.00, 315),
(3791, 80, 0.00, 316),
(3792, 48, 10.00, 317),
(3793, 52, 6.00, 317),
(3794, 55, 9.00, 317),
(3795, 56, 9.00, 317),
(3796, 57, 10.00, 317),
(3797, 61, 3.00, 317),
(3798, 62, 8.00, 317),
(3799, 63, 6.00, 317),
(3800, 69, 5.00, 317),
(3801, 70, 7.00, 317),
(3802, 71, 10.00, 317),
(3803, 92, 5.00, 317),
(3807, 49, 4.00, 318),
(3808, 50, 3.00, 318),
(3809, 51, 3.00, 318),
(3810, 53, 3.00, 318),
(3811, 54, 4.00, 318),
(3812, 58, 3.00, 318),
(3813, 59, 4.00, 318),
(3814, 60, 4.00, 318),
(3815, 64, 3.00, 318),
(3816, 65, 4.00, 318),
(3817, 66, 4.00, 318),
(3818, 67, 4.00, 318),
(3819, 68, 4.00, 318),
(3820, 94, 4.00, 318),
(3822, 80, 2.00, 319),
(3823, 80, 5.00, 320),
(3824, 80, 2.00, 321),
(3825, 29, 4.00, 322),
(3826, 32, 4.00, 322),
(3828, 29, 6.00, 323),
(3829, 32, 6.00, 323),
(3831, 29, 3.00, 324),
(3832, 32, 3.00, 324),
(3834, 39, 3.00, 325),
(3835, 43, 4.00, 325),
(3836, 78, 4.00, 325),
(3837, 81, 3.00, 325),
(3841, 39, 7.00, 326),
(3842, 43, 8.00, 326),
(3843, 78, 6.00, 326),
(3844, 81, 9.00, 326),
(3848, 39, 4.00, 327),
(3849, 43, 3.00, 327),
(3850, 78, 4.00, 327),
(3851, 81, 3.00, 327),
(3855, 76, 4.00, 328),
(3856, 76, 6.00, 329),
(3857, 76, 3.00, 330),
(3858, 86, 3.00, 331),
(3859, 88, 2.00, 331),
(3860, 90, 3.00, 331),
(3861, 91, 3.00, 331),
(3865, 86, 8.00, 332),
(3866, 88, 4.00, 332),
(3867, 90, 6.00, 332),
(3868, 91, 5.00, 332),
(3872, 86, 4.00, 333),
(3873, 88, 2.00, 333),
(3874, 90, 3.00, 333),
(3875, 91, 3.00, 333),
(3879, 1, 2.00, 334),
(3880, 2, 4.00, 334),
(3881, 4, 3.00, 334),
(3882, 5, 4.00, 334),
(3883, 6, 4.00, 334),
(3884, 7, 4.00, 334),
(3885, 8, 0.00, 334),
(3886, 9, 4.00, 334),
(3887, 10, 2.00, 334),
(3888, 44, 3.00, 334),
(3889, 72, 3.00, 334),
(3890, 93, 3.00, 334),
(3894, 86, 9.00, 335),
(3895, 88, 6.00, 335),
(3896, 90, 10.00, 335),
(3897, 91, 10.00, 335),
(3901, 1, 5.00, 336),
(3902, 2, 8.00, 336),
(3903, 4, 7.00, 336),
(3904, 5, 6.00, 336),
(3905, 6, 9.00, 336),
(3906, 7, 8.00, 336),
(3907, 8, 0.00, 336),
(3908, 9, 9.00, 336),
(3909, 10, 4.00, 336),
(3910, 44, 6.00, 336),
(3911, 72, 6.00, 336),
(3912, 93, 5.00, 336),
(3916, 76, 8.00, 337),
(3917, 1, 3.00, 338),
(3918, 2, 4.00, 338),
(3919, 4, 4.00, 338),
(3920, 5, 3.00, 338),
(3921, 6, 4.00, 338),
(3922, 7, 4.00, 338),
(3923, 8, 0.00, 338),
(3924, 9, 3.00, 338),
(3925, 10, 2.00, 338),
(3926, 44, 3.00, 338),
(3927, 72, 4.00, 338),
(3928, 93, 2.00, 338),
(3932, 76, 8.00, 339),
(3933, 76, 6.00, 340),
(3934, 20, 4.00, 341),
(3935, 21, 5.00, 341),
(3936, 22, 4.00, 341),
(3937, 23, 3.00, 341),
(3938, 24, 3.00, 341),
(3939, 25, 4.00, 341),
(3940, 26, 3.00, 341),
(3941, 27, 3.00, 341),
(3942, 28, 4.00, 341),
(3943, 73, 4.00, 341),
(3944, 74, 4.00, 341),
(3945, 77, 4.00, 341),
(3949, 76, 6.00, 342),
(3950, 76, 9.00, 343),
(3951, 76, 7.00, 344),
(3952, 86, 8.00, 345),
(3953, 88, 1.00, 345),
(3954, 90, 5.00, 345),
(3955, 91, 3.00, 345),
(3959, 86, 6.00, 346),
(3960, 88, 1.00, 346),
(3961, 90, 4.00, 346),
(3962, 91, 2.00, 346),
(3966, 20, 8.00, 347),
(3967, 21, 9.00, 347),
(3968, 22, 10.00, 347),
(3969, 23, 5.00, 347),
(3970, 24, 10.00, 347),
(3971, 25, 8.00, 347),
(3972, 26, 7.00, 347),
(3973, 27, 6.00, 347),
(3974, 28, 10.00, 347),
(3975, 73, 9.00, 347),
(3976, 74, 7.00, 347),
(3977, 77, 10.00, 347),
(3981, 39, 8.00, 348),
(3982, 43, 10.00, 348),
(3983, 78, 10.00, 348),
(3984, 81, 9.00, 348),
(3988, 20, 3.00, 349),
(3989, 21, 4.00, 349),
(3990, 22, 3.00, 349),
(3991, 23, 3.00, 349),
(3992, 24, 4.00, 349),
(3993, 25, 4.00, 349),
(3994, 26, 4.00, 349),
(3995, 27, 3.00, 349),
(3996, 28, 3.00, 349),
(3997, 73, 4.00, 349),
(3998, 74, 3.00, 349),
(3999, 77, 5.00, 349),
(4003, 39, 5.00, 350),
(4004, 43, 8.00, 350),
(4005, 78, 9.00, 350),
(4006, 81, 8.00, 350),
(4010, 39, 4.00, 351),
(4011, 43, 5.00, 351),
(4012, 78, 7.00, 351),
(4013, 81, 6.00, 351),
(4017, 11, 5.00, 352),
(4018, 12, 3.00, 352),
(4019, 13, 3.00, 352),
(4020, 14, 3.00, 352),
(4021, 15, 3.00, 352),
(4022, 17, 3.00, 352),
(4023, 19, 4.00, 352),
(4024, 45, 4.00, 352),
(4025, 47, 4.00, 352),
(4026, 75, 4.00, 352),
(4032, 11, 9.00, 353),
(4033, 12, 8.00, 353),
(4034, 13, 8.00, 353),
(4035, 14, 6.00, 353),
(4036, 15, 4.00, 353),
(4037, 17, 8.00, 353),
(4038, 19, 8.00, 353),
(4039, 45, 8.00, 353),
(4040, 47, 8.00, 353),
(4041, 75, 6.00, 353),
(4047, 1, 6.00, 354),
(4048, 2, 6.00, 354),
(4049, 4, 10.00, 354),
(4050, 5, 7.00, 354),
(4051, 6, 10.00, 354),
(4052, 7, 6.00, 354),
(4054, 9, 10.00, 354),
(4055, 10, 4.00, 354),
(4056, 44, 7.00, 354),
(4057, 72, 10.00, 354),
(4062, 11, 4.00, 355),
(4063, 12, 4.00, 355),
(4064, 13, 4.00, 355),
(4065, 14, 3.00, 355),
(4066, 15, 2.00, 355),
(4067, 17, 4.00, 355),
(4068, 19, 4.00, 355),
(4069, 45, 3.00, 355),
(4070, 47, 3.00, 355),
(4071, 75, 3.00, 355),
(4077, 1, 6.00, 356),
(4078, 2, 9.00, 356),
(4079, 4, 5.00, 356),
(4080, 5, 9.00, 356),
(4081, 6, 9.00, 356),
(4082, 7, 9.00, 356),
(4084, 9, 9.00, 356),
(4085, 10, 4.00, 356),
(4086, 44, 9.00, 356),
(4087, 72, 8.00, 356),
(4092, 1, 6.00, 357),
(4093, 2, 7.00, 357),
(4094, 4, 6.00, 357),
(4095, 5, 7.00, 357),
(4096, 6, 7.00, 357),
(4097, 7, 7.00, 357),
(4099, 9, 9.00, 357),
(4100, 10, 3.00, 357),
(4101, 44, 7.00, 357),
(4102, 72, 9.00, 357),
(4107, 48, 4.00, 358),
(4108, 52, 3.00, 358),
(4109, 55, 4.00, 358),
(4110, 56, 4.00, 358),
(4111, 57, 4.00, 358),
(4112, 61, 4.00, 358),
(4113, 62, 5.00, 358),
(4114, 63, 3.00, 358),
(4115, 69, 2.00, 358),
(4116, 70, 3.00, 358),
(4117, 71, 5.00, 358),
(4118, 92, 4.00, 358),
(4119, 95, 4.00, 358),
(4120, 96, 5.00, 358),
(4122, 11, 9.00, 359),
(4123, 12, 10.00, 359),
(4124, 13, 9.00, 359),
(4125, 14, 10.00, 359),
(4126, 15, 6.00, 359),
(4127, 17, 9.00, 359),
(4128, 19, 0.00, 359),
(4129, 45, 0.00, 359),
(4130, 47, 0.00, 359),
(4131, 75, 0.00, 359),
(4137, 48, 8.00, 360),
(4138, 52, 6.00, 360),
(4139, 55, 9.00, 360),
(4140, 56, 8.00, 360),
(4141, 57, 6.00, 360),
(4142, 61, 8.00, 360),
(4143, 62, 9.00, 360),
(4144, 63, 7.00, 360),
(4145, 69, 5.00, 360),
(4146, 70, 6.00, 360),
(4147, 71, 9.00, 360),
(4148, 92, 6.00, 360),
(4149, 95, 6.00, 360),
(4150, 96, 9.00, 360),
(4152, 48, 3.00, 361),
(4153, 52, 3.00, 361),
(4154, 55, 4.00, 361),
(4155, 56, 4.00, 361),
(4156, 57, 3.00, 361),
(4157, 61, 4.00, 361),
(4158, 62, 4.00, 361),
(4159, 63, 4.00, 361),
(4160, 69, 3.00, 361),
(4161, 70, 3.00, 361),
(4162, 71, 4.00, 361),
(4163, 92, 3.00, 361),
(4164, 95, 3.00, 361),
(4165, 96, 4.00, 361),
(4167, 11, 9.00, 362),
(4168, 12, 6.00, 362),
(4169, 13, 9.00, 362),
(4170, 14, 8.00, 362),
(4171, 15, 5.00, 362),
(4172, 17, 8.00, 362),
(4173, 19, 9.00, 362),
(4174, 45, 7.00, 362),
(4175, 47, 8.00, 362),
(4176, 75, 4.00, 362),
(4182, 11, 9.00, 363),
(4183, 12, 3.00, 363),
(4184, 13, 9.00, 363),
(4185, 14, 7.00, 363),
(4186, 15, 10.00, 363),
(4187, 17, 7.00, 363),
(4188, 19, 7.00, 363),
(4189, 45, 7.00, 363),
(4190, 47, 7.00, 363),
(4191, 75, 10.00, 363),
(4197, 49, 6.00, 364),
(4198, 50, 5.00, 364),
(4199, 51, 5.00, 364),
(4200, 53, 5.00, 364),
(4201, 54, 10.00, 364),
(4202, 58, 5.00, 364),
(4203, 59, 8.00, 364),
(4204, 60, 9.00, 364),
(4205, 64, 6.00, 364),
(4206, 65, 8.00, 364),
(4207, 66, 9.00, 364),
(4208, 67, 9.00, 364),
(4209, 68, 8.00, 364),
(4210, 94, 5.00, 364),
(4212, 49, 3.00, 365),
(4213, 50, 3.00, 365),
(4214, 51, 2.00, 365),
(4215, 53, 3.00, 365),
(4216, 54, 5.00, 365),
(4217, 58, 2.00, 365),
(4218, 59, 4.00, 365),
(4219, 60, 4.00, 365),
(4220, 64, 4.00, 365),
(4221, 65, 3.00, 365),
(4222, 66, 4.00, 365),
(4223, 67, 4.00, 365),
(4224, 68, 4.00, 365),
(4225, 94, 4.00, 365),
(4227, 1, 9.00, 366),
(4228, 2, 6.00, 366),
(4229, 4, 9.00, 366),
(4230, 5, 7.00, 366),
(4231, 6, 9.00, 366),
(4232, 7, 6.00, 366),
(4234, 9, 10.00, 366),
(4235, 10, 4.00, 366),
(4236, 44, 7.00, 366),
(4237, 72, 8.00, 366),
(4242, 1, 7.00, 367),
(4243, 2, 9.00, 367),
(4244, 4, 6.00, 367),
(4245, 5, 7.00, 367),
(4246, 6, 9.00, 367),
(4247, 7, 9.00, 367),
(4249, 9, 9.00, 367),
(4250, 10, 4.00, 367),
(4251, 44, 9.00, 367),
(4252, 72, 8.00, 367),
(4257, 1, 6.00, 368),
(4258, 2, 6.00, 368),
(4259, 4, 5.00, 368),
(4260, 5, 7.00, 368),
(4261, 6, 8.00, 368),
(4262, 7, 8.00, 368),
(4264, 9, 9.00, 368),
(4265, 10, 3.00, 368),
(4266, 44, 6.00, 368),
(4267, 72, 8.00, 368),
(4272, 80, 10.00, 370),
(4273, 80, 6.00, 371),
(4274, 80, 6.00, 372),
(4275, 86, 9.00, 373),
(4277, 88, 7.00, 373),
(4278, 90, 6.00, 373),
(4279, 91, 6.00, 373),
(4282, 86, 9.00, 374),
(4284, 88, 6.00, 374),
(4285, 90, 6.00, 374),
(4286, 91, 5.00, 374),
(4289, 39, 2.00, 375),
(4290, 43, 4.00, 375),
(4291, 78, 3.00, 375),
(4292, 81, 4.00, 375),
(4296, 86, 7.00, 376),
(4298, 88, 6.00, 376),
(4299, 90, 6.00, 376),
(4300, 91, 6.00, 376),
(4303, 39, 4.00, 377),
(4304, 43, 9.00, 377),
(4305, 78, 5.00, 377),
(4306, 81, 10.00, 377),
(4310, 39, 2.00, 378),
(4311, 43, 4.00, 378),
(4312, 78, 3.00, 378),
(4313, 81, 5.00, 378),
(4317, 76, 5.00, 379),
(4318, 76, 9.00, 380),
(4319, 76, 4.00, 381),
(4320, 86, 4.00, 382),
(4321, 88, 1.00, 382),
(4322, 90, 3.00, 382),
(4323, 91, 1.00, 382),
(4327, 86, 8.00, 383),
(4328, 88, 3.00, 383),
(4329, 90, 7.00, 383),
(4330, 91, 2.00, 383),
(4334, 86, 4.00, 384),
(4335, 88, 2.00, 384),
(4336, 90, 4.00, 384),
(4337, 91, 1.00, 384),
(4341, 11, 9.00, 385),
(4342, 12, 9.00, 385),
(4343, 13, 9.00, 385),
(4344, 14, 9.00, 385),
(4345, 15, 6.00, 385),
(4346, 17, 9.00, 385),
(4347, 19, 10.00, 385),
(4348, 45, 10.00, 385),
(4349, 47, 10.00, 385),
(4350, 75, 6.00, 385),
(4356, 11, 9.00, 386),
(4357, 12, 6.00, 386),
(4358, 13, 9.00, 386),
(4359, 14, 8.00, 386),
(4360, 15, 5.00, 386),
(4361, 17, 8.00, 386),
(4362, 19, 10.00, 386),
(4363, 45, 8.00, 386),
(4364, 47, 6.00, 386),
(4365, 75, 4.00, 386),
(4371, 11, 9.00, 387),
(4372, 12, 6.00, 387),
(4373, 13, 9.00, 387),
(4374, 14, 8.00, 387),
(4375, 15, 5.00, 387),
(4376, 17, 6.00, 387),
(4377, 19, 9.00, 387),
(4378, 45, 7.00, 387),
(4379, 47, 8.00, 387),
(4380, 75, 4.00, 387),
(4386, 48, 7.00, 388),
(4387, 52, 6.00, 388),
(4388, 55, 7.00, 388),
(4389, 56, 6.00, 388),
(4390, 57, 6.00, 388),
(4391, 61, 4.00, 388),
(4392, 62, 6.00, 388),
(4393, 63, 6.00, 388),
(4394, 69, 6.00, 388),
(4395, 70, 6.00, 388),
(4396, 71, 7.00, 388),
(4397, 92, 6.00, 388),
(4398, 95, 6.00, 388),
(4399, 96, 8.00, 388),
(4401, 93, 0.00, 220),
(4402, 94, 3.00, 206),
(4403, 95, 4.00, 218),
(4404, 96, 10.00, 218),
(4406, 94, 4.00, 275),
(4407, 94, 3.00, 277),
(4408, 95, 5.00, 239),
(4409, 96, 7.00, 239),
(4411, 95, 4.00, 283),
(4412, 96, 6.00, 283),
(4414, 32, 0.00, 311),
(4415, 48, 8.00, 389),
(4416, 52, 6.00, 389),
(4417, 55, 8.00, 389),
(4418, 56, 8.00, 389),
(4419, 57, 8.00, 389),
(4420, 61, 5.00, 389),
(4421, 62, 7.00, 389),
(4422, 63, 9.00, 389),
(4423, 69, 5.00, 389),
(4424, 70, 5.00, 389),
(4425, 71, 9.00, 389),
(4426, 92, 5.00, 389),
(4427, 95, 9.00, 389),
(4428, 96, 8.00, 389),
(4430, 20, 8.00, 369),
(4431, 21, 9.00, 369),
(4432, 22, 9.00, 369),
(4433, 23, 0.00, 369),
(4434, 24, 10.00, 369),
(4435, 25, 10.00, 369),
(4436, 26, 8.00, 369),
(4437, 27, 6.00, 369),
(4438, 28, 8.00, 369),
(4439, 73, 10.00, 369),
(4440, 74, 5.00, 369),
(4441, 77, 10.00, 369),
(4445, 49, 7.00, 390),
(4446, 50, 9.00, 390),
(4447, 51, 6.00, 390),
(4448, 53, 9.00, 390),
(4449, 54, 9.00, 390),
(4450, 58, 7.00, 390),
(4451, 59, 10.00, 390),
(4452, 60, 5.00, 390),
(4453, 64, 7.00, 390),
(4454, 65, 9.00, 390),
(4455, 66, 6.00, 390),
(4456, 67, 10.00, 390),
(4457, 68, 7.00, 390),
(4458, 94, 5.00, 390),
(4460, 30, 7.00, 179),
(4461, 33, 7.00, 179),
(4462, 34, 7.00, 179),
(4463, 35, 8.00, 179),
(4464, 79, 8.00, 179),
(4467, 76, 9.00, 188),
(4468, 76, 8.00, 391),
(4469, 76, 9.00, 392),
(4470, 20, 7.00, 393),
(4471, 21, 9.00, 393),
(4472, 22, 10.00, 393),
(4473, 23, 0.00, 393),
(4474, 24, 8.00, 393),
(4475, 25, 8.00, 393),
(4476, 26, 8.00, 393),
(4477, 27, 6.00, 393),
(4478, 28, 5.00, 393),
(4479, 73, 9.00, 393),
(4480, 74, 8.00, 393),
(4481, 77, 10.00, 393),
(4485, 86, 9.00, 177),
(4486, 88, 2.00, 177),
(4487, 90, 8.00, 177),
(4488, 91, 8.00, 177),
(4492, 95, 4.00, 183),
(4493, 96, 4.00, 183),
(4495, 94, 5.00, 194),
(4496, 20, 7.00, 394),
(4497, 21, 9.00, 394),
(4498, 22, 9.00, 394),
(4499, 23, 0.00, 394),
(4500, 24, 8.00, 394),
(4501, 25, 8.00, 394),
(4502, 26, 8.00, 394),
(4503, 27, 5.00, 394),
(4504, 28, 5.00, 394),
(4505, 73, 9.00, 394),
(4506, 74, 8.00, 394),
(4507, 77, 10.00, 394),
(4511, 20, 7.00, 395),
(4512, 21, 7.00, 395),
(4513, 22, 7.00, 395),
(4514, 23, 7.00, 395),
(4515, 24, 9.00, 395),
(4516, 25, 8.00, 395),
(4517, 26, 8.00, 395),
(4518, 27, 6.00, 395),
(4519, 28, 8.00, 395),
(4520, 73, 9.00, 395),
(4521, 74, 9.00, 395),
(4522, 77, 10.00, 395),
(4526, 95, 6.00, 211),
(4527, 96, 8.00, 211),
(4529, 20, 6.00, 396),
(4530, 21, 7.00, 396),
(4531, 22, 8.00, 396),
(4532, 23, 5.00, 396),
(4533, 24, 7.00, 396),
(4534, 25, 7.00, 396),
(4535, 26, 7.00, 396),
(4536, 27, 5.00, 396),
(4537, 28, 5.00, 396),
(4538, 73, 6.00, 396),
(4539, 74, 6.00, 396),
(4540, 77, 10.00, 396),
(4544, 95, 6.00, 317),
(4545, 96, 7.00, 317),
(4547, 20, 6.00, 397),
(4548, 21, 6.00, 397),
(4549, 22, 7.00, 397),
(4550, 23, 5.00, 397),
(4551, 24, 7.00, 397),
(4552, 25, 7.00, 397),
(4553, 26, 6.00, 397),
(4554, 27, 5.00, 397),
(4555, 28, 5.00, 397),
(4556, 73, 6.00, 397),
(4557, 74, 7.00, 397),
(4558, 77, 8.00, 397),
(4562, 93, 5.00, 354),
(4563, 49, 4.00, 398),
(4564, 50, 5.00, 398),
(4565, 51, 4.00, 398),
(4566, 53, 4.00, 398),
(4567, 54, 7.00, 398),
(4568, 58, 7.00, 398),
(4569, 59, 5.00, 398),
(4570, 60, 7.00, 398),
(4571, 64, 5.00, 398),
(4572, 65, 8.00, 398),
(4573, 66, 10.00, 398),
(4574, 67, 10.00, 398),
(4575, 68, 7.00, 398),
(4576, 94, 5.00, 398),
(4578, 93, 7.00, 356),
(4579, 93, 0.00, 357),
(4580, 49, 4.00, 399),
(4581, 50, 4.00, 399),
(4582, 51, 4.00, 399),
(4583, 53, 4.00, 399),
(4584, 54, 7.00, 399),
(4585, 58, 7.00, 399),
(4586, 59, 4.00, 399),
(4587, 60, 6.00, 399),
(4588, 64, 5.00, 399),
(4589, 65, 7.00, 399),
(4590, 66, 9.00, 399),
(4591, 67, 9.00, 399),
(4592, 68, 6.00, 399),
(4593, 94, 5.00, 399),
(4595, 93, 2.00, 189),
(4596, 93, 6.00, 190),
(4597, 93, 6.00, 366),
(4598, 93, 6.00, 367),
(4599, 93, 2.00, 368),
(4600, 1, 5.00, 400),
(4601, 2, 9.00, 400),
(4602, 4, 4.00, 400),
(4603, 5, 8.00, 400),
(4604, 6, 9.00, 400),
(4605, 7, 10.00, 400),
(4606, 9, 6.00, 400),
(4607, 10, 3.00, 400),
(4608, 44, 6.00, 400),
(4609, 72, 7.00, 400),
(4610, 93, 6.00, 400),
(4615, 94, 3.00, 224),
(4616, 94, 3.00, 263),
(4617, 94, 10.00, 265),
(4618, 11, 8.00, 401),
(4619, 12, 10.00, 401),
(4620, 13, 9.00, 401),
(4621, 14, 6.00, 401),
(4622, 15, 7.00, 401),
(4623, 17, 10.00, 401),
(4624, 19, 9.00, 401),
(4625, 45, 8.00, 401),
(4626, 47, 9.00, 401),
(4627, 75, 9.00, 401),
(4633, 11, 7.00, 402),
(4634, 12, 10.00, 402),
(4635, 13, 9.00, 402),
(4636, 14, 5.00, 402),
(4637, 15, 6.00, 402),
(4638, 17, 9.00, 402),
(4639, 19, 9.00, 402),
(4640, 45, 7.00, 402),
(4641, 47, 9.00, 402),
(4642, 75, 8.00, 402),
(4648, 20, 8.00, 403),
(4649, 21, 10.00, 403),
(4650, 22, 8.00, 403),
(4651, 23, 6.00, 403),
(4652, 24, 10.00, 403),
(4653, 25, 8.00, 403),
(4654, 26, 9.00, 403),
(4655, 27, 5.00, 403),
(4656, 28, 9.00, 403),
(4657, 73, 10.00, 403),
(4658, 74, 9.00, 403),
(4659, 77, 10.00, 403),
(4663, 20, 7.00, 404),
(4664, 21, 9.00, 404),
(4665, 22, 8.00, 404),
(4666, 23, 6.00, 404),
(4667, 24, 10.00, 404),
(4668, 25, 7.00, 404),
(4669, 26, 9.00, 404),
(4670, 27, 5.00, 404),
(4671, 28, 9.00, 404),
(4672, 73, 9.00, 404),
(4673, 74, 8.00, 404),
(4674, 77, 10.00, 404),
(4678, 30, 9.00, 304),
(4679, 33, 7.00, 304),
(4680, 34, 6.00, 304),
(4681, 35, 8.00, 304),
(4682, 79, 8.00, 304),
(4685, 30, 8.00, 405),
(4686, 33, 6.00, 405),
(4687, 34, 5.00, 405),
(4688, 35, 8.00, 405),
(4689, 79, 7.00, 405),
(4692, 29, 7.00, 406),
(4693, 32, 7.00, 406),
(4695, 29, 7.00, 407),
(4696, 32, 7.00, 407),
(4698, 29, 7.00, 408),
(4699, 32, 6.00, 408),
(4701, 80, 4.00, 409),
(4702, 80, 3.00, 410),
(4703, 80, 8.00, 185),
(4704, 80, 4.00, 186),
(4705, 80, 3.00, 187),
(4706, 29, 8.00, 411),
(4707, 32, 8.00, 411),
(4709, 29, 8.00, 412),
(4710, 32, 5.00, 412),
(4712, 29, 7.00, 413),
(4713, 32, 5.00, 413),
(4715, 29, 8.00, 414),
(4716, 32, 8.00, 414),
(4718, 29, 6.00, 415),
(4719, 32, 5.00, 415),
(4721, 29, 6.00, 416),
(4722, 32, 5.00, 416),
(4724, 76, 10.00, 417),
(4725, 76, 9.00, 418),
(4726, 76, 10.00, 419),
(4727, 86, 10.00, 178),
(4728, 88, 3.00, 178),
(4729, 90, 6.00, 178),
(4730, 91, 6.00, 178),
(4734, 86, 9.00, 420),
(4735, 88, 3.00, 420),
(4736, 90, 6.00, 420),
(4737, 91, 5.00, 420),
(4741, 49, 5.00, 421),
(4742, 50, 8.00, 421),
(4743, 51, 7.00, 421),
(4744, 53, 6.00, 421),
(4745, 54, 8.00, 421),
(4746, 58, 6.00, 421),
(4747, 59, 7.00, 421),
(4748, 60, 8.00, 421),
(4749, 64, 5.00, 421),
(4750, 65, 6.00, 421),
(4751, 66, 8.00, 421),
(4752, 67, 9.00, 421),
(4753, 68, 6.00, 421),
(4754, 94, 5.00, 421),
(4756, 39, 6.00, 422),
(4757, 43, 5.00, 422),
(4758, 78, 5.00, 422),
(4759, 81, 5.00, 422),
(4763, 49, 8.00, 423),
(4764, 50, 7.00, 423),
(4765, 51, 10.00, 423),
(4766, 53, 7.00, 423),
(4767, 54, 10.00, 423),
(4768, 58, 8.00, 423),
(4769, 59, 10.00, 423),
(4770, 60, 10.00, 423),
(4771, 64, 7.00, 423),
(4772, 65, 8.00, 423),
(4773, 66, 8.00, 423),
(4774, 67, 10.00, 423),
(4775, 68, 8.00, 423),
(4778, 94, 7.00, 423),
(4779, 49, 9.00, 424),
(4780, 50, 6.00, 424),
(4781, 51, 4.00, 424),
(4782, 53, 6.00, 424),
(4783, 54, 9.00, 424),
(4784, 58, 8.00, 424),
(4785, 59, 10.00, 424),
(4786, 60, 10.00, 424),
(4787, 64, 5.00, 424),
(4788, 65, 6.00, 424),
(4789, 66, 8.00, 424),
(4790, 67, 10.00, 424),
(4791, 68, 6.00, 424),
(4792, 94, 5.00, 424),
(4794, 49, 9.00, 425),
(4795, 50, 6.00, 425),
(4796, 51, 2.00, 425),
(4797, 53, 5.00, 425),
(4798, 54, 8.00, 425),
(4799, 58, 7.00, 425),
(4800, 59, 9.00, 425),
(4801, 60, 10.00, 425),
(4802, 64, 5.00, 425),
(4803, 65, 5.00, 425),
(4804, 66, 7.00, 425),
(4805, 67, 10.00, 425),
(4806, 68, 5.00, 425),
(4807, 94, 5.00, 425),
(4809, 48, 7.00, 426),
(4810, 52, 7.00, 426),
(4811, 55, 7.00, 426),
(4812, 56, 7.00, 426),
(4813, 57, 7.00, 426),
(4814, 61, 7.00, 426),
(4815, 62, 7.00, 426),
(4816, 63, 7.00, 426),
(4817, 69, 7.00, 426),
(4818, 70, 7.00, 426),
(4819, 71, 7.00, 426),
(4820, 92, 7.00, 426),
(4821, 95, 7.00, 426),
(4822, 96, 7.00, 426),
(4824, 30, 6.00, 427),
(4825, 33, 7.00, 427),
(4826, 34, 3.00, 427),
(4827, 35, 8.00, 427),
(4828, 79, 5.00, 427),
(4831, 30, 6.00, 428),
(4832, 33, 8.00, 428),
(4833, 34, 5.00, 428),
(4834, 35, 9.00, 428),
(4835, 79, 5.00, 428),
(4838, 30, 6.00, 429),
(4839, 33, 7.00, 429),
(4840, 34, 5.00, 429),
(4841, 35, 8.00, 429),
(4842, 79, 5.00, 429),
(4845, 30, 7.00, 430),
(4846, 33, 5.00, 430),
(4847, 34, 5.00, 430),
(4848, 35, 10.00, 430),
(4849, 79, 8.00, 430),
(4852, 30, 7.00, 431),
(4853, 33, 5.00, 431),
(4854, 34, 5.00, 431),
(4855, 35, 10.00, 431),
(4856, 79, 8.00, 431),
(4859, 30, 7.00, 432),
(4860, 33, 7.00, 432),
(4861, 34, 7.00, 432),
(4862, 35, 10.00, 432),
(4863, 79, 10.00, 432),
(4866, 48, 10.00, 433),
(4867, 52, 10.00, 433),
(4868, 55, 7.00, 433),
(4869, 56, 8.00, 433),
(4870, 57, 6.00, 433),
(4871, 61, 7.00, 433),
(4872, 62, 5.00, 433),
(4873, 63, 7.00, 433),
(4874, 69, 9.00, 433),
(4875, 70, 9.00, 433),
(4876, 71, 10.00, 433),
(4877, 92, 7.00, 433),
(4878, 95, 10.00, 433),
(4879, 96, 9.00, 433),
(4881, 48, 8.00, 434),
(4882, 52, 6.00, 434),
(4883, 55, 8.00, 434),
(4884, 56, 7.00, 434),
(4885, 57, 6.00, 434),
(4886, 61, 7.00, 434),
(4887, 62, 7.00, 434),
(4888, 63, 6.00, 434),
(4889, 69, 6.00, 434),
(4890, 70, 6.00, 434),
(4891, 71, 7.00, 434),
(4892, 92, 7.00, 434),
(4893, 95, 6.00, 434),
(4894, 96, 6.00, 434),
(4896, 48, 8.00, 435),
(4897, 52, 9.00, 435),
(4898, 55, 10.00, 435),
(4899, 56, 6.00, 435),
(4900, 57, 7.00, 435),
(4901, 61, 7.00, 435),
(4902, 62, 5.00, 435),
(4903, 63, 8.00, 435),
(4904, 69, 9.00, 435),
(4905, 70, 9.00, 435),
(4906, 71, 10.00, 435),
(4907, 92, 7.00, 435),
(4908, 95, 10.00, 435),
(4909, 96, 10.00, 435),
(4911, 48, 6.00, 436),
(4912, 52, 6.00, 436),
(4913, 55, 7.00, 436),
(4914, 56, 6.00, 436),
(4915, 57, 6.00, 436),
(4916, 61, 4.00, 436),
(4917, 62, 6.00, 436),
(4918, 63, 6.00, 436),
(4919, 69, 6.00, 436),
(4920, 70, 6.00, 436),
(4921, 71, 7.00, 436),
(4922, 92, 6.00, 436),
(4923, 95, 6.00, 436),
(4924, 96, 8.00, 436),
(4926, 49, 6.00, 437),
(4927, 50, 7.00, 437),
(4928, 51, 4.00, 437),
(4929, 53, 6.00, 437),
(4930, 54, 6.00, 437),
(4931, 58, 6.00, 437),
(4932, 59, 4.00, 437),
(4933, 60, 8.00, 437),
(4934, 64, 7.00, 437),
(4935, 65, 8.00, 437),
(4936, 66, 7.00, 437),
(4937, 67, 8.00, 437),
(4938, 68, 6.00, 437),
(4939, 94, 6.00, 437),
(4941, 1, 7.00, 438),
(4942, 2, 10.00, 438),
(4943, 4, 6.00, 438),
(4944, 5, 3.00, 438),
(4945, 6, 10.00, 438),
(4946, 7, 6.00, 438),
(4947, 8, 0.00, 438),
(4948, 9, 3.00, 438),
(4949, 10, 5.00, 438),
(4950, 44, 7.00, 438),
(4951, 72, 7.00, 438),
(4956, 1, 6.00, 439),
(4957, 2, 10.00, 439),
(4958, 4, 7.00, 439),
(4959, 5, 3.00, 439),
(4960, 6, 10.00, 439),
(4961, 7, 6.00, 439),
(4962, 8, 0.00, 439),
(4963, 9, 3.00, 439),
(4964, 10, 5.00, 439),
(4965, 44, 7.00, 439),
(4966, 72, 6.00, 439),
(4971, 1, 7.00, 440),
(4972, 2, 10.00, 440),
(4973, 4, 7.00, 440),
(4974, 5, 4.00, 440),
(4975, 6, 10.00, 440),
(4976, 7, 7.00, 440),
(4977, 8, 0.00, 440),
(4978, 9, 4.00, 440),
(4979, 10, 5.00, 440),
(4980, 44, 8.00, 440),
(4981, 72, 7.00, 440),
(4986, 11, 5.00, 441),
(4987, 12, 10.00, 441),
(4988, 13, 10.00, 441),
(4989, 14, 3.00, 441),
(4990, 15, 4.00, 441),
(4991, 17, 10.00, 441),
(4992, 19, 3.00, 441),
(4993, 45, 3.00, 441),
(4994, 47, 7.00, 441),
(4995, 75, 3.00, 441),
(5001, 11, 5.00, 442),
(5002, 12, 10.00, 442),
(5003, 13, 10.00, 442),
(5004, 14, 3.00, 442),
(5005, 15, 4.00, 442),
(5006, 17, 10.00, 442),
(5007, 19, 4.00, 442),
(5008, 45, 4.00, 442),
(5009, 47, 6.00, 442),
(5010, 75, 3.00, 442),
(5016, 11, 5.00, 443),
(5017, 12, 10.00, 443),
(5018, 13, 10.00, 443),
(5019, 14, 4.00, 443),
(5020, 15, 5.00, 443),
(5021, 17, 10.00, 443),
(5022, 19, 4.00, 443),
(5023, 45, 4.00, 443),
(5024, 47, 7.00, 443),
(5025, 75, 4.00, 443),
(5031, 20, 9.00, 444),
(5032, 21, 8.00, 444),
(5033, 22, 10.00, 444),
(5034, 23, 9.00, 444),
(5035, 24, 10.00, 444),
(5036, 25, 10.00, 444),
(5037, 26, 8.00, 444),
(5038, 27, 10.00, 444),
(5039, 28, 6.00, 444),
(5040, 73, 3.00, 444),
(5041, 74, 10.00, 444),
(5042, 77, 8.00, 444),
(5046, 20, 8.00, 445),
(5047, 21, 8.00, 445),
(5048, 22, 10.00, 445),
(5049, 23, 8.00, 445),
(5050, 24, 10.00, 445),
(5051, 25, 9.00, 445),
(5052, 26, 8.00, 445),
(5053, 27, 0.00, 445),
(5054, 28, 6.00, 445),
(5055, 73, 3.00, 445),
(5056, 74, 10.00, 445),
(5057, 77, 8.00, 445),
(5061, 20, 8.00, 446),
(5062, 21, 9.00, 446),
(5063, 22, 10.00, 446),
(5064, 23, 8.00, 446),
(5065, 24, 10.00, 446),
(5066, 25, 9.00, 446),
(5067, 26, 0.00, 446),
(5068, 27, 10.00, 446),
(5069, 28, 7.00, 446),
(5070, 73, 4.00, 446),
(5071, 74, 10.00, 446),
(5072, 77, 9.00, 446),
(5076, 48, 8.00, 447),
(5077, 52, 6.00, 447),
(5078, 55, 8.00, 447),
(5079, 56, 9.00, 447),
(5080, 57, 8.00, 447),
(5081, 61, 5.00, 447),
(5082, 62, 7.00, 447),
(5083, 63, 9.00, 447),
(5084, 69, 5.00, 447),
(5085, 70, 5.00, 447),
(5086, 71, 9.00, 447),
(5087, 92, 5.00, 447),
(5088, 95, 9.00, 447),
(5089, 96, 8.00, 447),
(5091, 48, 9.00, 448),
(5092, 52, 5.00, 448),
(5093, 55, 7.00, 448),
(5094, 56, 9.00, 448),
(5095, 57, 8.00, 448),
(5096, 61, 6.00, 448),
(5097, 62, 7.00, 448),
(5098, 63, 9.00, 448),
(5099, 69, 5.00, 448),
(5100, 70, 6.00, 448),
(5101, 71, 9.00, 448),
(5102, 92, 6.00, 448),
(5103, 95, 9.00, 448),
(5104, 96, 8.00, 448),
(5106, 49, 6.00, 449),
(5107, 50, 5.00, 449),
(5108, 51, 4.00, 449),
(5109, 53, 5.00, 449),
(5110, 54, 8.00, 449),
(5111, 58, 8.00, 449),
(5112, 59, 6.00, 449),
(5113, 60, 8.00, 449),
(5114, 64, 5.00, 449),
(5115, 65, 6.00, 449),
(5116, 66, 6.00, 449),
(5117, 67, 8.00, 449),
(5118, 68, 6.00, 449),
(5119, 94, 5.00, 449),
(5121, 49, 6.00, 450),
(5122, 50, 5.00, 450),
(5123, 51, 4.00, 450),
(5124, 53, 5.00, 450),
(5125, 54, 8.00, 450),
(5126, 58, 8.00, 450),
(5127, 59, 6.00, 450),
(5128, 60, 8.00, 450),
(5129, 64, 5.00, 450),
(5130, 65, 6.00, 450),
(5131, 66, 7.00, 450),
(5132, 67, 8.00, 450),
(5133, 68, 6.00, 450),
(5134, 94, 5.00, 450),
(5136, 49, 6.00, 451),
(5137, 50, 5.00, 451),
(5138, 51, 5.00, 451),
(5139, 53, 6.00, 451),
(5140, 54, 8.00, 451),
(5141, 58, 7.00, 451),
(5142, 59, 7.00, 451),
(5143, 60, 8.00, 451),
(5144, 64, 6.00, 451),
(5145, 65, 6.00, 451),
(5146, 66, 7.00, 451),
(5147, 67, 9.00, 451),
(5148, 68, 7.00, 451),
(5149, 94, 5.00, 451),
(5151, 80, 5.00, 452),
(5152, 39, 9.00, 453),
(5153, 43, 8.00, 453),
(5154, 78, 5.00, 453),
(5155, 81, 8.00, 453),
(5159, 29, 7.00, 454),
(5160, 32, 10.00, 454),
(5162, 80, 8.00, 455),
(5163, 49, 10.00, 456),
(5164, 50, 10.00, 456),
(5165, 51, 10.00, 456),
(5166, 53, 10.00, 456),
(5167, 54, 10.00, 456),
(5168, 59, 10.00, 456),
(5169, 60, 10.00, 456),
(5170, 65, 10.00, 456),
(5171, 66, 10.00, 456),
(5172, 67, 10.00, 456),
(5173, 68, 10.00, 456),
(5178, 58, 10.00, 456),
(5179, 64, 10.00, 456),
(5180, 94, 10.00, 456),
(5181, 58, 7.00, 255),
(5182, 64, 2.00, 255),
(5183, 94, 8.00, 255),
(5184, 58, 5.00, 247),
(5185, 64, 6.00, 247),
(5186, 94, 9.00, 247),
(5187, 48, 10.00, 457),
(5188, 52, 10.00, 457),
(5189, 55, 10.00, 457),
(5190, 56, 10.00, 457),
(5191, 57, 10.00, 457),
(5192, 61, 10.00, 457),
(5193, 62, 10.00, 457),
(5194, 63, 10.00, 457),
(5195, 69, 10.00, 457),
(5196, 70, 10.00, 457),
(5197, 71, 10.00, 457),
(5198, 92, 10.00, 457),
(5199, 95, 10.00, 457),
(5200, 96, 10.00, 457),
(5202, 95, 7.00, 244),
(5203, 96, 7.00, 244),
(5205, 95, 7.00, 181),
(5206, 96, 8.00, 181),
(5208, 1, 10.00, 458),
(5209, 2, 10.00, 458),
(5210, 4, 10.00, 458),
(5211, 5, 10.00, 458),
(5212, 6, 10.00, 458),
(5213, 7, 10.00, 458),
(5215, 9, 10.00, 458),
(5216, 10, 5.00, 458),
(5217, 44, 10.00, 458),
(5218, 72, 10.00, 458),
(5223, 93, 10.00, 458),
(5224, 93, 1.00, 230),
(5225, 93, 4.00, 221),
(5226, 11, 10.00, 459),
(5227, 12, 10.00, 459),
(5228, 13, 10.00, 459),
(5229, 14, 10.00, 459),
(5230, 15, 10.00, 459),
(5231, 17, 10.00, 459),
(5232, 19, 10.00, 459),
(5233, 45, 10.00, 459),
(5234, 47, 10.00, 459),
(5235, 75, 10.00, 459),
(5241, 20, 9.00, 460),
(5242, 21, 10.00, 460),
(5243, 22, 8.00, 460),
(5244, 23, 10.00, 460),
(5245, 24, 10.00, 460),
(5246, 25, 10.00, 460),
(5247, 26, 9.00, 460),
(5248, 27, 10.00, 460),
(5249, 28, 9.00, 460),
(5250, 73, 8.00, 460),
(5251, 74, 10.00, 460),
(5252, 77, 10.00, 460),
(5256, 30, 10.00, 461),
(5257, 33, 10.00, 461),
(5258, 34, 10.00, 461),
(5259, 35, 10.00, 461),
(5260, 79, 10.00, 461),
(5263, 30, 10.00, 462),
(5264, 33, 10.00, 462),
(5265, 34, 10.00, 462),
(5266, 35, 10.00, 462),
(5267, 79, 10.00, 462),
(5270, 39, 10.00, 463),
(5271, 43, 10.00, 463),
(5272, 78, 10.00, 463),
(5273, 81, 10.00, 463),
(5277, 39, 10.00, 464),
(5278, 43, 10.00, 464),
(5279, 78, 10.00, 464),
(5280, 81, 10.00, 464),
(5284, 49, 4.00, 465),
(5285, 50, 6.00, 465),
(5286, 51, 2.00, 465),
(5287, 53, 8.00, 465),
(5288, 54, 10.00, 465),
(5289, 58, 10.00, 465),
(5290, 59, 4.00, 465),
(5291, 60, 10.00, 465),
(5292, 64, 5.00, 465),
(5293, 65, 6.00, 465),
(5294, 66, 10.00, 465),
(5295, 67, 10.00, 465),
(5296, 68, 9.00, 465),
(5297, 94, 5.00, 465),
(5299, 49, 6.00, 466),
(5300, 50, 8.00, 466),
(5301, 51, 4.00, 466),
(5302, 53, 10.00, 466),
(5303, 54, 10.00, 466),
(5304, 58, 10.00, 466),
(5305, 59, 6.00, 466),
(5306, 60, 10.00, 466),
(5307, 64, 7.00, 466),
(5308, 65, 8.00, 466),
(5309, 66, 10.00, 466),
(5310, 67, 10.00, 466),
(5311, 68, 10.00, 466),
(5312, 94, 7.00, 466),
(5314, 49, 10.00, 467),
(5315, 50, 10.00, 467),
(5316, 51, 10.00, 467),
(5317, 53, 10.00, 467),
(5318, 54, 10.00, 467),
(5319, 58, 10.00, 467),
(5320, 59, 10.00, 467),
(5321, 60, 10.00, 467),
(5322, 64, 10.00, 467),
(5323, 65, 10.00, 467),
(5324, 66, 10.00, 467),
(5325, 67, 10.00, 467),
(5326, 68, 10.00, 467),
(5327, 94, 10.00, 467),
(5329, 48, 8.00, 468),
(5330, 52, 3.00, 468),
(5331, 55, 4.00, 468),
(5332, 56, 10.00, 468),
(5333, 57, 7.00, 468),
(5334, 61, 3.00, 468),
(5335, 62, 10.00, 468),
(5336, 63, 10.00, 468),
(5337, 69, 10.00, 468),
(5338, 70, 9.00, 468),
(5339, 71, 10.00, 468),
(5340, 92, 6.00, 468),
(5341, 95, 6.00, 468),
(5342, 96, 10.00, 468),
(5344, 48, 10.00, 469),
(5345, 52, 5.00, 469),
(5346, 55, 5.00, 469),
(5347, 56, 10.00, 469),
(5348, 57, 9.00, 469),
(5349, 61, 5.00, 469),
(5350, 62, 10.00, 469),
(5351, 63, 10.00, 469),
(5352, 69, 10.00, 469),
(5353, 70, 10.00, 469),
(5354, 71, 10.00, 469),
(5355, 92, 8.00, 469),
(5356, 95, 8.00, 469),
(5357, 96, 10.00, 469),
(5359, 48, 8.00, 470),
(5360, 52, 5.00, 470),
(5361, 55, 6.00, 470),
(5362, 56, 5.00, 470),
(5363, 57, 7.00, 470),
(5364, 61, 6.00, 470),
(5365, 62, 8.00, 470),
(5366, 63, 10.00, 470),
(5367, 69, 9.00, 470),
(5368, 70, 9.00, 470),
(5369, 71, 7.00, 470),
(5370, 92, 8.00, 470),
(5371, 95, 9.00, 470),
(5372, 96, 6.00, 470),
(5374, 1, 5.00, 471),
(5375, 2, 4.00, 471),
(5376, 4, 4.00, 471),
(5377, 5, 6.00, 471),
(5378, 6, 5.00, 471),
(5379, 7, 5.00, 471),
(5380, 8, 0.00, 471),
(5381, 9, 5.00, 471),
(5382, 10, 4.00, 471),
(5383, 44, 5.00, 471),
(5384, 72, 5.00, 471),
(5385, 93, 5.00, 471),
(5389, 1, 10.00, 472),
(5390, 2, 10.00, 472),
(5391, 4, 5.00, 472),
(5392, 5, 10.00, 472),
(5393, 6, 10.00, 472),
(5394, 7, 10.00, 472),
(5395, 8, 0.00, 472),
(5396, 9, 10.00, 472),
(5397, 10, 6.00, 472),
(5398, 44, 10.00, 472),
(5399, 72, 6.00, 472),
(5400, 93, 5.00, 472),
(5404, 1, 5.00, 473),
(5405, 2, 5.00, 473),
(5406, 4, 5.00, 473),
(5407, 5, 6.00, 473),
(5408, 6, 5.00, 473),
(5409, 7, 6.00, 473),
(5410, 8, 0.00, 473),
(5411, 9, 5.00, 473),
(5412, 10, 4.00, 473),
(5413, 44, 5.00, 473),
(5414, 72, 5.00, 473),
(5415, 93, 5.00, 473),
(5419, 11, 4.00, 474),
(5420, 12, 4.00, 474),
(5421, 13, 4.00, 474),
(5422, 14, 4.00, 474),
(5423, 15, 4.00, 474),
(5424, 17, 4.00, 474),
(5425, 19, 6.00, 474),
(5426, 45, 5.00, 474),
(5427, 47, 5.00, 474),
(5428, 75, 6.00, 474),
(5434, 11, 10.00, 475),
(5435, 12, 10.00, 475),
(5436, 13, 10.00, 475),
(5437, 14, 6.00, 475),
(5438, 15, 6.00, 475),
(5439, 17, 8.00, 475),
(5440, 19, 10.00, 475),
(5441, 45, 7.00, 475),
(5442, 47, 8.00, 475),
(5443, 75, 10.00, 475),
(5449, 11, 6.00, 476),
(5450, 12, 6.00, 476),
(5451, 13, 6.00, 476),
(5452, 14, 5.00, 476),
(5453, 15, 5.00, 476),
(5454, 17, 6.00, 476),
(5455, 19, 7.00, 476),
(5456, 45, 6.00, 476),
(5457, 47, 6.00, 476),
(5458, 75, 7.00, 476),
(5464, 1, 6.00, 477),
(5465, 2, 6.00, 477),
(5466, 4, 5.00, 477),
(5467, 5, 7.00, 477),
(5468, 6, 5.00, 477),
(5469, 7, 5.00, 477),
(5470, 9, 8.00, 477),
(5471, 10, 5.00, 477),
(5472, 44, 5.00, 477),
(5473, 72, 5.00, 477),
(5474, 93, 6.00, 477),
(5479, 1, 10.00, 478),
(5480, 2, 10.00, 478),
(5481, 4, 9.00, 478),
(5482, 5, 10.00, 478),
(5483, 6, 10.00, 478),
(5484, 7, 10.00, 478),
(5485, 9, 10.00, 478),
(5486, 10, 5.00, 478),
(5487, 44, 10.00, 478),
(5488, 72, 10.00, 478),
(5489, 93, 10.00, 478),
(5494, 1, 7.00, 479),
(5495, 2, 6.00, 479),
(5496, 4, 6.00, 479),
(5497, 5, 8.00, 479),
(5498, 6, 6.00, 479),
(5499, 7, 6.00, 479),
(5500, 9, 9.00, 479),
(5501, 10, 5.00, 479),
(5502, 44, 6.00, 479),
(5503, 72, 8.00, 479),
(5504, 93, 6.00, 479),
(5509, 11, 6.00, 480),
(5510, 12, 5.00, 480),
(5511, 13, 5.00, 480),
(5512, 14, 5.00, 480),
(5513, 15, 5.00, 480),
(5514, 17, 5.00, 480),
(5515, 19, 6.00, 480),
(5516, 45, 6.00, 480),
(5517, 47, 6.00, 480),
(5518, 75, 7.00, 480),
(5524, 11, 10.00, 481),
(5525, 12, 10.00, 481),
(5526, 13, 9.00, 481),
(5527, 14, 7.00, 481),
(5528, 15, 10.00, 481),
(5529, 17, 7.00, 481),
(5530, 19, 10.00, 481),
(5531, 45, 7.00, 481),
(5532, 47, 6.00, 481),
(5533, 75, 7.00, 481),
(5539, 11, 8.00, 482),
(5540, 12, 8.00, 482),
(5541, 13, 8.00, 482),
(5542, 14, 8.00, 482),
(5543, 15, 8.00, 482),
(5544, 17, 8.00, 482),
(5545, 19, 8.00, 482),
(5546, 45, 8.00, 482),
(5547, 47, 8.00, 482),
(5548, 75, 8.00, 482),
(5554, 20, 4.00, 483),
(5555, 21, 5.00, 483),
(5556, 22, 4.00, 483),
(5557, 23, 3.00, 483),
(5558, 24, 6.00, 483),
(5559, 25, 5.00, 483),
(5560, 26, 5.00, 483),
(5561, 27, 5.00, 483),
(5562, 28, 5.00, 483),
(5563, 73, 7.00, 483),
(5564, 74, 5.00, 483),
(5565, 77, 10.00, 483),
(5569, 20, 10.00, 484),
(5570, 21, 10.00, 484),
(5571, 22, 10.00, 484),
(5572, 23, 7.00, 484),
(5573, 24, 10.00, 484),
(5574, 25, 10.00, 484),
(5575, 26, 10.00, 484),
(5576, 27, 10.00, 484),
(5577, 28, 10.00, 484),
(5578, 73, 10.00, 484),
(5579, 74, 10.00, 484),
(5580, 77, 10.00, 484),
(5584, 20, 7.00, 485),
(5585, 21, 10.00, 485),
(5586, 22, 5.00, 485),
(5587, 23, 7.00, 485),
(5588, 24, 10.00, 485),
(5589, 25, 6.00, 485),
(5590, 26, 5.00, 485),
(5591, 27, 8.00, 485),
(5592, 28, 6.00, 485),
(5593, 73, 10.00, 485),
(5594, 74, 6.00, 485),
(5595, 77, 9.00, 485),
(5599, 48, 6.00, 488),
(5600, 52, 7.00, 488),
(5601, 55, 7.00, 488),
(5602, 56, 8.00, 488),
(5603, 57, 6.00, 488),
(5604, 61, 6.00, 488),
(5605, 62, 8.00, 488),
(5606, 63, 7.00, 488),
(5607, 69, 6.00, 488),
(5608, 70, 6.00, 488),
(5609, 71, 9.00, 488),
(5610, 92, 7.00, 488),
(5611, 95, 8.00, 488),
(5612, 96, 8.00, 488),
(5614, 48, 6.00, 489),
(5615, 52, 8.00, 489),
(5616, 55, 8.00, 489),
(5617, 56, 8.00, 489),
(5618, 57, 7.00, 489),
(5619, 61, 7.00, 489),
(5620, 62, 8.00, 489),
(5621, 63, 8.00, 489),
(5622, 69, 7.00, 489),
(5623, 70, 7.00, 489),
(5624, 71, 9.00, 489),
(5625, 92, 7.00, 489),
(5626, 95, 8.00, 489),
(5627, 96, 8.00, 489),
(5629, 48, 6.00, 490),
(5630, 52, 7.00, 490),
(5631, 55, 7.00, 490),
(5632, 56, 7.00, 490),
(5633, 57, 7.00, 490),
(5634, 61, 7.00, 490),
(5635, 62, 8.00, 490),
(5636, 63, 8.00, 490),
(5637, 69, 7.00, 490),
(5638, 70, 6.00, 490),
(5639, 71, 9.00, 490),
(5640, 92, 7.00, 490),
(5641, 95, 8.00, 490),
(5642, 96, 7.00, 490),
(5644, 49, 5.00, 491),
(5645, 50, 7.00, 491),
(5646, 51, 8.00, 491),
(5647, 53, 7.00, 491),
(5648, 54, 8.00, 491),
(5649, 58, 6.00, 491),
(5650, 59, 8.00, 491),
(5651, 60, 8.00, 491),
(5652, 64, 7.00, 491),
(5653, 65, 7.00, 491),
(5654, 66, 7.00, 491),
(5655, 67, 8.00, 491),
(5656, 68, 7.00, 491),
(5657, 94, 6.00, 491),
(5659, 49, 7.00, 492),
(5660, 50, 8.00, 492),
(5661, 51, 8.00, 492),
(5662, 53, 8.00, 492),
(5663, 54, 8.00, 492),
(5664, 58, 7.00, 492),
(5665, 59, 8.00, 492),
(5666, 60, 9.00, 492),
(5667, 64, 8.00, 492),
(5668, 65, 8.00, 492),
(5669, 66, 8.00, 492),
(5670, 67, 9.00, 492),
(5671, 68, 8.00, 492),
(5672, 94, 7.00, 492),
(5674, 49, 5.00, 493),
(5675, 50, 8.00, 493),
(5676, 51, 8.00, 493),
(5677, 53, 6.00, 493),
(5678, 54, 6.00, 493),
(5679, 58, 5.00, 493),
(5680, 59, 8.00, 493),
(5681, 60, 9.00, 493),
(5682, 64, 6.00, 493),
(5683, 65, 5.00, 493),
(5684, 66, 6.00, 493),
(5685, 67, 9.00, 493),
(5686, 68, 6.00, 493),
(5687, 94, 6.00, 493),
(5689, 1, 7.00, 494),
(5690, 2, 8.00, 494),
(5691, 4, 6.00, 494),
(5692, 5, 7.00, 494),
(5693, 6, 7.00, 494),
(5694, 7, 8.00, 494),
(5695, 9, 8.00, 494),
(5696, 10, 4.00, 494),
(5697, 44, 8.00, 494),
(5698, 72, 7.00, 494),
(5699, 93, 4.00, 494),
(5704, 1, 8.00, 495),
(5705, 2, 9.00, 495),
(5706, 4, 8.00, 495),
(5707, 5, 8.00, 495),
(5708, 6, 8.00, 495),
(5709, 7, 9.00, 495),
(5710, 9, 8.00, 495),
(5711, 10, 5.00, 495),
(5712, 44, 9.00, 495),
(5713, 72, 8.00, 495),
(5714, 93, 4.00, 495),
(5719, 1, 8.00, 496),
(5720, 2, 9.00, 496),
(5721, 4, 8.00, 496),
(5722, 5, 8.00, 496),
(5723, 6, 7.00, 496),
(5724, 7, 7.00, 496),
(5725, 9, 8.00, 496),
(5726, 10, 4.00, 496),
(5727, 44, 8.00, 496),
(5728, 72, 7.00, 496),
(5729, 93, 4.00, 496),
(5734, 11, 7.00, 497),
(5735, 12, 8.00, 497),
(5736, 13, 8.00, 497),
(5737, 14, 7.00, 497),
(5738, 15, 6.00, 497),
(5739, 17, 7.00, 497),
(5740, 19, 8.00, 497),
(5741, 45, 7.00, 497),
(5742, 47, 8.00, 497),
(5743, 75, 7.00, 497),
(5749, 11, 8.00, 498),
(5750, 12, 8.00, 498),
(5751, 13, 8.00, 498),
(5752, 14, 8.00, 498),
(5753, 15, 8.00, 498),
(5754, 17, 8.00, 498),
(5755, 19, 9.00, 498),
(5756, 45, 8.00, 498),
(5757, 47, 8.00, 498),
(5758, 75, 8.00, 498),
(5764, 11, 9.00, 499),
(5765, 12, 8.00, 499),
(5766, 13, 8.00, 499),
(5767, 14, 5.00, 499),
(5768, 15, 7.00, 499),
(5769, 17, 7.00, 499),
(5770, 19, 9.00, 499),
(5771, 45, 6.00, 499),
(5772, 47, 8.00, 499),
(5773, 75, 7.00, 499),
(5779, 20, 7.00, 500),
(5780, 21, 8.00, 500),
(5781, 22, 7.00, 500),
(5782, 23, 5.00, 500),
(5783, 24, 8.00, 500),
(5784, 25, 5.00, 500),
(5785, 26, 5.00, 500),
(5786, 27, 6.00, 500),
(5787, 28, 5.00, 500),
(5788, 73, 7.00, 500),
(5789, 74, 7.00, 500),
(5790, 77, 8.00, 500),
(5794, 20, 8.00, 501),
(5795, 21, 9.00, 501),
(5796, 22, 8.00, 501),
(5797, 23, 7.00, 501),
(5798, 24, 9.00, 501),
(5799, 25, 7.00, 501),
(5800, 26, 7.00, 501),
(5801, 27, 7.00, 501),
(5802, 28, 7.00, 501),
(5803, 73, 8.00, 501),
(5804, 74, 8.00, 501),
(5805, 77, 9.00, 501),
(5809, 20, 7.00, 502),
(5810, 21, 9.00, 502),
(5811, 22, 8.00, 502),
(5812, 23, 5.00, 502),
(5813, 24, 8.00, 502),
(5814, 25, 5.00, 502),
(5815, 26, 6.00, 502),
(5816, 27, 6.00, 502),
(5817, 28, 5.00, 502),
(5818, 73, 6.00, 502),
(5819, 74, 6.00, 502),
(5820, 77, 9.00, 502),
(5824, 49, 8.00, 503),
(5825, 50, 9.00, 503),
(5826, 51, 9.00, 503),
(5827, 53, 8.00, 503),
(5828, 54, 9.00, 503),
(5829, 58, 8.00, 503),
(5830, 59, 9.00, 503),
(5831, 60, 9.00, 503),
(5832, 64, 8.00, 503),
(5833, 65, 8.00, 503),
(5834, 66, 9.00, 503),
(5835, 67, 9.00, 503),
(5836, 68, 7.00, 503),
(5837, 94, 8.00, 503),
(5839, 49, 8.00, 504),
(5840, 50, 7.00, 504),
(5841, 51, 8.00, 504),
(5842, 53, 7.00, 504),
(5843, 54, 8.00, 504),
(5844, 58, 6.00, 504),
(5845, 59, 7.00, 504),
(5846, 60, 9.00, 504),
(5847, 64, 7.00, 504),
(5848, 65, 5.00, 504),
(5849, 66, 8.00, 504),
(5850, 67, 9.00, 504),
(5851, 68, 6.00, 504),
(5852, 94, 6.00, 504),
(5854, 48, 6.00, 505),
(5855, 52, 6.00, 505),
(5856, 55, 7.00, 505),
(5857, 56, 8.00, 505),
(5858, 57, 5.00, 505),
(5859, 61, 5.00, 505),
(5860, 62, 6.00, 505),
(5861, 63, 8.00, 505),
(5862, 69, 6.00, 505),
(5863, 70, 6.00, 505),
(5864, 71, 8.00, 505),
(5865, 92, 6.00, 505),
(5866, 95, 6.00, 505),
(5867, 96, 7.00, 505),
(5869, 48, 8.00, 506),
(5870, 52, 8.00, 506),
(5871, 55, 8.00, 506),
(5872, 56, 9.00, 506),
(5873, 57, 8.00, 506),
(5874, 61, 7.00, 506),
(5875, 62, 9.00, 506),
(5876, 63, 9.00, 506),
(5877, 69, 8.00, 506),
(5878, 70, 7.00, 506),
(5879, 71, 9.00, 506),
(5880, 92, 8.00, 506),
(5881, 95, 8.00, 506),
(5882, 96, 9.00, 506),
(5884, 48, 6.00, 507),
(5885, 52, 7.00, 507),
(5886, 55, 7.00, 507),
(5887, 56, 8.00, 507),
(5888, 57, 6.00, 507),
(5889, 61, 6.00, 507),
(5890, 62, 7.00, 507),
(5891, 63, 8.00, 507),
(5892, 69, 6.00, 507),
(5893, 70, 6.00, 507),
(5894, 71, 9.00, 507),
(5895, 92, 6.00, 507),
(5896, 95, 6.00, 507),
(5897, 96, 8.00, 507),
(5899, 30, 7.00, 508),
(5900, 33, 6.00, 508),
(5901, 34, 4.00, 508),
(5902, 35, 6.00, 508),
(5903, 79, 5.00, 508),
(5906, 30, 8.00, 509),
(5907, 33, 8.00, 509),
(5908, 34, 7.00, 509),
(5909, 35, 8.00, 509),
(5910, 79, 7.00, 509),
(5913, 30, 7.00, 510),
(5914, 33, 4.00, 510),
(5915, 34, 4.00, 510),
(5916, 35, 6.00, 510),
(5917, 79, 5.00, 510),
(5920, 29, 5.00, 511),
(5921, 32, 3.00, 511),
(5923, 29, 7.00, 512),
(5924, 32, 7.00, 512),
(5926, 29, 5.00, 513),
(5927, 32, 2.00, 513),
(5929, 80, 5.00, 514),
(5930, 80, 6.00, 515),
(5931, 80, 5.00, 516),
(5932, 30, 5.00, 517),
(5933, 33, 5.00, 517),
(5934, 34, 5.00, 517),
(5935, 35, 7.00, 517),
(5936, 79, 7.00, 517),
(5939, 30, 8.00, 518),
(5940, 33, 8.00, 518),
(5941, 34, 6.00, 518),
(5942, 35, 8.00, 518),
(5943, 79, 8.00, 518),
(5946, 30, 6.00, 519),
(5947, 33, 6.00, 519),
(5948, 34, 5.00, 519),
(5949, 35, 7.00, 519),
(5950, 79, 7.00, 519),
(5953, 80, 5.00, 520),
(5954, 80, 6.00, 521),
(5955, 80, 6.00, 522),
(5956, 30, 9.00, 523),
(5957, 33, 9.00, 523),
(5958, 34, 5.00, 523),
(5959, 35, 9.00, 523),
(5960, 79, 9.00, 523),
(5963, 30, 10.00, 524),
(5964, 33, 10.00, 524),
(5965, 34, 8.00, 524),
(5966, 35, 9.00, 524),
(5967, 79, 9.00, 524),
(5970, 30, 9.00, 525),
(5971, 33, 9.00, 525),
(5972, 34, 6.00, 525),
(5973, 35, 9.00, 525),
(5974, 79, 9.00, 525),
(5977, 39, 6.00, 526),
(5978, 43, 6.00, 526),
(5979, 78, 4.00, 526),
(5980, 81, 7.00, 526),
(5984, 39, 7.00, 527),
(5985, 43, 8.00, 527),
(5986, 78, 6.00, 527),
(5987, 81, 8.00, 527),
(5991, 39, 6.00, 528),
(5992, 43, 8.00, 528),
(5993, 78, 5.00, 528),
(5994, 81, 7.00, 528),
(5998, 76, 6.00, 529),
(5999, 76, 7.00, 530),
(6000, 76, 7.00, 531),
(6001, 86, 5.00, 532),
(6002, 88, 4.00, 532),
(6003, 90, 4.00, 532),
(6004, 91, 4.00, 532),
(6008, 80, 5.00, 533),
(6009, 80, 9.00, 534),
(6010, 80, 4.00, 535),
(6011, 29, 3.00, 536),
(6012, 32, 3.00, 536),
(6014, 29, 9.00, 537),
(6015, 32, 9.00, 537),
(6017, 29, 2.00, 538),
(6018, 32, 3.00, 538),
(6020, 20, 5.00, 539),
(6021, 21, 9.00, 539),
(6022, 22, 8.00, 539),
(6023, 23, 5.00, 539),
(6024, 24, 8.00, 539),
(6025, 25, 5.00, 539),
(6026, 26, 5.00, 539),
(6027, 27, 6.00, 539),
(6028, 28, 7.00, 539),
(6029, 73, 7.00, 539),
(6030, 74, 6.00, 539),
(6031, 77, 8.00, 539),
(6035, 86, 6.00, 540),
(6036, 88, 4.00, 540),
(6037, 90, 6.00, 540),
(6038, 91, 4.00, 540),
(6042, 86, 8.00, 541),
(6043, 88, 6.00, 541),
(6044, 90, 7.00, 541),
(6045, 91, 6.00, 541),
(6049, 86, 7.00, 542),
(6050, 88, 4.00, 542),
(6051, 90, 6.00, 542),
(6052, 91, 4.00, 542),
(6056, 39, 6.00, 543),
(6057, 43, 7.00, 543),
(6058, 78, 6.00, 543),
(6059, 81, 7.00, 543),
(6063, 39, 6.00, 544),
(6064, 43, 7.00, 544),
(6065, 78, 7.00, 544),
(6066, 81, 7.00, 544),
(6070, 86, 7.00, 545),
(6071, 88, 5.00, 545),
(6072, 90, 7.00, 545),
(6073, 91, 5.00, 545),
(6077, 86, 5.00, 546),
(6078, 88, 4.00, 546),
(6079, 90, 5.00, 546),
(6080, 91, 4.00, 546),
(6084, 29, 9.00, 547),
(6085, 32, 7.00, 547),
(6087, 29, 9.00, 548),
(6088, 32, 7.00, 548),
(6090, 29, 9.00, 549),
(6091, 32, 7.00, 549),
(6093, 39, 5.00, 550),
(6094, 43, 6.00, 550),
(6095, 78, 5.00, 550),
(6096, 81, 5.00, 550),
(6100, 39, 6.00, 551),
(6101, 43, 7.00, 551),
(6102, 78, 6.00, 551),
(6103, 81, 7.00, 551),
(6107, 39, 6.00, 552),
(6108, 43, 7.00, 552),
(6109, 78, 7.00, 552),
(6110, 81, 7.00, 552),
(6114, 76, 9.00, 553),
(6115, 76, 9.00, 554),
(6116, 76, 9.00, 555),
(6117, 20, 8.00, 556),
(6118, 21, 9.00, 556),
(6119, 22, 9.00, 556),
(6120, 23, 7.00, 556),
(6121, 24, 9.00, 556),
(6122, 25, 7.00, 556),
(6123, 26, 7.00, 556),
(6124, 27, 7.00, 556),
(6125, 28, 8.00, 556),
(6126, 73, 8.00, 556),
(6127, 74, 7.00, 556),
(6128, 77, 9.00, 556),
(6132, 20, 6.00, 557),
(6133, 21, 9.00, 557),
(6134, 22, 8.00, 557),
(6135, 23, 4.00, 557),
(6136, 24, 8.00, 557),
(6137, 25, 6.00, 557),
(6138, 26, 5.00, 557),
(6139, 27, 7.00, 557),
(6140, 28, 6.00, 557),
(6141, 73, 5.00, 557),
(6142, 74, 8.00, 557),
(6143, 77, 9.00, 557),
(6147, 1, 7.00, 558),
(6148, 2, 8.00, 558),
(6149, 4, 4.00, 558),
(6150, 5, 7.00, 558),
(6151, 6, 8.00, 558),
(6152, 7, 8.00, 558),
(6153, 9, 7.00, 558),
(6154, 10, 4.00, 558),
(6155, 44, 5.00, 558),
(6156, 72, 4.00, 558),
(6157, 93, 4.00, 558),
(6162, 1, 9.00, 559),
(6163, 2, 9.00, 559),
(6164, 4, 9.00, 559),
(6165, 5, 9.00, 559),
(6166, 6, 9.00, 559),
(6167, 7, 9.00, 559),
(6168, 9, 9.00, 559),
(6169, 10, 9.00, 559),
(6170, 44, 9.00, 559),
(6171, 72, 9.00, 559),
(6172, 93, 9.00, 559),
(6177, 1, 6.00, 560),
(6178, 2, 9.00, 560),
(6179, 4, 5.00, 560),
(6180, 5, 7.00, 560),
(6181, 6, 8.00, 560),
(6182, 7, 9.00, 560),
(6183, 9, 6.00, 560),
(6184, 10, 0.00, 560),
(6185, 44, 6.00, 560),
(6186, 72, 6.00, 560),
(6187, 93, 5.00, 560),
(6192, 11, 7.00, 561),
(6193, 12, 7.00, 561),
(6194, 13, 7.00, 561),
(6195, 14, 4.00, 561),
(6196, 15, 4.00, 561),
(6197, 17, 5.00, 561),
(6198, 19, 7.00, 561),
(6199, 45, 5.00, 561),
(6200, 47, 6.00, 561),
(6201, 75, 7.00, 561),
(6207, 11, 9.00, 562),
(6208, 12, 9.00, 562),
(6209, 13, 9.00, 562),
(6210, 14, 9.00, 562),
(6211, 15, 9.00, 562),
(6212, 17, 9.00, 562),
(6213, 19, 9.00, 562),
(6214, 45, 9.00, 562),
(6215, 47, 9.00, 562),
(6216, 75, 9.00, 562),
(6222, 11, 6.00, 563),
(6223, 12, 6.00, 563),
(6224, 13, 7.00, 563),
(6225, 14, 4.00, 563),
(6226, 15, 4.00, 563),
(6227, 17, 4.00, 563),
(6228, 19, 7.00, 563),
(6229, 45, 6.00, 563),
(6230, 47, 5.00, 563),
(6231, 75, 7.00, 563),
(6237, 76, 8.00, 564),
(6238, 76, 8.00, 565),
(6239, 76, 10.00, 566),
(6240, 39, 3.00, 567),
(6241, 43, 7.00, 567),
(6242, 78, 6.00, 567),
(6243, 81, 6.00, 567),
(6247, 86, 10.00, 569),
(6248, 88, 7.00, 569),
(6249, 90, 8.00, 569),
(6250, 91, 9.00, 569),
(6254, 86, 10.00, 570),
(6255, 88, 1.00, 570),
(6256, 90, 5.00, 570),
(6257, 91, 5.00, 570),
(6261, 86, 5.00, 571),
(6262, 88, 1.00, 571),
(6263, 90, 4.00, 571),
(6264, 91, 4.00, 571),
(6268, 30, 8.00, 486),
(6269, 33, 10.00, 486),
(6270, 34, 10.00, 486),
(6271, 35, 10.00, 486),
(6272, 79, 10.00, 486),
(6275, 30, 10.00, 572),
(6276, 33, 9.00, 572),
(6277, 34, 7.00, 572),
(6278, 35, 9.00, 572),
(6279, 79, 8.00, 572),
(6282, 39, 5.00, 573),
(6283, 43, 7.00, 573),
(6284, 78, 7.00, 573),
(6285, 81, 7.00, 573),
(6289, 30, 5.00, 574),
(6290, 33, 8.00, 574),
(6291, 34, 5.00, 574),
(6292, 35, 6.00, 574),
(6293, 79, 5.00, 574),
(6296, 39, 3.00, 575),
(6297, 43, 7.00, 575),
(6298, 78, 6.00, 575),
(6299, 81, 7.00, 575),
(6303, 80, 6.00, 487),
(6304, 80, 7.00, 577),
(6305, 80, 5.00, 578),
(6306, 29, 8.00, 579),
(6307, 32, 10.00, 579),
(6309, 29, 7.00, 580),
(6310, 32, 7.00, 580),
(6312, 29, 4.00, 581),
(6313, 32, 5.00, 581),
(6315, 76, 7.00, 576),
(6316, 39, 5.00, 568),
(6317, 43, 9.00, 568),
(6318, 78, 5.00, 568),
(6319, 81, 10.00, 568),
(6323, 76, 7.00, 582),
(6324, 76, 7.00, 583),
(6325, 86, 7.00, 584),
(6326, 88, 3.00, 584),
(6327, 90, 5.00, 584),
(6328, 91, 3.00, 584),
(6332, 39, 7.00, 585),
(6333, 43, 10.00, 585),
(6334, 78, 9.00, 585),
(6335, 81, 10.00, 585),
(6339, 86, 8.00, 586),
(6340, 88, 3.00, 586),
(6341, 90, 5.00, 586),
(6342, 91, 4.00, 586),
(6346, 86, 6.00, 587),
(6347, 88, 2.00, 587),
(6348, 90, 5.00, 587),
(6349, 91, 3.00, 587),
(6353, 39, 6.00, 588),
(6354, 43, 10.00, 588),
(6355, 78, 8.00, 588),
(6356, 81, 5.00, 588),
(6360, 76, 10.00, 589),
(6361, 76, 9.00, 590),
(6362, 76, 7.00, 591),
(6363, 86, 9.00, 592),
(6364, 88, 2.00, 592),
(6365, 90, 5.00, 592),
(6366, 91, 5.00, 592),
(6370, 86, 10.00, 593),
(6371, 88, 5.00, 593),
(6372, 90, 7.00, 593),
(6373, 91, 5.00, 593),
(6377, 86, 7.00, 594),
(6378, 88, 8.00, 594),
(6379, 90, 7.00, 594),
(6380, 91, 7.00, 594),
(6384, 20, 9.00, 595),
(6385, 21, 8.00, 595),
(6386, 22, 10.00, 595),
(6387, 23, 8.00, 595),
(6388, 24, 8.00, 595),
(6389, 25, 7.00, 595),
(6390, 26, 8.00, 595),
(6391, 27, 4.00, 595),
(6392, 28, 9.00, 595),
(6393, 73, 4.00, 595),
(6394, 74, 7.00, 595),
(6395, 77, 10.00, 595),
(6399, 48, 5.00, 596),
(6400, 52, 5.00, 596),
(6401, 55, 7.00, 596),
(6402, 56, 8.00, 596),
(6403, 57, 8.00, 596),
(6404, 61, 5.00, 596),
(6405, 62, 5.00, 596),
(6406, 63, 3.00, 596),
(6407, 69, 3.00, 596),
(6408, 70, 3.00, 596),
(6409, 71, 10.00, 596),
(6410, 92, 5.00, 596),
(6411, 95, 5.00, 596),
(6412, 96, 9.00, 596),
(6414, 48, 5.00, 597),
(6415, 52, 5.00, 597),
(6416, 55, 7.00, 597),
(6417, 56, 8.00, 597),
(6418, 57, 7.00, 597),
(6419, 61, 5.00, 597),
(6420, 62, 5.00, 597),
(6421, 63, 2.00, 597),
(6422, 69, 3.00, 597),
(6423, 70, 3.00, 597),
(6424, 71, 10.00, 597),
(6425, 92, 5.00, 597),
(6426, 95, 5.00, 597),
(6427, 96, 9.00, 597),
(6429, 20, 6.00, 598),
(6430, 21, 7.00, 598),
(6431, 22, 6.00, 598),
(6432, 23, 5.00, 598),
(6433, 24, 6.00, 598),
(6434, 25, 4.00, 598),
(6435, 26, 4.00, 598),
(6436, 27, 4.00, 598),
(6437, 28, 5.00, 598),
(6438, 73, 5.00, 598),
(6439, 74, 5.00, 598),
(6440, 77, 8.00, 598),
(6444, 20, 8.00, 599),
(6445, 21, 10.00, 599),
(6446, 22, 9.00, 599),
(6447, 23, 8.00, 599),
(6448, 24, 10.00, 599),
(6449, 25, 10.00, 599),
(6450, 26, 7.00, 599),
(6451, 27, 7.00, 599),
(6452, 28, 7.00, 599),
(6453, 73, 10.00, 599),
(6454, 74, 8.00, 599),
(6455, 77, 10.00, 599),
(6459, 49, 8.00, 600),
(6460, 50, 7.00, 600),
(6461, 51, 7.00, 600),
(6462, 53, 5.00, 600),
(6463, 54, 9.00, 600),
(6464, 58, 9.00, 600),
(6465, 59, 8.00, 600),
(6466, 60, 9.00, 600),
(6467, 64, 8.00, 600),
(6468, 65, 7.00, 600),
(6469, 66, 5.00, 600),
(6470, 67, 10.00, 600),
(6471, 68, 5.00, 600),
(6474, 48, 5.00, 601),
(6475, 52, 1.00, 601),
(6476, 55, 5.00, 601),
(6477, 56, 7.00, 601),
(6478, 57, 3.00, 601),
(6479, 61, 2.00, 601),
(6480, 62, 8.00, 601),
(6481, 63, 3.00, 601),
(6482, 69, 3.00, 601),
(6483, 70, 3.00, 601),
(6484, 71, 4.00, 601),
(6485, 92, 3.00, 601),
(6486, 95, 4.00, 601),
(6487, 96, 6.00, 601),
(6489, 49, 7.00, 602),
(6490, 50, 6.00, 602),
(6491, 51, 7.00, 602),
(6492, 53, 5.00, 602),
(6493, 54, 9.00, 602),
(6494, 58, 7.00, 602),
(6495, 59, 8.00, 602),
(6496, 60, 6.00, 602),
(6497, 64, 8.00, 602),
(6498, 65, 6.00, 602),
(6499, 66, 5.00, 602),
(6500, 67, 10.00, 602),
(6501, 68, 5.00, 602),
(6504, 48, 3.00, 603),
(6505, 52, 1.00, 603),
(6506, 55, 3.00, 603),
(6507, 56, 5.00, 603),
(6508, 57, 3.00, 603),
(6509, 61, 3.00, 603),
(6510, 62, 7.00, 603),
(6511, 63, 4.00, 603),
(6512, 69, 3.00, 603),
(6513, 70, 3.00, 603),
(6514, 71, 4.00, 603),
(6515, 92, 3.00, 603),
(6516, 95, 3.00, 603),
(6517, 96, 5.00, 603),
(6519, 48, 2.00, 604),
(6520, 52, 1.00, 604),
(6521, 55, 2.00, 604),
(6522, 56, 4.00, 604),
(6523, 57, 3.00, 604),
(6524, 61, 1.00, 604),
(6525, 62, 7.00, 604),
(6526, 63, 3.00, 604),
(6527, 69, 3.00, 604),
(6528, 70, 3.00, 604),
(6529, 71, 4.00, 604),
(6530, 92, 3.00, 604),
(6531, 95, 3.00, 604),
(6532, 96, 5.00, 604),
(6534, 94, 5.00, 226),
(6535, 94, 5.00, 600),
(6536, 94, 5.00, 602),
(6537, 49, 1.00, 605),
(6538, 50, 2.00, 605),
(6539, 51, 2.00, 605),
(6540, 53, 1.00, 605),
(6541, 54, 5.00, 605),
(6542, 58, 3.00, 605),
(6543, 59, 2.00, 605),
(6544, 60, 6.00, 605),
(6545, 64, 2.00, 605),
(6546, 65, 4.00, 605),
(6547, 66, 1.00, 605),
(6548, 67, 7.00, 605),
(6549, 68, 2.00, 605),
(6550, 94, 2.00, 605),
(6552, 49, 1.00, 606),
(6553, 50, 3.00, 606),
(6554, 51, 2.00, 606),
(6555, 53, 1.00, 606),
(6556, 54, 5.00, 606),
(6557, 58, 3.00, 606),
(6558, 59, 3.00, 606),
(6559, 60, 6.00, 606),
(6560, 64, 3.00, 606),
(6561, 65, 4.00, 606),
(6562, 66, 2.00, 606),
(6563, 67, 8.00, 606),
(6564, 68, 3.00, 606),
(6565, 94, 2.00, 606),
(6567, 49, 2.00, 607),
(6568, 50, 1.00, 607),
(6569, 51, 1.00, 607),
(6570, 53, 2.00, 607),
(6571, 54, 6.00, 607),
(6572, 58, 3.00, 607),
(6573, 59, 6.00, 607),
(6574, 60, 10.00, 607),
(6575, 64, 1.00, 607),
(6576, 65, 1.00, 607),
(6577, 66, 6.00, 607),
(6578, 67, 6.00, 607),
(6579, 68, 4.00, 607),
(6580, 94, 4.00, 607),
(6582, 49, 4.00, 608),
(6583, 50, 1.00, 608),
(6584, 51, 1.00, 608),
(6585, 53, 2.00, 608),
(6586, 54, 6.00, 608),
(6587, 58, 3.00, 608),
(6588, 59, 6.00, 608),
(6589, 60, 10.00, 608),
(6590, 64, 1.00, 608),
(6591, 65, 1.00, 608),
(6592, 66, 7.00, 608),
(6593, 67, 6.00, 608),
(6594, 68, 4.00, 608),
(6595, 94, 4.00, 608),
(6597, 49, 3.00, 609),
(6598, 50, 1.00, 609),
(6599, 51, 1.00, 609),
(6600, 53, 2.00, 609),
(6601, 54, 5.00, 609),
(6602, 58, 4.00, 609),
(6603, 59, 6.00, 609),
(6604, 60, 10.00, 609),
(6605, 64, 1.00, 609),
(6606, 65, 1.00, 609),
(6607, 66, 7.00, 609),
(6608, 67, 5.00, 609),
(6609, 68, 4.00, 609),
(6610, 94, 5.00, 609),
(6612, 48, 2.00, 610),
(6613, 52, 3.00, 610),
(6614, 55, 6.00, 610),
(6615, 56, 9.00, 610),
(6616, 57, 9.00, 610),
(6617, 61, 3.00, 610),
(6618, 62, 10.00, 610),
(6619, 63, 3.00, 610),
(6620, 69, 1.00, 610),
(6621, 70, 2.00, 610),
(6622, 71, 10.00, 610),
(6623, 92, 2.00, 610),
(6624, 95, 3.00, 610),
(6625, 96, 6.00, 610),
(6627, 48, 2.00, 611),
(6628, 52, 3.00, 611),
(6629, 55, 7.00, 611),
(6630, 56, 9.00, 611),
(6631, 57, 9.00, 611),
(6632, 61, 3.00, 611),
(6633, 62, 10.00, 611),
(6634, 63, 3.00, 611),
(6635, 69, 1.00, 611),
(6636, 70, 2.00, 611),
(6637, 71, 10.00, 611),
(6638, 92, 2.00, 611),
(6639, 95, 3.00, 611),
(6640, 96, 6.00, 611),
(6642, 48, 3.00, 612),
(6643, 52, 4.00, 612),
(6644, 55, 7.00, 612),
(6645, 56, 9.00, 612),
(6646, 57, 9.00, 612),
(6647, 61, 4.00, 612),
(6648, 62, 10.00, 612),
(6649, 63, 4.00, 612),
(6650, 69, 1.00, 612),
(6651, 70, 3.00, 612),
(6652, 71, 10.00, 612),
(6653, 92, 3.00, 612),
(6654, 95, 4.00, 612),
(6655, 96, 5.00, 612),
(6657, 49, 1.00, 613),
(6658, 50, 2.00, 613),
(6659, 51, 2.00, 613),
(6660, 53, 1.00, 613),
(6661, 54, 5.00, 613),
(6662, 58, 3.00, 613),
(6663, 59, 2.00, 613),
(6664, 60, 6.00, 613),
(6665, 64, 2.00, 613),
(6666, 65, 4.00, 613),
(6667, 66, 1.00, 613),
(6668, 67, 8.00, 613),
(6669, 68, 3.00, 613),
(6670, 94, 2.00, 613),
(6672, 1, 1.00, 614),
(6673, 2, 10.00, 614),
(6674, 4, 1.00, 614),
(6675, 5, 6.00, 614),
(6676, 6, 8.00, 614),
(6677, 7, 9.00, 614),
(6678, 9, 10.00, 614),
(6679, 10, 1.00, 614),
(6680, 44, 3.00, 614),
(6681, 72, 1.00, 614),
(6682, 93, 7.00, 614),
(6687, 1, 1.00, 615),
(6688, 2, 10.00, 615),
(6689, 4, 1.00, 615),
(6690, 5, 6.00, 615),
(6691, 6, 8.00, 615),
(6692, 7, 9.00, 615),
(6693, 9, 10.00, 615),
(6694, 10, 1.00, 615),
(6695, 44, 3.00, 615),
(6696, 72, 1.00, 615),
(6697, 93, 6.00, 615),
(6702, 1, 1.00, 616),
(6703, 2, 10.00, 616),
(6704, 4, 1.00, 616),
(6705, 5, 8.00, 616),
(6706, 6, 9.00, 616),
(6707, 7, 9.00, 616),
(6708, 9, 10.00, 616),
(6709, 10, 1.00, 616),
(6710, 44, 2.00, 616),
(6711, 72, 1.00, 616),
(6712, 93, 7.00, 616),
(6717, 1, 4.00, 617),
(6718, 2, 1.00, 617),
(6719, 4, 5.00, 617),
(6720, 5, 5.00, 617),
(6721, 6, 2.00, 617),
(6722, 7, 1.00, 617),
(6723, 9, 5.00, 617),
(6724, 10, 1.00, 617),
(6725, 44, 5.00, 617),
(6726, 72, 4.00, 617),
(6732, 11, 9.00, 618),
(6733, 12, 2.00, 618),
(6734, 13, 10.00, 618),
(6735, 14, 6.00, 618),
(6736, 15, 1.00, 618),
(6737, 17, 4.00, 618),
(6738, 19, 10.00, 618),
(6739, 45, 10.00, 618),
(6740, 47, 6.00, 618),
(6741, 75, 1.00, 618),
(6747, 11, 9.00, 619),
(6748, 12, 2.00, 619),
(6749, 13, 10.00, 619),
(6750, 14, 6.00, 619),
(6751, 15, 1.00, 619),
(6752, 17, 4.00, 619),
(6753, 19, 10.00, 619),
(6754, 45, 10.00, 619),
(6755, 47, 6.00, 619),
(6756, 75, 1.00, 619),
(6762, 1, 4.00, 620),
(6763, 2, 2.00, 620),
(6764, 4, 6.00, 620),
(6765, 5, 6.00, 620),
(6766, 6, 3.00, 620),
(6767, 7, 2.00, 620),
(6768, 9, 6.00, 620),
(6769, 10, 2.00, 620),
(6770, 44, 6.00, 620),
(6771, 72, 6.00, 620),
(6777, 11, 10.00, 621),
(6778, 12, 2.00, 621),
(6779, 13, 10.00, 621),
(6780, 14, 6.00, 621),
(6781, 15, 1.00, 621),
(6782, 17, 4.00, 621),
(6783, 19, 10.00, 621);
INSERT INTO `assessment_details` (`assessment_detail_id`, `student_id`, `score`, `assessment_id`) VALUES
(6784, 45, 10.00, 621),
(6785, 47, 6.00, 621),
(6786, 75, 1.00, 621),
(6792, 20, 7.00, 622),
(6793, 21, 9.00, 622),
(6794, 22, 9.00, 622),
(6795, 23, 2.00, 622),
(6796, 24, 10.00, 622),
(6797, 25, 5.00, 622),
(6798, 26, 9.00, 622),
(6799, 27, 9.00, 622),
(6800, 28, 2.00, 622),
(6801, 73, 9.00, 622),
(6802, 74, 9.00, 622),
(6803, 77, 10.00, 622),
(6807, 20, 7.00, 623),
(6808, 21, 9.00, 623),
(6809, 22, 9.00, 623),
(6810, 23, 1.00, 623),
(6811, 24, 10.00, 623),
(6812, 25, 5.00, 623),
(6813, 26, 9.00, 623),
(6814, 27, 9.00, 623),
(6815, 28, 2.00, 623),
(6816, 73, 9.00, 623),
(6817, 74, 9.00, 623),
(6818, 77, 10.00, 623),
(6822, 20, 6.00, 624),
(6823, 21, 10.00, 624),
(6824, 22, 10.00, 624),
(6825, 23, 1.00, 624),
(6826, 24, 10.00, 624),
(6827, 25, 5.00, 624),
(6828, 26, 9.00, 624),
(6829, 27, 9.00, 624),
(6830, 28, 3.00, 624),
(6831, 73, 9.00, 624),
(6832, 74, 10.00, 624),
(6833, 77, 10.00, 624),
(6837, 1, 4.00, 625),
(6838, 2, 1.00, 625),
(6839, 4, 5.00, 625),
(6840, 5, 6.00, 625),
(6841, 6, 2.00, 625),
(6842, 7, 1.00, 625),
(6843, 9, 6.00, 625),
(6844, 10, 1.00, 625),
(6845, 44, 5.00, 625),
(6846, 72, 5.00, 625),
(6852, 11, 4.00, 626),
(6853, 12, 4.00, 626),
(6854, 13, 6.00, 626),
(6855, 14, 6.00, 626),
(6856, 15, 3.00, 626),
(6857, 17, 2.00, 626),
(6858, 19, 2.00, 626),
(6859, 45, 5.00, 626),
(6860, 47, 6.00, 626),
(6861, 75, 5.00, 626),
(6867, 11, 4.00, 627),
(6868, 12, 5.00, 627),
(6869, 13, 6.00, 627),
(6870, 14, 5.00, 627),
(6871, 15, 3.00, 627),
(6872, 17, 3.00, 627),
(6873, 19, 2.00, 627),
(6874, 45, 5.00, 627),
(6875, 47, 6.00, 627),
(6876, 75, 3.00, 627),
(6882, 11, 4.00, 628),
(6883, 12, 5.00, 628),
(6884, 13, 6.00, 628),
(6885, 14, 5.00, 628),
(6886, 15, 3.00, 628),
(6887, 17, 2.00, 628),
(6888, 19, 2.00, 628),
(6889, 45, 5.00, 628),
(6890, 47, 6.00, 628),
(6891, 75, 2.00, 628),
(6897, 49, 6.00, 629),
(6898, 50, 6.00, 629),
(6899, 51, 5.00, 629),
(6900, 53, 6.00, 629),
(6901, 54, 8.00, 629),
(6902, 58, 6.00, 629),
(6903, 59, 5.00, 629),
(6904, 60, 9.00, 629),
(6905, 64, 7.00, 629),
(6906, 65, 8.00, 629),
(6907, 66, 8.00, 629),
(6908, 67, 8.00, 629),
(6909, 68, 6.00, 629),
(6910, 94, 6.00, 629),
(6912, 20, 6.00, 630),
(6913, 21, 9.00, 630),
(6914, 22, 10.00, 630),
(6915, 23, 5.00, 630),
(6916, 24, 8.00, 630),
(6917, 25, 8.00, 630),
(6918, 26, 10.00, 630),
(6919, 27, 8.00, 630),
(6920, 28, 7.00, 630),
(6921, 73, 9.00, 630),
(6922, 74, 8.00, 630),
(6923, 77, 10.00, 630),
(6927, 20, 5.00, 631),
(6928, 21, 10.00, 631),
(6929, 22, 8.00, 631),
(6930, 23, 5.00, 631),
(6931, 24, 9.00, 631),
(6932, 25, 8.00, 631),
(6933, 26, 8.00, 631),
(6934, 27, 8.00, 631),
(6935, 28, 4.00, 631),
(6936, 73, 6.00, 631),
(6937, 74, 8.00, 631),
(6938, 77, 9.00, 631),
(6942, 49, 6.00, 632),
(6943, 50, 7.00, 632),
(6944, 51, 5.00, 632),
(6945, 53, 6.00, 632),
(6946, 54, 8.00, 632),
(6947, 58, 7.00, 632),
(6948, 59, 5.00, 632),
(6949, 60, 9.00, 632),
(6950, 64, 7.00, 632),
(6951, 65, 8.00, 632),
(6952, 66, 8.00, 632),
(6953, 67, 8.00, 632),
(6954, 68, 6.00, 632),
(6955, 94, 6.00, 632),
(6957, 20, 5.00, 633),
(6958, 21, 9.00, 633),
(6959, 22, 8.00, 633),
(6960, 23, 5.00, 633),
(6961, 24, 8.00, 633),
(6962, 25, 6.00, 633),
(6963, 26, 8.00, 633),
(6964, 27, 10.00, 633),
(6965, 28, 3.00, 633),
(6966, 73, 6.00, 633),
(6967, 74, 8.00, 633),
(6968, 77, 9.00, 633),
(6972, 1, 7.00, 634),
(6973, 2, 7.00, 634),
(6974, 4, 6.00, 634),
(6975, 5, 7.00, 634),
(6976, 6, 7.00, 634),
(6977, 7, 7.00, 634),
(6979, 9, 7.00, 634),
(6980, 10, 6.00, 634),
(6981, 44, 7.00, 634),
(6982, 72, 8.00, 634),
(6987, 1, 6.00, 635),
(6988, 2, 6.00, 635),
(6989, 4, 6.00, 635),
(6990, 5, 6.00, 635),
(6991, 6, 6.00, 635),
(6992, 7, 6.00, 635),
(6994, 9, 6.00, 635),
(6995, 10, 6.00, 635),
(6996, 44, 6.00, 635),
(6997, 72, 7.00, 635),
(7002, 1, 7.00, 636),
(7003, 2, 7.00, 636),
(7004, 4, 6.00, 636),
(7005, 5, 7.00, 636),
(7006, 6, 7.00, 636),
(7007, 7, 7.00, 636),
(7009, 9, 7.00, 636),
(7010, 10, 6.00, 636),
(7011, 44, 7.00, 636),
(7012, 72, 8.00, 636),
(7017, 39, 9.00, 637),
(7018, 43, 9.00, 637),
(7019, 78, 6.00, 637),
(7020, 81, 9.00, 637),
(7024, 39, 10.00, 638),
(7025, 43, 10.00, 638),
(7026, 78, 6.00, 638),
(7027, 81, 10.00, 638),
(7031, 11, 8.00, 639),
(7032, 12, 6.00, 639),
(7033, 13, 7.00, 639),
(7034, 14, 5.00, 639),
(7035, 15, 5.00, 639),
(7036, 17, 7.00, 639),
(7037, 19, 7.00, 639),
(7038, 45, 9.00, 639),
(7039, 47, 7.00, 639),
(7040, 75, 6.00, 639),
(7046, 76, 8.00, 640),
(7047, 76, 8.00, 641),
(7048, 76, 10.00, 642),
(7049, 11, 4.00, 643),
(7050, 12, 6.00, 643),
(7051, 13, 6.00, 643),
(7052, 14, 4.00, 643),
(7053, 15, 4.00, 643),
(7054, 17, 7.00, 643),
(7055, 19, 6.00, 643),
(7056, 45, 8.00, 643),
(7057, 47, 6.00, 643),
(7058, 75, 6.00, 643),
(7064, 86, 8.00, 644),
(7065, 88, 5.00, 644),
(7066, 90, 8.00, 644),
(7067, 91, 5.00, 644),
(7071, 86, 8.00, 645),
(7072, 88, 5.00, 645),
(7073, 90, 8.00, 645),
(7074, 91, 5.00, 645),
(7078, 86, 10.00, 646),
(7079, 88, 7.00, 646),
(7080, 90, 10.00, 646),
(7081, 91, 7.00, 646),
(7085, 11, 7.00, 647),
(7086, 12, 6.00, 647),
(7087, 13, 7.00, 647),
(7088, 14, 6.00, 647),
(7089, 15, 5.00, 647),
(7090, 17, 7.00, 647),
(7091, 19, 7.00, 647),
(7092, 45, 7.00, 647),
(7093, 47, 7.00, 647),
(7094, 75, 6.00, 647),
(7100, 20, 6.00, 648),
(7101, 21, 6.00, 648),
(7102, 22, 7.00, 648),
(7103, 23, 9.00, 648),
(7104, 24, 7.00, 648),
(7105, 25, 8.00, 648),
(7106, 26, 6.00, 648),
(7107, 27, 7.00, 648),
(7108, 28, 9.00, 648),
(7109, 73, 8.00, 648),
(7110, 74, 6.00, 648),
(7111, 77, 8.00, 648),
(7115, 30, 4.00, 649),
(7116, 33, 3.00, 649),
(7117, 34, 5.00, 649),
(7118, 35, 5.00, 649),
(7119, 79, 5.00, 649),
(7122, 20, 7.00, 650),
(7123, 21, 5.00, 650),
(7124, 22, 7.00, 650),
(7125, 23, 6.00, 650),
(7126, 24, 7.00, 650),
(7127, 25, 7.00, 650),
(7128, 26, 5.00, 650),
(7129, 27, 6.00, 650),
(7130, 28, 9.00, 650),
(7131, 73, 7.00, 650),
(7132, 74, 5.00, 650),
(7133, 77, 7.00, 650),
(7137, 20, 6.00, 651),
(7138, 21, 6.00, 651),
(7139, 22, 7.00, 651),
(7140, 23, 9.00, 651),
(7141, 24, 6.00, 651),
(7142, 25, 8.00, 651),
(7143, 26, 6.00, 651),
(7144, 27, 7.00, 651),
(7145, 28, 9.00, 651),
(7146, 73, 8.00, 651),
(7147, 74, 6.00, 651),
(7148, 77, 8.00, 651),
(7152, 30, 4.00, 652),
(7153, 33, 3.00, 652),
(7154, 34, 5.00, 652),
(7155, 35, 5.00, 652),
(7156, 79, 5.00, 652),
(7159, 30, 6.00, 653),
(7160, 33, 2.00, 653),
(7161, 34, 5.00, 653),
(7162, 35, 6.00, 653),
(7163, 79, 5.00, 653),
(7166, 80, 5.00, 654),
(7167, 80, 5.00, 655),
(7168, 80, 5.00, 656),
(7169, 29, 8.00, 657),
(7170, 32, 4.00, 657),
(7172, 29, 8.00, 658),
(7173, 32, 4.00, 658),
(7175, 29, 7.00, 659),
(7176, 32, 5.00, 659),
(7178, 39, 5.00, 660),
(7179, 43, 6.00, 660),
(7180, 78, 6.00, 660),
(7181, 81, 3.00, 660),
(7185, 49, 8.00, 661),
(7186, 50, 9.00, 661),
(7187, 51, 7.00, 661),
(7188, 53, 7.00, 661),
(7189, 54, 9.00, 661),
(7190, 58, 7.00, 661),
(7191, 59, 10.00, 661),
(7192, 60, 5.00, 661),
(7193, 64, 7.00, 661),
(7194, 65, 9.00, 661),
(7195, 66, 7.00, 661),
(7196, 67, 10.00, 661),
(7197, 68, 7.00, 661),
(7198, 94, 7.00, 661),
(7200, 39, 5.00, 662),
(7201, 43, 7.00, 662),
(7202, 78, 7.00, 662),
(7203, 81, 3.00, 662),
(7207, 39, 5.00, 663),
(7208, 43, 7.00, 663),
(7209, 78, 7.00, 663),
(7210, 81, 3.00, 663),
(7214, 76, 6.00, 664),
(7215, 49, 7.00, 665),
(7216, 50, 7.00, 665),
(7217, 51, 7.00, 665),
(7218, 53, 7.00, 665),
(7219, 54, 7.00, 665),
(7220, 58, 7.00, 665),
(7221, 59, 10.00, 665),
(7222, 60, 5.00, 665),
(7223, 64, 7.00, 665),
(7224, 65, 7.00, 665),
(7225, 66, 6.00, 665),
(7226, 67, 10.00, 665),
(7227, 68, 6.00, 665),
(7228, 94, 7.00, 665),
(7230, 76, 7.00, 666),
(7231, 76, 7.00, 667),
(7232, 86, 8.00, 668),
(7233, 88, 4.00, 668),
(7234, 90, 6.00, 668),
(7235, 91, 5.00, 668),
(7239, 86, 8.00, 669),
(7240, 88, 4.00, 669),
(7241, 90, 6.00, 669),
(7242, 91, 5.00, 669),
(7246, 86, 10.00, 670),
(7247, 88, 4.00, 670),
(7248, 90, 6.00, 670),
(7249, 91, 5.00, 670),
(7253, 48, 7.00, 671),
(7254, 52, 8.00, 671),
(7255, 55, 9.00, 671),
(7256, 56, 7.00, 671),
(7257, 57, 7.00, 671),
(7258, 61, 6.00, 671),
(7259, 62, 5.00, 671),
(7260, 63, 7.00, 671),
(7261, 69, 8.00, 671),
(7262, 70, 7.00, 671),
(7263, 71, 10.00, 671),
(7264, 92, 7.00, 671),
(7265, 95, 9.00, 671),
(7266, 96, 9.00, 671),
(7268, 1, 3.00, 672),
(7269, 2, 9.00, 672),
(7270, 4, 3.00, 672),
(7271, 5, 5.00, 672),
(7272, 6, 5.00, 672),
(7273, 7, 5.00, 672),
(7274, 9, 7.00, 672),
(7275, 10, 3.00, 672),
(7276, 44, 3.00, 672),
(7277, 72, 7.00, 672),
(7278, 93, 0.00, 672),
(7283, 1, 4.00, 673),
(7284, 2, 9.00, 673),
(7285, 4, 5.00, 673),
(7286, 5, 5.00, 673),
(7287, 6, 6.00, 673),
(7288, 7, 5.00, 673),
(7289, 9, 7.00, 673),
(7290, 10, 4.00, 673),
(7291, 44, 3.00, 673),
(7292, 72, 7.00, 673),
(7293, 93, 0.00, 673),
(7298, 1, 3.00, 674),
(7299, 2, 7.00, 674),
(7300, 4, 3.00, 674),
(7301, 5, 5.00, 674),
(7302, 6, 5.00, 674),
(7303, 7, 5.00, 674),
(7304, 9, 6.00, 674),
(7305, 10, 3.00, 674),
(7306, 44, 3.00, 674),
(7307, 72, 7.00, 674),
(7308, 93, 0.00, 674),
(7313, 11, 8.00, 675),
(7314, 12, 7.00, 675),
(7315, 13, 9.00, 675),
(7316, 14, 2.00, 675),
(7317, 15, 4.00, 675),
(7318, 17, 3.00, 675),
(7319, 19, 10.00, 675),
(7320, 45, 9.00, 675),
(7321, 47, 10.00, 675),
(7322, 75, 9.00, 675),
(7328, 11, 8.00, 676),
(7329, 12, 7.00, 676),
(7330, 13, 9.00, 676),
(7331, 14, 4.00, 676),
(7332, 15, 4.00, 676),
(7333, 17, 4.00, 676),
(7334, 19, 10.00, 676),
(7335, 45, 9.00, 676),
(7336, 47, 10.00, 676),
(7337, 75, 9.00, 676),
(7343, 11, 7.00, 677),
(7344, 12, 7.00, 677),
(7345, 13, 6.00, 677),
(7346, 14, 2.00, 677),
(7347, 15, 4.00, 677),
(7348, 17, 3.00, 677),
(7349, 19, 10.00, 677),
(7350, 45, 8.00, 677),
(7351, 47, 8.00, 677),
(7352, 75, 8.00, 677),
(7358, 20, 9.00, 678),
(7359, 21, 6.00, 678),
(7360, 22, 6.00, 678),
(7361, 23, 3.00, 678),
(7362, 24, 6.00, 678),
(7363, 25, 5.00, 678),
(7364, 26, 2.00, 678),
(7365, 27, 3.00, 678),
(7366, 28, 2.00, 678),
(7367, 73, 5.00, 678),
(7368, 74, 5.00, 678),
(7369, 77, 10.00, 678),
(7373, 20, 9.00, 679),
(7374, 21, 7.00, 679),
(7375, 22, 6.00, 679),
(7376, 23, 3.00, 679),
(7377, 24, 7.00, 679),
(7378, 25, 6.00, 679),
(7379, 26, 2.00, 679),
(7380, 27, 4.00, 679),
(7381, 28, 2.00, 679),
(7382, 73, 6.00, 679),
(7383, 74, 6.00, 679),
(7384, 77, 10.00, 679),
(7388, 20, 5.00, 680),
(7389, 21, 6.00, 680),
(7390, 22, 6.00, 680),
(7391, 23, 3.00, 680),
(7392, 24, 6.00, 680),
(7393, 25, 5.00, 680),
(7394, 26, 1.00, 680),
(7395, 27, 3.00, 680),
(7396, 28, 1.00, 680),
(7397, 73, 5.00, 680),
(7398, 74, 6.00, 680),
(7399, 77, 5.00, 680),
(7403, 80, 5.00, 681),
(7404, 80, 5.00, 682),
(7405, 80, 5.00, 683),
(7406, 30, 10.00, 684),
(7407, 33, 7.00, 684),
(7408, 34, 6.00, 684),
(7409, 35, 6.00, 684),
(7410, 79, 5.00, 684),
(7413, 30, 10.00, 685),
(7414, 33, 7.00, 685),
(7415, 34, 7.00, 685),
(7416, 35, 7.00, 685),
(7417, 79, 5.00, 685),
(7420, 30, 5.00, 686),
(7421, 33, 6.00, 686),
(7422, 34, 7.00, 686),
(7423, 35, 7.00, 686),
(7424, 79, 5.00, 686),
(7427, 29, 6.00, 687),
(7428, 32, 6.00, 687),
(7430, 29, 7.00, 688),
(7431, 32, 6.00, 688),
(7433, 29, 7.00, 689),
(7434, 32, 6.00, 689),
(7436, 39, 5.00, 690),
(7437, 43, 10.00, 690),
(7438, 78, 6.00, 690),
(7439, 81, 6.00, 690),
(7443, 39, 5.00, 691),
(7444, 43, 10.00, 691),
(7445, 78, 8.00, 691),
(7446, 81, 6.00, 691),
(7450, 39, 5.00, 692),
(7451, 43, 10.00, 692),
(7452, 78, 6.00, 692),
(7453, 81, 8.00, 692),
(7457, 76, 5.00, 693),
(7458, 76, 5.00, 694),
(7459, 76, 5.00, 695),
(7460, 86, 7.00, 696),
(7461, 88, 5.00, 696),
(7462, 90, 6.00, 696),
(7463, 91, 6.00, 696),
(7467, 86, 9.00, 697),
(7468, 88, 5.00, 697),
(7469, 90, 6.00, 697),
(7470, 91, 6.00, 697),
(7474, 86, 7.00, 698),
(7475, 88, 5.00, 698),
(7476, 90, 6.00, 698),
(7477, 91, 8.00, 698),
(7481, 80, 4.00, 699),
(7482, 29, 7.00, 700),
(7483, 32, 10.00, 700),
(7485, 29, 7.00, 701),
(7486, 32, 10.00, 701);

-- --------------------------------------------------------

--
-- Stand-in structure for view `assessment_detailsviews`
-- (See below for the actual view)
--
CREATE TABLE `assessment_detailsviews` (
`assessment_id` int(10) unsigned
,`subject_classroom_id` int(10) unsigned
,`assessment_setup_detail_id` int(10) unsigned
,`marked` int(10) unsigned
,`assessment_detail_id` int(10) unsigned
,`student_id` int(10) unsigned
,`student_no` varchar(10)
,`student_name` varchar(101)
,`gender` varchar(10)
,`score` double(8,2) unsigned
,`weight_point` double(8,2) unsigned
,`number` tinyint(4)
,`percentage` int(10) unsigned
,`description` varchar(255)
,`submission_date` date
,`assessment_setup_id` int(10) unsigned
,`assessment_no` tinyint(4)
,`ca_weight_point` int(10) unsigned
,`exam_weight_point` int(10) unsigned
,`sponsor_id` int(10) unsigned
,`phone_no` varchar(20)
,`email` varchar(255)
,`sponsor_name` varchar(91)
,`subject_id` int(10) unsigned
,`classroom_id` int(10) unsigned
,`tutor_id` int(10) unsigned
,`tutor` varchar(91)
,`classroom` varchar(255)
,`classlevel_id` int(10) unsigned
,`classlevel` varchar(255)
,`classgroup_id` int(10) unsigned
,`academic_term_id` int(10) unsigned
,`academic_term` varchar(100)
);

-- --------------------------------------------------------

--
-- Table structure for table `assessment_setups`
--

CREATE TABLE `assessment_setups` (
  `assessment_setup_id` int(10) UNSIGNED NOT NULL,
  `assessment_no` tinyint(4) NOT NULL,
  `classgroup_id` int(10) UNSIGNED NOT NULL,
  `academic_term_id` int(10) UNSIGNED NOT NULL
) ENGINE=InnoDB DEFAULT CHARSET=utf8 COLLATE=utf8_unicode_ci;

--
-- Dumping data for table `assessment_setups`
--

INSERT INTO `assessment_setups` (`assessment_setup_id`, `assessment_no`, `classgroup_id`, `academic_term_id`) VALUES
(3, 3, 1, 1),
(4, 3, 2, 1),
(5, 1, 1, 2),
(6, 1, 2, 2),
(7, 1, 1, 3),
(8, 1, 2, 3),
(9, 3, 1, 4),
(10, 3, 2, 4);

-- --------------------------------------------------------

--
-- Table structure for table `assessment_setup_details`
--

CREATE TABLE `assessment_setup_details` (
  `assessment_setup_detail_id` int(10) UNSIGNED NOT NULL,
  `number` tinyint(4) NOT NULL,
  `weight_point` double(8,2) UNSIGNED NOT NULL,
  `percentage` int(10) UNSIGNED NOT NULL,
  `assessment_setup_id` int(10) UNSIGNED NOT NULL,
  `submission_date` date DEFAULT NULL,
  `description` varchar(255) COLLATE utf8_unicode_ci DEFAULT NULL
) ENGINE=InnoDB DEFAULT CHARSET=utf8 COLLATE=utf8_unicode_ci;

--
-- Dumping data for table `assessment_setup_details`
--

INSERT INTO `assessment_setup_details` (`assessment_setup_detail_id`, `number`, `weight_point`, `percentage`, `assessment_setup_id`, `submission_date`, `description`) VALUES
(1, 1, 10.00, 25, 3, '2016-07-15', 'first test'),
(2, 2, 20.00, 50, 3, '2016-07-15', 'mid-term test'),
(3, 3, 10.00, 25, 3, '2016-07-15', 'final test'),
(5, 1, 10.00, 25, 4, '2016-07-15', 'first test'),
(6, 2, 20.00, 50, 4, '2016-07-15', 'mid-term test'),
(7, 3, 10.00, 25, 4, '2016-07-15', 'final test'),
(8, 1, 40.00, 100, 5, '2016-02-26', 'Second Term C.A'),
(9, 1, 40.00, 100, 6, '2016-02-26', 'Second Term C.A'),
(10, 1, 40.00, 100, 7, '2015-11-13', 'First Term C.A'),
(11, 1, 40.00, 100, 8, '2015-11-13', 'First Term C.A'),
(12, 1, 10.00, 20, 9, '2016-10-12', 'First CA'),
(13, 2, 10.00, 60, 9, '2016-10-26', 'Mid Term'),
(14, 3, 10.00, 20, 9, '2016-11-23', 'Second CA'),
(15, 1, 10.00, 20, 10, '2016-10-12', 'First CA'),
(16, 2, 10.00, 60, 10, '2016-10-26', 'Mid Term'),
(17, 3, 10.00, 20, 10, '2016-11-23', 'Second CA');

-- --------------------------------------------------------

--
-- Table structure for table `classgroups`
--

CREATE TABLE `classgroups` (
  `classgroup_id` int(10) UNSIGNED NOT NULL,
  `classgroup` varchar(255) COLLATE utf8_unicode_ci NOT NULL,
  `ca_weight_point` int(10) UNSIGNED DEFAULT '0',
  `exam_weight_point` int(10) UNSIGNED DEFAULT '0',
  `created_at` timestamp NULL DEFAULT NULL,
  `updated_at` timestamp NULL DEFAULT NULL
) ENGINE=InnoDB DEFAULT CHARSET=utf8 COLLATE=utf8_unicode_ci;

--
-- Dumping data for table `classgroups`
--

INSERT INTO `classgroups` (`classgroup_id`, `classgroup`, `ca_weight_point`, `exam_weight_point`, `created_at`, `updated_at`) VALUES
(1, 'Junior Secondary', 30, 70, '2016-05-11 15:50:22', '2016-10-07 17:31:04'),
(2, 'Senior Secondary', 30, 70, '2016-05-11 15:50:22', '2016-10-07 17:31:04');

-- --------------------------------------------------------

--
-- Table structure for table `classlevels`
--

CREATE TABLE `classlevels` (
  `classlevel_id` int(10) UNSIGNED NOT NULL,
  `classlevel` varchar(255) COLLATE utf8_unicode_ci NOT NULL,
  `classgroup_id` int(10) UNSIGNED NOT NULL,
  `created_at` timestamp NULL DEFAULT NULL,
  `updated_at` timestamp NULL DEFAULT NULL
) ENGINE=InnoDB DEFAULT CHARSET=utf8 COLLATE=utf8_unicode_ci;

--
-- Dumping data for table `classlevels`
--

INSERT INTO `classlevels` (`classlevel_id`, `classlevel`, `classgroup_id`, `created_at`, `updated_at`) VALUES
(1, 'JSS 1', 1, '2016-05-11 15:52:27', '2016-05-11 15:52:27'),
(2, 'JSS 2', 1, '2016-05-11 15:52:27', '2016-05-11 15:52:27'),
(3, 'JSS 3', 1, '2016-05-11 15:52:27', '2016-05-11 15:52:27'),
(4, 'SS 1', 2, '2016-05-11 15:52:27', '2016-05-11 15:52:27'),
(5, 'SS 2', 2, '2016-10-07 17:32:08', '2016-10-07 17:32:08');

-- --------------------------------------------------------

--
-- Table structure for table `classrooms`
--

CREATE TABLE `classrooms` (
  `classroom_id` int(10) UNSIGNED NOT NULL,
  `classroom` varchar(255) COLLATE utf8_unicode_ci NOT NULL,
  `class_size` int(11) DEFAULT NULL,
  `class_status` int(10) UNSIGNED NOT NULL DEFAULT '1',
  `classlevel_id` int(10) UNSIGNED NOT NULL,
  `created_at` timestamp NULL DEFAULT NULL,
  `updated_at` timestamp NULL DEFAULT NULL
) ENGINE=InnoDB DEFAULT CHARSET=utf8 COLLATE=utf8_unicode_ci;

--
-- Dumping data for table `classrooms`
--

INSERT INTO `classrooms` (`classroom_id`, `classroom`, `class_size`, `class_status`, `classlevel_id`, `created_at`, `updated_at`) VALUES
(1, 'JSS 1 PEACE (A)', 13, 1, 1, '2016-05-11 15:59:09', '2016-10-07 17:38:43'),
(2, 'JSS 1 JOY( B)', 13, 1, 1, '2016-05-11 15:59:09', '2016-10-07 17:38:43'),
(3, 'JSS 2 FAVOUR (A)', 11, 1, 2, '2016-05-11 15:59:09', '2016-10-14 19:20:39'),
(4, 'JSS 3 LOVE (A)', 12, 1, 3, '2016-05-11 15:59:09', '2016-10-07 17:38:43'),
(5, 'SS 1 GOLD (A)', 4, 1, 4, '2016-05-13 15:23:54', '2016-10-07 18:08:27'),
(6, 'JSS 2 GRACE (B)', 10, 1, 2, '2016-10-07 17:37:45', '2016-10-07 17:37:45'),
(7, 'SS 2 DIAMOND (A)', 4, 1, 5, '2016-10-07 17:37:45', '2016-10-07 18:10:11'),
(8, 'SS 1 PRECIOUS (B)', 2, 1, 4, '2016-10-07 18:08:27', '2016-10-07 18:08:27'),
(9, 'SS 1 PLATINUM (C)', 3, 1, 4, '2016-10-07 18:08:27', '2016-10-07 18:08:27'),
(10, 'SS 2 SAPPHIRE (B)', 1, 1, 5, '2016-10-07 18:10:11', '2016-10-07 18:10:54'),
(11, 'SS 2 RUBY (C)', 4, 1, 5, '2016-10-07 18:10:11', '2016-10-07 18:10:11');

-- --------------------------------------------------------

--
-- Table structure for table `class_masters`
--

CREATE TABLE `class_masters` (
  `class_master_id` int(10) UNSIGNED NOT NULL,
  `user_id` int(10) UNSIGNED DEFAULT NULL,
  `classroom_id` int(10) UNSIGNED NOT NULL,
  `academic_year_id` int(10) UNSIGNED NOT NULL,
  `created_at` timestamp NULL DEFAULT NULL,
  `updated_at` timestamp NULL DEFAULT NULL
) ENGINE=MyISAM DEFAULT CHARSET=utf8 COLLATE=utf8_unicode_ci;

--
-- Dumping data for table `class_masters`
--

INSERT INTO `class_masters` (`class_master_id`, `user_id`, `classroom_id`, `academic_year_id`, `created_at`, `updated_at`) VALUES
(1, 2, 3, 2, '2016-10-14 19:22:26', '2016-10-14 19:22:26'),
(2, 4, 6, 2, '2016-10-14 19:22:35', '2016-10-14 19:22:35'),
(3, 12, 2, 2, '2016-10-14 19:23:46', '2016-10-14 19:23:46'),
(4, 3, 1, 2, '2016-10-14 19:23:58', '2016-10-14 19:23:58'),
(5, 6, 4, 2, '2016-10-14 19:24:25', '2016-10-14 19:24:25'),
(6, 130, 10, 2, '2016-11-22 19:42:10', '2016-11-22 19:42:10'),
(7, 130, 11, 2, '2016-11-22 19:42:20', '2016-11-22 19:42:20'),
(8, 130, 7, 2, '2016-11-22 19:42:29', '2016-11-22 19:42:29'),
(9, 15, 5, 2, '2016-12-07 19:14:09', '2016-12-07 19:14:09'),
(10, 15, 9, 2, '2016-12-07 19:14:15', '2016-12-07 19:14:15'),
(11, 15, 8, 2, '2016-12-07 19:14:19', '2016-12-07 19:14:19');

-- --------------------------------------------------------

--
-- Table structure for table `domains`
--

CREATE TABLE `domains` (
  `domain_id` int(10) UNSIGNED NOT NULL,
  `domain` varchar(100) COLLATE utf8_unicode_ci NOT NULL
) ENGINE=InnoDB DEFAULT CHARSET=utf8 COLLATE=utf8_unicode_ci;

--
-- Dumping data for table `domains`
--

INSERT INTO `domains` (`domain_id`, `domain`) VALUES
(1, 'Neatness'),
(2, 'Punctuality'),
(3, 'Attentiveness'),
(4, 'Staff / Students Interaction');

-- --------------------------------------------------------

--
-- Table structure for table `domain_assessments`
--

CREATE TABLE `domain_assessments` (
  `domain_assessment_id` int(10) UNSIGNED NOT NULL,
  `student_id` int(10) UNSIGNED NOT NULL,
  `academic_term_id` int(10) UNSIGNED NOT NULL
) ENGINE=InnoDB DEFAULT CHARSET=utf8 COLLATE=utf8_unicode_ci;

--
-- Dumping data for table `domain_assessments`
--

INSERT INTO `domain_assessments` (`domain_assessment_id`, `student_id`, `academic_term_id`) VALUES
(1, 1, 2),
(2, 2, 2),
(3, 48, 4),
(4, 79, 4);

-- --------------------------------------------------------

--
-- Table structure for table `domain_details`
--

CREATE TABLE `domain_details` (
  `domain_detail_id` int(10) UNSIGNED NOT NULL,
  `domain_id` int(10) UNSIGNED NOT NULL,
  `domain_assessment_id` int(10) UNSIGNED NOT NULL,
  `option` int(10) UNSIGNED NOT NULL DEFAULT '0'
) ENGINE=InnoDB DEFAULT CHARSET=utf8 COLLATE=utf8_unicode_ci;

--
-- Dumping data for table `domain_details`
--

INSERT INTO `domain_details` (`domain_detail_id`, `domain_id`, `domain_assessment_id`, `option`) VALUES
(1, 3, 1, 4),
(2, 1, 1, 4),
(3, 2, 1, 4),
(4, 4, 1, 3),
(5, 3, 2, 3),
(6, 1, 2, 4),
(7, 2, 2, 5),
(8, 4, 2, 4);

-- --------------------------------------------------------

--
-- Table structure for table `exams`
--

CREATE TABLE `exams` (
  `exam_id` int(10) UNSIGNED NOT NULL,
  `subject_classroom_id` int(10) UNSIGNED NOT NULL,
  `marked` int(10) UNSIGNED NOT NULL DEFAULT '2'
) ENGINE=InnoDB DEFAULT CHARSET=utf8 COLLATE=utf8_unicode_ci;

--
-- Dumping data for table `exams`
--

INSERT INTO `exams` (`exam_id`, `subject_classroom_id`, `marked`) VALUES
(1, 89, 1),
(2, 90, 1),
(3, 91, 1),
(4, 92, 1),
(5, 93, 1),
(6, 94, 1),
(7, 95, 1),
(8, 96, 1),
(9, 97, 1),
(10, 98, 1),
(11, 99, 1),
(12, 100, 1),
(13, 101, 1),
(14, 102, 1),
(15, 103, 1),
(16, 104, 1),
(17, 105, 1),
(18, 106, 1),
(19, 107, 1),
(20, 108, 1),
(21, 109, 1),
(22, 110, 1),
(23, 111, 1),
(24, 112, 1),
(25, 113, 1),
(26, 114, 1),
(27, 115, 1),
(28, 116, 1),
(29, 117, 1),
(30, 118, 1),
(31, 119, 1),
(32, 120, 1),
(33, 121, 1),
(34, 122, 1),
(35, 123, 1),
(36, 124, 1),
(37, 125, 1),
(38, 126, 1),
(39, 127, 1),
(40, 128, 1),
(41, 129, 1),
(42, 130, 1),
(43, 131, 1),
(44, 132, 1),
(45, 133, 1),
(46, 134, 1),
(47, 135, 1),
(48, 136, 1),
(49, 137, 1),
(50, 138, 1),
(51, 139, 1),
(52, 140, 1),
(53, 141, 1),
(54, 142, 1),
(55, 143, 1),
(56, 144, 1),
(57, 145, 1),
(58, 147, 1),
(59, 148, 1),
(60, 150, 1),
(61, 151, 1),
(62, 152, 1),
(63, 153, 1),
(64, 154, 1),
(65, 155, 1),
(66, 156, 1),
(67, 157, 1),
(68, 158, 1),
(69, 159, 1),
(70, 160, 1),
(71, 161, 1),
(72, 162, 1),
(74, 164, 1),
(76, 166, 1),
(78, 168, 1),
(80, 170, 1),
(81, 171, 1),
(82, 172, 1),
(83, 173, 1),
(84, 182, 1),
(85, 191, 1),
(86, 198, 1),
(87, 200, 1),
(88, 207, 1),
(89, 209, 1),
(90, 216, 1),
(91, 228, 1),
(92, 230, 1),
(93, 235, 1),
(94, 242, 1),
(95, 261, 1),
(96, 274, 1),
(97, 276, 1),
(98, 282, 1),
(99, 293, 1),
(100, 308, 1),
(101, 370, 1),
(102, 371, 1),
(103, 373, 1),
(104, 374, 1),
(105, 376, 1),
(114, 179, 1),
(115, 188, 1),
(116, 197, 1),
(117, 206, 1),
(118, 215, 1),
(119, 233, 1),
(120, 238, 1),
(121, 241, 1),
(122, 246, 1),
(123, 258, 1),
(124, 265, 1),
(125, 273, 1),
(126, 280, 1),
(127, 290, 1),
(128, 297, 1),
(129, 305, 1),
(130, 312, 1),
(145, 176, 1),
(146, 185, 1),
(147, 194, 1),
(148, 203, 1),
(149, 212, 1),
(150, 221, 1),
(151, 245, 1),
(152, 248, 1),
(153, 264, 1),
(154, 275, 1),
(155, 279, 1),
(156, 291, 1),
(157, 296, 1),
(158, 307, 1),
(159, 311, 1),
(160, 315, 1),
(176, 229, 1),
(177, 253, 1),
(178, 259, 1),
(179, 260, 1),
(180, 267, 1),
(181, 292, 1),
(182, 299, 1),
(183, 314, 1),
(184, 320, 1),
(185, 340, 1),
(186, 341, 1),
(187, 342, 1),
(188, 343, 1),
(189, 344, 1),
(191, 174, 1),
(192, 183, 1),
(193, 192, 1),
(194, 201, 1),
(195, 210, 1),
(196, 232, 1),
(197, 244, 1),
(198, 256, 1),
(222, 328, 1),
(229, 180, 1),
(230, 189, 1),
(231, 225, 1),
(232, 227, 1),
(233, 234, 1),
(234, 236, 1),
(235, 240, 1),
(236, 247, 1),
(237, 249, 1),
(238, 257, 1),
(239, 266, 1),
(240, 268, 1),
(241, 281, 1),
(242, 283, 1),
(243, 285, 1),
(244, 298, 1),
(245, 300, 1),
(246, 313, 1),
(247, 316, 1),
(248, 333, 1),
(249, 334, 1),
(250, 365, 1),
(251, 366, 1),
(252, 367, 1),
(253, 368, 1),
(254, 369, 1),
(255, 375, 1),
(260, 175, 2),
(261, 184, 2),
(262, 193, 1),
(263, 202, 1),
(264, 211, 1),
(265, 252, 1),
(266, 306, 1),
(267, 321, 1),
(268, 322, 1),
(269, 323, 1),
(270, 324, 1),
(271, 325, 1),
(272, 326, 1),
(273, 327, 2),
(275, 329, 1),
(276, 330, 1),
(277, 331, 1),
(278, 332, 1),
(282, 178, 1),
(283, 187, 1),
(284, 196, 1),
(285, 205, 1),
(286, 214, 1),
(289, 263, 1),
(290, 272, 1),
(291, 278, 1),
(292, 288, 1),
(293, 289, 1),
(294, 295, 1),
(295, 304, 1),
(296, 310, 1),
(304, 231, 1),
(305, 243, 1),
(306, 262, 1),
(307, 277, 1),
(308, 294, 1),
(309, 309, 1),
(310, 345, 1),
(311, 346, 2),
(312, 347, 1),
(313, 348, 1),
(314, 349, 1),
(319, 181, 1),
(320, 190, 1),
(321, 199, 1),
(322, 208, 1),
(323, 217, 1),
(324, 251, 1),
(325, 255, 1),
(326, 271, 1),
(327, 287, 1),
(328, 303, 1),
(329, 319, 1),
(334, 239, 1),
(335, 254, 1),
(336, 269, 1),
(337, 284, 1),
(338, 301, 1),
(339, 317, 1),
(340, 335, 1),
(341, 336, 1),
(342, 337, 1),
(343, 338, 1),
(344, 339, 1),
(349, 186, 1),
(350, 195, 1),
(351, 204, 1),
(352, 213, 1),
(353, 372, 1);

-- --------------------------------------------------------

--
-- Stand-in structure for view `exams_detailsviews`
-- (See below for the actual view)
--
CREATE TABLE `exams_detailsviews` (
`exam_detail_id` int(10) unsigned
,`exam_id` int(10) unsigned
,`subject_classroom_id` int(10) unsigned
,`subject_id` int(10) unsigned
,`tutor_id` int(10) unsigned
,`classlevel_id` int(10) unsigned
,`classroom_id` int(10) unsigned
,`student_id` int(10) unsigned
,`classroom` varchar(255)
,`fullname` varchar(101)
,`student_gender` varchar(10)
,`student_no` varchar(10)
,`ca` double(5,2) unsigned
,`exam` double(5,2) unsigned
,`student_total` double(19,2)
,`ca_weight_point` int(10) unsigned
,`exam_weight_point` int(10) unsigned
,`weight_point_total` bigint(11) unsigned
,`academic_term_id` int(10) unsigned
,`academic_term` varchar(100)
,`marked` int(10) unsigned
,`academic_year_id` int(10) unsigned
,`academic_year` varchar(100)
,`classlevel` varchar(255)
,`classgroup_id` int(10) unsigned
);

-- --------------------------------------------------------

--
-- Stand-in structure for view `exams_subjectviews`
-- (See below for the actual view)
--
CREATE TABLE `exams_subjectviews` (
`exam_id` int(10) unsigned
,`classroom_id` int(10) unsigned
,`classroom` varchar(255)
,`subject_id` int(10) unsigned
,`subject_classroom_id` int(10) unsigned
,`tutor_id` int(10) unsigned
,`tutor` varchar(91)
,`ca_weight_point` int(10) unsigned
,`exam_weight_point` int(10) unsigned
,`marked` int(10) unsigned
,`classlevel_id` int(10) unsigned
,`classlevel` varchar(255)
,`academic_term_id` int(10) unsigned
,`academic_term` varchar(100)
,`academic_year_id` int(10) unsigned
,`academic_year` varchar(100)
);

-- --------------------------------------------------------

--
-- Table structure for table `exam_details`
--

CREATE TABLE `exam_details` (
  `exam_detail_id` int(10) UNSIGNED NOT NULL,
  `exam_id` int(10) UNSIGNED NOT NULL,
  `student_id` int(10) UNSIGNED NOT NULL,
  `ca` double(5,2) UNSIGNED NOT NULL DEFAULT '0.00',
  `exam` double(5,2) UNSIGNED NOT NULL DEFAULT '0.00'
) ENGINE=InnoDB DEFAULT CHARSET=utf8 COLLATE=utf8_unicode_ci;

--
-- Dumping data for table `exam_details`
--

INSERT INTO `exam_details` (`exam_detail_id`, `exam_id`, `student_id`, `ca`, `exam`) VALUES
(1, 1, 1, 24.00, 44.00),
(2, 1, 2, 32.00, 51.00),
(3, 1, 4, 24.00, 46.00),
(4, 1, 5, 34.00, 50.00),
(5, 1, 6, 29.00, 50.00),
(6, 1, 7, 31.00, 51.00),
(7, 1, 8, 26.00, 47.00),
(8, 1, 9, 36.00, 50.00),
(9, 1, 10, 12.00, 37.00),
(10, 1, 44, 33.00, 50.00),
(16, 2, 1, 33.00, 46.00),
(17, 2, 2, 38.00, 47.00),
(18, 2, 4, 21.00, 28.00),
(19, 2, 5, 38.00, 54.00),
(20, 2, 6, 36.00, 47.00),
(21, 2, 7, 35.00, 48.00),
(22, 2, 8, 37.00, 51.00),
(23, 2, 9, 35.00, 46.00),
(24, 2, 10, 10.00, 35.00),
(25, 2, 44, 36.00, 49.00),
(31, 3, 1, 20.00, 38.00),
(32, 3, 2, 36.00, 45.00),
(33, 3, 4, 20.00, 30.00),
(34, 3, 5, 26.00, 39.00),
(35, 3, 6, 30.00, 35.00),
(36, 3, 7, 26.00, 41.00),
(37, 3, 8, 34.00, 44.00),
(38, 3, 9, 36.00, 43.00),
(39, 3, 10, 20.00, 14.00),
(40, 3, 44, 30.00, 47.00),
(46, 4, 1, 20.00, 32.00),
(47, 4, 2, 34.00, 49.00),
(48, 4, 4, 19.00, 29.00),
(49, 4, 5, 25.00, 43.00),
(50, 4, 6, 28.00, 41.00),
(51, 4, 7, 36.00, 47.00),
(52, 4, 8, 22.00, 29.00),
(53, 4, 9, 29.00, 32.00),
(54, 4, 10, 8.00, 6.00),
(55, 4, 44, 23.00, 26.00),
(61, 5, 1, 24.00, 47.00),
(62, 5, 2, 32.00, 52.00),
(63, 5, 4, 24.00, 42.00),
(64, 5, 5, 34.00, 43.00),
(65, 5, 6, 29.00, 50.00),
(66, 5, 7, 31.00, 31.00),
(67, 5, 8, 26.00, 46.00),
(68, 5, 9, 36.00, 50.00),
(69, 5, 10, 12.00, 29.00),
(70, 5, 44, 26.00, 43.00),
(76, 6, 1, 22.00, 33.00),
(77, 6, 2, 25.00, 44.00),
(78, 6, 4, 24.00, 32.00),
(79, 6, 5, 25.00, 41.00),
(80, 6, 6, 25.00, 34.00),
(81, 6, 7, 24.00, 34.00),
(82, 6, 8, 24.00, 38.00),
(83, 6, 9, 27.00, 37.00),
(84, 6, 10, 29.00, 21.00),
(85, 6, 44, 26.00, 36.00),
(91, 7, 1, 34.00, 36.00),
(92, 7, 2, 32.00, 50.00),
(93, 7, 4, 19.00, 19.00),
(94, 7, 5, 40.00, 40.00),
(95, 7, 6, 36.00, 50.00),
(96, 7, 7, 34.00, 46.00),
(97, 7, 8, 36.00, 41.00),
(98, 7, 9, 38.00, 42.00),
(99, 7, 10, 16.00, 39.00),
(100, 7, 44, 30.00, 47.00),
(106, 8, 1, 30.00, 20.00),
(107, 8, 2, 23.00, 31.00),
(108, 8, 4, 25.00, 25.00),
(109, 8, 5, 26.00, 38.00),
(110, 8, 6, 26.00, 42.00),
(111, 8, 7, 26.00, 36.00),
(112, 8, 8, 22.00, 31.00),
(113, 8, 9, 26.00, 30.00),
(114, 8, 10, 13.00, 23.00),
(115, 8, 44, 21.00, 31.00),
(121, 9, 1, 25.00, 25.00),
(122, 9, 2, 30.00, 42.00),
(123, 9, 4, 25.00, 20.00),
(124, 9, 5, 23.00, 28.00),
(125, 9, 6, 30.00, 30.00),
(126, 9, 7, 31.00, 34.00),
(127, 9, 8, 25.00, 37.00),
(128, 9, 9, 35.00, 35.00),
(129, 9, 10, 26.00, 15.00),
(130, 9, 44, 28.00, 29.00),
(136, 10, 1, 32.00, 47.00),
(137, 10, 2, 36.00, 56.00),
(138, 10, 4, 26.00, 38.00),
(139, 10, 5, 30.00, 46.00),
(140, 10, 6, 40.00, 52.00),
(141, 10, 7, 36.00, 54.00),
(142, 10, 8, 25.00, 54.00),
(143, 10, 9, 35.00, 44.00),
(144, 10, 10, 26.00, 25.00),
(145, 10, 44, 26.00, 50.00),
(151, 11, 1, 31.00, 31.00),
(152, 11, 2, 31.00, 36.00),
(153, 11, 4, 23.00, 27.00),
(154, 11, 5, 31.00, 43.00),
(155, 11, 6, 29.00, 32.00),
(156, 11, 7, 29.00, 42.00),
(157, 11, 8, 32.00, 52.00),
(158, 11, 9, 33.00, 48.00),
(159, 11, 10, 20.00, 25.00),
(160, 11, 44, 33.00, 48.00),
(166, 12, 1, 20.00, 35.00),
(167, 12, 2, 40.00, 56.00),
(168, 12, 4, 10.00, 30.00),
(169, 12, 5, 35.00, 58.00),
(170, 12, 6, 38.00, 47.00),
(171, 12, 7, 36.00, 48.00),
(172, 12, 8, 34.00, 36.00),
(173, 12, 9, 30.00, 47.00),
(174, 12, 10, 26.00, 20.00),
(175, 12, 44, 30.00, 47.00),
(181, 13, 1, 21.00, 36.00),
(182, 13, 2, 35.00, 51.00),
(183, 13, 4, 26.00, 27.00),
(184, 13, 5, 28.00, 46.00),
(185, 13, 6, 31.00, 37.00),
(186, 13, 7, 38.00, 52.00),
(187, 13, 8, 31.00, 50.00),
(188, 13, 9, 28.00, 50.00),
(189, 13, 10, 12.00, 21.00),
(190, 13, 44, 22.00, 47.00),
(196, 14, 1, 32.00, 9.00),
(197, 14, 2, 33.00, 40.00),
(198, 14, 4, 30.00, 22.00),
(199, 14, 5, 36.00, 30.00),
(200, 14, 6, 32.00, 22.00),
(201, 14, 7, 30.00, 32.00),
(202, 14, 8, 36.00, 28.00),
(203, 14, 9, 33.00, 17.00),
(204, 14, 10, 31.00, 13.00),
(205, 14, 44, 35.00, 22.00),
(211, 15, 11, 36.00, 47.00),
(212, 15, 12, 31.00, 41.00),
(213, 15, 13, 34.00, 43.00),
(214, 15, 14, 24.00, 43.00),
(215, 15, 15, 29.00, 41.00),
(216, 15, 17, 30.00, 45.00),
(217, 15, 19, 38.00, 55.00),
(218, 15, 45, 33.00, 45.00),
(219, 15, 47, 30.00, 43.00),
(226, 16, 11, 36.00, 45.00),
(227, 16, 12, 29.00, 43.00),
(228, 16, 13, 37.00, 52.00),
(229, 16, 14, 32.00, 46.00),
(230, 16, 15, 21.00, 42.00),
(231, 16, 17, 35.00, 51.00),
(232, 16, 19, 39.00, 53.00),
(233, 16, 45, 35.00, 46.00),
(234, 16, 47, 33.00, 46.00),
(241, 17, 11, 30.00, 42.00),
(242, 17, 12, 34.00, 36.00),
(243, 17, 13, 34.00, 52.00),
(244, 17, 14, 24.00, 31.00),
(245, 17, 15, 26.00, 35.00),
(246, 17, 17, 32.00, 33.00),
(247, 17, 19, 38.00, 46.00),
(248, 17, 45, 24.00, 27.00),
(249, 17, 47, 24.00, 41.00),
(256, 18, 11, 23.00, 32.00),
(257, 18, 12, 22.00, 28.00),
(258, 18, 13, 33.00, 42.00),
(259, 18, 14, 18.00, 28.00),
(260, 18, 15, 27.00, 35.00),
(261, 18, 17, 25.00, 37.00),
(262, 18, 19, 27.00, 33.00),
(263, 18, 45, 18.00, 33.00),
(264, 18, 47, 29.00, 38.00),
(271, 19, 11, 35.00, 55.00),
(272, 19, 12, 30.00, 46.00),
(273, 19, 13, 27.00, 38.00),
(274, 19, 14, 31.00, 30.00),
(275, 19, 15, 27.00, 38.00),
(276, 19, 17, 26.00, 56.00),
(277, 19, 19, 31.00, 53.00),
(278, 19, 45, 26.00, 42.00),
(279, 19, 47, 31.00, 47.00),
(286, 20, 11, 24.00, 43.00),
(287, 20, 12, 24.00, 38.00),
(288, 20, 13, 24.00, 44.00),
(289, 20, 14, 23.00, 28.00),
(290, 20, 15, 24.00, 27.00),
(291, 20, 17, 23.00, 43.00),
(292, 20, 19, 25.00, 40.00),
(293, 20, 45, 29.00, 43.00),
(294, 20, 47, 26.00, 36.00),
(301, 21, 11, 30.00, 42.00),
(302, 21, 12, 34.00, 45.00),
(303, 21, 13, 32.00, 47.00),
(304, 21, 14, 14.00, 31.00),
(305, 21, 15, 22.00, 30.00),
(306, 21, 17, 26.00, 39.00),
(307, 21, 19, 34.00, 39.00),
(308, 21, 45, 20.00, 31.00),
(309, 21, 47, 22.00, 26.00),
(316, 22, 11, 24.00, 42.00),
(317, 22, 12, 19.00, 36.00),
(318, 22, 13, 25.00, 37.00),
(319, 22, 14, 28.00, 22.00),
(320, 22, 15, 22.00, 28.00),
(321, 22, 17, 23.00, 34.00),
(322, 22, 19, 27.00, 44.00),
(323, 22, 45, 17.00, 34.00),
(324, 22, 47, 17.00, 34.00),
(331, 23, 11, 31.00, 39.00),
(332, 23, 12, 28.00, 29.00),
(333, 23, 13, 35.00, 35.00),
(334, 23, 14, 25.00, 28.00),
(335, 23, 15, 26.00, 28.00),
(336, 23, 17, 29.00, 31.00),
(337, 23, 19, 33.00, 41.00),
(338, 23, 45, 26.00, 30.00),
(339, 23, 47, 25.00, 25.00),
(346, 24, 11, 40.00, 50.00),
(347, 24, 12, 40.00, 54.00),
(348, 24, 13, 40.00, 51.00),
(349, 24, 14, 16.00, 37.00),
(350, 24, 15, 40.00, 42.00),
(351, 24, 17, 25.00, 37.00),
(352, 24, 19, 40.00, 49.00),
(353, 24, 45, 18.00, 33.00),
(354, 24, 47, 38.00, 48.00),
(361, 25, 11, 30.00, 25.00),
(362, 25, 12, 28.00, 36.00),
(363, 25, 13, 27.00, 35.00),
(364, 25, 14, 26.00, 28.00),
(365, 25, 15, 22.00, 26.00),
(366, 25, 17, 30.00, 24.00),
(367, 25, 19, 34.00, 50.00),
(368, 25, 45, 31.00, 36.00),
(369, 25, 47, 31.00, 34.00),
(376, 26, 11, 40.00, 47.00),
(377, 26, 12, 40.00, 47.00),
(378, 26, 13, 40.00, 46.00),
(379, 26, 14, 20.00, 33.00),
(380, 26, 15, 30.00, 25.00),
(381, 26, 17, 28.00, 50.00),
(382, 26, 19, 38.00, 47.00),
(383, 26, 45, 35.00, 41.00),
(384, 26, 47, 35.00, 51.00),
(391, 27, 11, 31.00, 44.00),
(392, 27, 12, 35.00, 43.00),
(393, 27, 13, 33.00, 50.00),
(394, 27, 14, 18.00, 28.00),
(395, 27, 15, 20.00, 24.00),
(396, 27, 17, 26.00, 48.00),
(397, 27, 19, 31.00, 43.00),
(398, 27, 45, 27.00, 37.00),
(399, 27, 47, 27.00, 40.00),
(406, 28, 11, 34.00, 29.00),
(407, 28, 12, 32.00, 21.00),
(408, 28, 13, 31.00, 21.00),
(409, 28, 14, 31.00, 12.00),
(410, 28, 15, 36.00, 28.00),
(411, 28, 17, 35.00, 25.00),
(412, 28, 19, 37.00, 40.00),
(413, 28, 45, 32.00, 15.00),
(414, 28, 47, 34.00, 31.00),
(421, 29, 20, 29.00, 19.00),
(422, 29, 21, 40.00, 48.00),
(423, 29, 22, 33.00, 39.00),
(424, 29, 23, 30.00, 11.00),
(425, 29, 24, 38.00, 47.00),
(426, 29, 25, 29.00, 41.00),
(427, 29, 26, 27.00, 17.00),
(428, 29, 27, 30.00, 25.00),
(429, 29, 28, 30.00, 29.00),
(436, 30, 20, 25.00, 30.00),
(437, 30, 21, 39.00, 56.00),
(438, 30, 22, 33.00, 45.00),
(439, 30, 23, 19.00, 28.00),
(440, 30, 24, 38.00, 50.00),
(441, 30, 25, 23.00, 38.00),
(442, 30, 26, 20.00, 25.00),
(443, 30, 27, 24.00, 31.00),
(444, 30, 28, 23.00, 43.00),
(451, 31, 20, 28.00, 31.00),
(452, 31, 21, 34.00, 46.00),
(453, 31, 22, 26.00, 41.00),
(454, 31, 23, 20.00, 23.00),
(455, 31, 24, 30.00, 43.00),
(456, 31, 25, 21.00, 27.00),
(457, 31, 26, 20.00, 27.00),
(458, 31, 27, 22.00, 28.00),
(459, 31, 28, 21.00, 20.00),
(466, 32, 20, 23.00, 29.00),
(467, 32, 21, 35.00, 52.00),
(468, 32, 22, 30.00, 47.00),
(469, 32, 23, 23.00, 16.00),
(470, 32, 24, 37.00, 51.00),
(471, 32, 25, 31.00, 39.00),
(472, 32, 26, 23.00, 25.00),
(473, 32, 27, 24.00, 34.00),
(474, 32, 28, 32.00, 36.00),
(481, 33, 20, 17.00, 40.00),
(482, 33, 21, 33.00, 51.00),
(483, 33, 22, 32.00, 52.00),
(484, 33, 24, 36.00, 54.00),
(485, 33, 25, 29.00, 39.00),
(486, 33, 26, 20.00, 24.00),
(487, 33, 27, 24.00, 48.00),
(488, 33, 28, 26.00, 46.00),
(496, 34, 20, 25.00, 37.00),
(497, 34, 21, 38.00, 56.00),
(498, 34, 22, 37.00, 50.00),
(499, 34, 23, 27.00, 30.00),
(500, 34, 24, 37.00, 54.00),
(501, 34, 25, 32.00, 47.00),
(502, 34, 26, 28.00, 30.00),
(503, 34, 27, 28.00, 36.00),
(504, 34, 28, 28.00, 45.00),
(511, 35, 20, 27.00, 33.00),
(512, 35, 21, 40.00, 54.00),
(513, 35, 22, 26.00, 39.00),
(514, 35, 23, 28.00, 30.00),
(515, 35, 24, 39.00, 53.00),
(516, 35, 25, 27.00, 33.00),
(517, 35, 26, 26.00, 19.00),
(518, 35, 27, 25.00, 34.00),
(519, 35, 28, 35.00, 30.00),
(526, 36, 20, 22.00, 28.00),
(527, 36, 21, 29.00, 44.00),
(528, 36, 22, 23.00, 39.00),
(529, 36, 23, 26.00, 25.00),
(530, 36, 24, 28.00, 40.00),
(531, 36, 25, 23.00, 31.00),
(532, 36, 26, 28.00, 22.00),
(533, 36, 27, 20.00, 31.00),
(534, 36, 28, 24.00, 33.00),
(541, 37, 20, 31.00, 30.00),
(542, 37, 21, 35.00, 46.00),
(543, 37, 22, 32.00, 40.00),
(544, 37, 23, 31.00, 32.00),
(545, 37, 24, 35.00, 45.00),
(546, 37, 25, 30.00, 33.00),
(547, 37, 26, 29.00, 21.00),
(548, 37, 27, 26.00, 27.00),
(549, 37, 28, 30.00, 31.00),
(556, 38, 20, 22.00, 51.00),
(557, 38, 21, 40.00, 58.00),
(558, 38, 22, 34.00, 47.00),
(559, 38, 23, 22.00, 36.00),
(560, 38, 24, 38.00, 56.00),
(561, 38, 25, 34.00, 53.00),
(562, 38, 26, 24.00, 31.00),
(563, 38, 27, 16.00, 38.00),
(564, 38, 28, 31.00, 51.00),
(571, 39, 20, 30.00, 21.00),
(572, 39, 21, 35.00, 51.00),
(573, 39, 22, 32.00, 40.00),
(574, 39, 23, 21.00, 23.00),
(575, 39, 24, 28.00, 48.00),
(576, 39, 25, 25.00, 35.00),
(577, 39, 26, 20.00, 26.00),
(578, 39, 27, 27.00, 23.00),
(579, 39, 28, 28.00, 25.00),
(586, 40, 29, 32.00, 49.00),
(587, 40, 30, 40.00, 44.00),
(588, 40, 32, 34.00, 29.00),
(589, 40, 33, 32.00, 40.00),
(590, 40, 34, 32.00, 30.00),
(591, 40, 35, 40.00, 46.00),
(592, 40, 36, 32.00, 29.00),
(593, 40, 37, 36.00, 44.00),
(601, 41, 29, 19.00, 25.00),
(602, 41, 30, 31.00, 45.00),
(603, 41, 32, 20.00, 30.00),
(604, 41, 33, 33.00, 24.00),
(605, 41, 34, 24.00, 19.00),
(606, 41, 35, 35.00, 42.00),
(607, 41, 36, 34.00, 47.00),
(608, 41, 37, 30.00, 39.00),
(616, 42, 29, 33.00, 15.00),
(617, 42, 30, 29.00, 40.00),
(618, 42, 32, 25.00, 25.00),
(619, 42, 33, 33.00, 32.00),
(620, 42, 34, 31.00, 18.00),
(621, 42, 35, 33.00, 36.00),
(622, 42, 36, 33.00, 41.00),
(623, 42, 37, 23.00, 27.00),
(631, 43, 29, 23.00, 32.00),
(632, 43, 30, 20.00, 39.00),
(633, 43, 32, 18.00, 34.00),
(634, 43, 33, 25.00, 49.00),
(635, 43, 34, 20.00, 32.00),
(636, 43, 35, 29.00, 44.00),
(637, 43, 36, 24.00, 48.00),
(638, 43, 37, 21.00, 45.00),
(646, 44, 29, 30.00, 25.00),
(647, 44, 32, 30.00, 34.00),
(648, 44, 33, 32.00, 31.00),
(649, 44, 34, 30.00, 25.00),
(650, 44, 35, 33.00, 31.00),
(651, 44, 36, 35.00, 38.00),
(652, 44, 37, 39.00, 41.00),
(653, 45, 29, 26.00, 30.00),
(654, 45, 30, 28.00, 53.00),
(655, 45, 32, 22.00, 40.00),
(656, 45, 33, 27.00, 46.00),
(657, 45, 34, 19.00, 34.00),
(658, 45, 35, 31.00, 51.00),
(659, 45, 36, 34.00, 53.00),
(660, 45, 37, 33.00, 49.00),
(668, 46, 29, 35.00, 40.00),
(669, 46, 30, 38.00, 45.00),
(670, 46, 32, 28.00, 35.00),
(671, 46, 33, 32.00, 41.00),
(672, 46, 34, 38.00, 38.00),
(673, 46, 35, 33.00, 52.00),
(674, 46, 36, 37.00, 55.00),
(675, 46, 37, 31.00, 45.00),
(683, 47, 29, 20.00, 30.00),
(684, 47, 30, 26.00, 38.00),
(685, 47, 32, 24.00, 30.00),
(686, 47, 33, 24.00, 34.00),
(687, 47, 34, 24.00, 30.00),
(688, 47, 35, 28.00, 37.00),
(689, 47, 36, 31.00, 45.00),
(690, 47, 37, 22.00, 33.00),
(698, 48, 29, 29.00, 40.00),
(699, 48, 30, 34.00, 45.00),
(700, 48, 32, 29.00, 35.00),
(701, 48, 33, 28.00, 41.00),
(702, 48, 34, 30.00, 38.00),
(703, 48, 35, 36.00, 52.00),
(704, 48, 36, 35.00, 55.00),
(705, 48, 37, 32.00, 45.00),
(713, 49, 29, 24.00, 47.00),
(714, 49, 30, 40.00, 35.00),
(715, 49, 32, 30.00, 35.00),
(716, 49, 33, 26.00, 37.00),
(717, 49, 34, 26.00, 21.00),
(718, 49, 35, 20.00, 47.00),
(719, 49, 36, 34.00, 37.00),
(720, 49, 37, 32.00, 45.00),
(728, 50, 29, 23.00, 18.00),
(729, 50, 30, 30.00, 43.00),
(730, 50, 32, 29.00, 24.00),
(731, 50, 33, 29.00, 18.00),
(732, 50, 34, 30.00, 33.00),
(733, 50, 35, 29.00, 34.00),
(734, 50, 36, 31.00, 45.00),
(735, 50, 37, 28.00, 21.00),
(743, 51, 29, 38.00, 35.00),
(744, 51, 30, 30.00, 40.00),
(745, 51, 32, 20.00, 41.00),
(746, 51, 33, 35.00, 30.00),
(747, 51, 34, 25.00, 35.00),
(748, 51, 35, 40.00, 43.00),
(749, 51, 36, 40.00, 37.00),
(750, 51, 37, 30.00, 37.00),
(758, 52, 29, 31.00, 46.00),
(759, 52, 30, 27.00, 48.00),
(760, 52, 32, 18.00, 44.00),
(761, 52, 33, 23.00, 41.00),
(762, 52, 34, 24.00, 38.00),
(763, 52, 35, 30.00, 45.00),
(764, 52, 36, 28.00, 52.00),
(765, 52, 37, 30.00, 47.00),
(773, 53, 29, 30.00, 32.00),
(774, 53, 30, 33.00, 34.00),
(775, 53, 32, 35.00, 34.00),
(776, 53, 33, 35.00, 30.00),
(777, 53, 34, 30.00, 27.00),
(778, 53, 35, 32.00, 30.00),
(779, 53, 36, 34.00, 33.00),
(780, 53, 37, 36.00, 32.00),
(788, 54, 38, 24.00, 47.00),
(789, 54, 39, 24.00, 41.00),
(790, 54, 40, 35.00, 44.00),
(791, 54, 41, 12.00, 20.00),
(792, 54, 42, 14.00, 23.00),
(795, 55, 39, 25.00, 29.00),
(796, 56, 38, 38.00, 40.00),
(797, 56, 40, 36.00, 35.00),
(798, 56, 41, 32.00, 17.00),
(799, 56, 42, 34.00, 33.00),
(803, 57, 38, 19.00, 43.00),
(804, 57, 39, 23.00, 27.00),
(805, 57, 40, 22.00, 41.00),
(806, 57, 41, 26.00, 24.00),
(807, 57, 42, 19.00, 36.00),
(810, 58, 38, 37.00, 38.00),
(811, 58, 39, 25.00, 20.00),
(812, 58, 40, 35.00, 44.00),
(813, 58, 41, 21.00, 15.00),
(814, 58, 42, 25.00, 20.00),
(817, 59, 38, 21.00, 40.00),
(818, 59, 39, 22.00, 30.00),
(819, 59, 40, 26.00, 45.00),
(820, 59, 41, 26.00, 24.00),
(821, 59, 42, 22.00, 35.00),
(824, 60, 38, 20.00, 30.00),
(825, 60, 39, 20.00, 30.00),
(826, 60, 40, 20.00, 30.00),
(827, 60, 41, 20.00, 20.00),
(828, 60, 42, 20.00, 24.00),
(831, 61, 38, 28.00, 30.00),
(832, 61, 40, 32.00, 40.00),
(833, 61, 41, 20.00, 30.00),
(834, 61, 42, 22.00, 33.00),
(838, 62, 38, 19.00, 31.00),
(839, 62, 40, 22.00, 38.00),
(840, 62, 41, 20.00, 22.00),
(841, 62, 42, 20.00, 30.00),
(845, 63, 38, 30.00, 38.00),
(846, 63, 39, 28.00, 39.00),
(847, 63, 40, 31.00, 37.00),
(848, 63, 41, 23.00, 23.00),
(849, 63, 42, 25.00, 21.00),
(852, 64, 39, 22.00, 29.00),
(853, 65, 38, 30.00, 11.00),
(854, 65, 39, 32.00, 8.00),
(855, 65, 40, 37.00, 35.00),
(856, 65, 41, 33.00, 7.00),
(857, 65, 42, 30.00, 20.00),
(860, 66, 11, 40.00, 45.00),
(861, 66, 12, 40.00, 36.00),
(862, 66, 13, 40.00, 36.00),
(863, 66, 14, 40.00, 33.00),
(864, 66, 15, 40.00, 36.00),
(865, 66, 17, 40.00, 42.00),
(866, 66, 19, 40.00, 33.00),
(867, 66, 45, 40.00, 39.00),
(868, 66, 47, 40.00, 24.00),
(875, 67, 1, 40.00, 15.00),
(876, 67, 2, 40.00, 36.00),
(877, 67, 4, 40.00, 30.00),
(878, 67, 5, 40.00, 42.00),
(879, 67, 6, 40.00, 30.00),
(880, 67, 7, 40.00, 39.00),
(881, 67, 8, 40.00, 54.00),
(882, 67, 9, 40.00, 42.00),
(883, 67, 10, 40.00, 12.00),
(884, 67, 44, 40.00, 42.00),
(890, 68, 29, 40.00, 33.00),
(891, 68, 30, 40.00, 36.00),
(892, 68, 32, 40.00, 39.00),
(893, 68, 33, 40.00, 30.00),
(894, 68, 34, 40.00, 21.00),
(895, 68, 35, 40.00, 33.00),
(896, 68, 36, 40.00, 33.00),
(897, 68, 37, 40.00, 39.00),
(905, 69, 20, 40.00, 21.00),
(906, 69, 21, 40.00, 42.00),
(907, 69, 22, 40.00, 51.00),
(908, 69, 23, 40.00, 27.00),
(909, 69, 24, 40.00, 45.00),
(910, 69, 25, 40.00, 33.00),
(911, 69, 26, 40.00, 21.00),
(912, 69, 27, 40.00, 18.00),
(913, 69, 28, 40.00, 39.00),
(920, 70, 20, 28.00, 41.00),
(921, 70, 21, 36.00, 54.00),
(922, 70, 22, 30.00, 40.00),
(923, 70, 23, 24.00, 32.00),
(924, 70, 24, 34.00, 50.00),
(925, 70, 25, 28.00, 45.00),
(926, 70, 26, 30.00, 45.00),
(927, 70, 27, 10.00, 35.00),
(928, 70, 28, 30.00, 40.00),
(935, 71, 20, 26.00, 42.00),
(936, 71, 21, 39.00, 56.00),
(937, 71, 22, 37.00, 45.00),
(938, 71, 23, 26.00, 34.00),
(939, 71, 24, 39.00, 58.00),
(940, 71, 25, 32.00, 43.00),
(941, 71, 26, 26.00, 31.00),
(942, 71, 27, 25.00, 38.00),
(943, 71, 28, 31.00, 48.00),
(950, 72, 20, 31.00, 27.00),
(951, 72, 21, 35.00, 43.00),
(952, 72, 22, 31.00, 32.00),
(953, 72, 23, 32.00, 31.00),
(954, 72, 24, 32.00, 36.00),
(955, 72, 25, 31.00, 35.00),
(956, 72, 26, 30.00, 27.00),
(957, 72, 27, 31.00, 25.00),
(958, 72, 28, 25.00, 26.00),
(980, 74, 1, 10.00, 30.00),
(981, 74, 2, 20.00, 35.00),
(982, 74, 4, 10.00, 30.00),
(983, 74, 5, 28.00, 35.00),
(984, 74, 6, 10.00, 42.00),
(985, 74, 7, 20.00, 20.00),
(986, 74, 8, 20.00, 38.00),
(987, 74, 9, 15.00, 45.00),
(988, 74, 10, 6.00, 32.00),
(989, 74, 44, 20.00, 30.00),
(1010, 76, 11, 20.00, 44.00),
(1011, 76, 12, 28.00, 36.00),
(1012, 76, 13, 31.00, 32.00),
(1013, 76, 14, 20.00, 45.00),
(1014, 76, 15, 15.00, 33.00),
(1015, 76, 17, 20.00, 30.00),
(1016, 76, 19, 31.00, 38.00),
(1017, 76, 45, 20.00, 36.00),
(1018, 76, 47, 20.00, 35.00),
(1040, 78, 20, 15.00, 35.00),
(1041, 78, 21, 30.00, 50.00),
(1042, 78, 22, 20.00, 50.00),
(1043, 78, 23, 15.00, 25.00),
(1044, 78, 24, 28.00, 53.00),
(1045, 78, 25, 20.00, 38.00),
(1046, 78, 26, 20.00, 39.00),
(1047, 78, 27, 10.00, 45.00),
(1048, 78, 28, 15.00, 46.00),
(1070, 80, 29, 26.00, 53.00),
(1071, 80, 30, 28.00, 37.00),
(1072, 80, 32, 20.00, 38.00),
(1073, 80, 33, 21.00, 21.00),
(1074, 80, 34, 26.00, 30.00),
(1075, 80, 35, 26.00, 40.00),
(1076, 80, 36, 35.00, 50.00),
(1077, 80, 37, 20.00, 42.00),
(1085, 81, 29, 26.00, 17.00),
(1086, 81, 30, 26.00, 20.00),
(1087, 81, 32, 23.00, 20.00),
(1088, 81, 33, 24.00, 17.00),
(1089, 81, 34, 23.00, 25.00),
(1090, 81, 35, 23.00, 30.00),
(1091, 81, 36, 24.00, 31.00),
(1092, 81, 37, 24.00, 22.00),
(1100, 82, 38, 30.00, 38.00),
(1101, 82, 39, 32.00, 36.00),
(1102, 82, 40, 37.00, 50.00),
(1103, 82, 41, 33.00, 35.00),
(1104, 82, 42, 30.00, 40.00),
(1105, 83, 49, 12.00, 42.00),
(1106, 83, 50, 12.60, 47.00),
(1107, 83, 51, 12.00, 35.00),
(1108, 83, 53, 15.00, 36.00),
(1109, 83, 54, 21.00, 51.00),
(1110, 83, 58, 21.60, 43.00),
(1111, 83, 59, 21.00, 49.00),
(1112, 83, 60, 26.40, 58.00),
(1113, 83, 64, 13.20, 47.00),
(1114, 83, 65, 19.20, 39.00),
(1115, 83, 66, 15.00, 38.00),
(1116, 83, 67, 24.60, 52.00),
(1117, 83, 68, 17.40, 48.00),
(1118, 83, 94, 25.80, 40.00),
(1120, 84, 48, 18.60, 38.00),
(1121, 84, 52, 16.20, 37.00),
(1122, 84, 55, 23.40, 49.00),
(1123, 84, 56, 17.40, 51.00),
(1124, 84, 57, 18.60, 49.00),
(1125, 84, 61, 21.00, 35.00),
(1126, 84, 62, 21.60, 48.00),
(1127, 84, 63, 17.40, 50.00),
(1128, 84, 69, 15.60, 41.00),
(1129, 84, 70, 9.60, 46.00),
(1130, 84, 71, 24.60, 59.00),
(1131, 84, 92, 13.20, 44.00),
(1132, 84, 95, 22.80, 49.00),
(1133, 84, 96, 23.40, 52.00),
(1135, 85, 1, 11.40, 32.00),
(1136, 85, 2, 22.80, 62.00),
(1137, 85, 4, 13.20, 45.00),
(1138, 85, 5, 18.60, 61.00),
(1139, 85, 6, 18.60, 49.00),
(1140, 85, 7, 16.20, 50.00),
(1141, 85, 9, 18.00, 56.00),
(1142, 85, 10, 6.00, 10.00),
(1143, 85, 44, 15.00, 51.00),
(1144, 85, 72, 10.80, 43.00),
(1145, 85, 93, 10.20, 0.00),
(1150, 86, 1, 24.00, 35.00),
(1151, 86, 2, 23.40, 45.00),
(1152, 86, 4, 14.40, 20.00),
(1153, 86, 5, 25.20, 42.00),
(1154, 86, 6, 24.00, 27.00),
(1155, 86, 7, 24.60, 32.00),
(1156, 86, 8, 0.00, 0.00),
(1157, 86, 9, 24.00, 25.00),
(1158, 86, 10, 15.60, 20.00),
(1159, 86, 44, 24.00, 25.00),
(1160, 86, 72, 16.80, 22.00),
(1161, 86, 93, 15.00, 0.00),
(1165, 87, 11, 16.20, 55.00),
(1166, 87, 12, 13.80, 53.00),
(1167, 87, 13, 20.40, 58.00),
(1168, 87, 14, 12.60, 37.00),
(1169, 87, 15, 10.80, 34.00),
(1170, 87, 17, 18.00, 62.00),
(1171, 87, 19, 21.00, 45.00),
(1172, 87, 45, 21.00, 58.00),
(1173, 87, 47, 16.80, 57.00),
(1174, 87, 75, 13.20, 55.00),
(1180, 88, 11, 24.00, 30.00),
(1181, 88, 12, 24.00, 38.00),
(1182, 88, 13, 24.00, 25.00),
(1183, 88, 14, 16.20, 22.00),
(1184, 88, 15, 16.20, 25.00),
(1185, 88, 17, 20.40, 31.00),
(1186, 88, 19, 25.80, 35.00),
(1187, 88, 45, 19.20, 40.00),
(1188, 88, 47, 21.00, 25.00),
(1189, 88, 75, 25.80, 42.00),
(1195, 89, 20, 16.80, 43.00),
(1196, 89, 21, 27.60, 62.00),
(1197, 89, 22, 25.80, 51.00),
(1198, 89, 23, 12.60, 20.00),
(1199, 89, 24, 28.80, 66.00),
(1200, 89, 25, 19.80, 33.00),
(1201, 89, 26, 19.80, 33.00),
(1202, 89, 27, 20.40, 40.00),
(1203, 89, 28, 23.40, 34.00),
(1204, 89, 73, 22.80, 33.00),
(1205, 89, 74, 24.00, 45.00),
(1206, 89, 77, 29.40, 64.00),
(1210, 90, 20, 24.60, 30.00),
(1211, 90, 21, 27.00, 43.00),
(1212, 90, 22, 23.40, 30.00),
(1213, 90, 23, 18.60, 20.00),
(1214, 90, 24, 27.60, 40.00),
(1215, 90, 25, 24.60, 25.00),
(1216, 90, 26, 24.00, 25.00),
(1217, 90, 27, 25.80, 38.00),
(1218, 90, 28, 24.60, 22.00),
(1219, 90, 73, 28.20, 30.00),
(1220, 90, 74, 24.60, 33.00),
(1221, 90, 77, 29.40, 59.00),
(1225, 91, 30, 17.40, 41.00),
(1226, 91, 33, 18.60, 33.00),
(1227, 91, 34, 17.40, 18.00),
(1228, 91, 35, 19.20, 36.00),
(1229, 91, 79, 16.80, 41.00),
(1232, 92, 30, 25.80, 55.00),
(1233, 92, 33, 27.00, 43.00),
(1234, 92, 34, 21.60, 35.00),
(1235, 92, 35, 25.80, 58.00),
(1236, 92, 79, 23.40, 51.00),
(1239, 93, 30, 19.20, 41.00),
(1240, 93, 33, 16.80, 39.00),
(1241, 93, 34, 16.20, 31.00),
(1242, 93, 35, 19.20, 41.00),
(1243, 93, 79, 15.60, 49.00),
(1246, 94, 80, 19.20, 20.00),
(1247, 95, 29, 19.80, 40.00),
(1248, 95, 32, 21.60, 35.00),
(1250, 96, 39, 14.40, 20.00),
(1251, 96, 43, 23.40, 35.00),
(1252, 96, 78, 15.00, 32.00),
(1253, 96, 81, 24.00, 30.00),
(1257, 97, 39, 19.20, 38.00),
(1258, 97, 43, 29.40, 54.00),
(1259, 97, 78, 24.00, 48.00),
(1260, 97, 81, 27.00, 49.00),
(1264, 98, 39, 13.20, 40.00),
(1265, 98, 43, 19.20, 52.00),
(1266, 98, 78, 17.40, 38.00),
(1267, 98, 81, 19.20, 51.00),
(1271, 99, 76, 26.40, 51.00),
(1272, 100, 86, 27.60, 50.00),
(1273, 100, 88, 15.00, 34.00),
(1274, 100, 90, 19.80, 40.00),
(1275, 100, 91, 16.20, 41.00),
(1279, 101, 49, 19.20, 35.00),
(1280, 101, 50, 24.00, 38.00),
(1281, 101, 51, 14.40, 45.00),
(1282, 101, 53, 28.80, 30.00),
(1283, 101, 54, 30.00, 60.00),
(1284, 101, 58, 30.00, 28.00),
(1285, 101, 59, 19.20, 48.00),
(1286, 101, 60, 30.00, 51.00),
(1287, 101, 64, 21.60, 31.00),
(1288, 101, 65, 24.00, 35.00),
(1289, 101, 66, 30.00, 40.00),
(1290, 101, 67, 30.00, 57.00),
(1291, 101, 68, 29.40, 40.00),
(1292, 101, 94, 21.60, 25.00),
(1294, 102, 48, 27.60, 30.00),
(1295, 102, 52, 13.80, 39.00),
(1296, 102, 55, 15.00, 36.00),
(1297, 102, 56, 27.00, 52.00),
(1298, 102, 57, 24.60, 36.00),
(1299, 102, 61, 14.40, 25.00),
(1300, 102, 62, 28.80, 25.00),
(1301, 102, 63, 30.00, 54.00),
(1302, 102, 69, 29.40, 31.00),
(1303, 102, 70, 28.80, 40.00),
(1304, 102, 71, 28.20, 52.00),
(1305, 102, 92, 22.80, 42.00),
(1306, 102, 95, 23.40, 42.00),
(1307, 102, 96, 27.60, 45.00),
(1309, 103, 1, 25.80, 45.00),
(1310, 103, 2, 25.20, 60.00),
(1311, 103, 4, 22.80, 45.00),
(1312, 103, 5, 27.00, 50.00),
(1313, 103, 6, 24.60, 51.00),
(1314, 103, 7, 24.60, 58.00),
(1315, 103, 9, 28.20, 60.00),
(1316, 103, 10, 15.00, 35.00),
(1317, 103, 44, 24.60, 55.00),
(1318, 103, 72, 25.80, 40.00),
(1319, 103, 93, 25.20, 0.00),
(1324, 104, 11, 26.40, 50.00),
(1325, 104, 12, 25.80, 52.00),
(1326, 104, 13, 24.00, 55.00),
(1327, 104, 14, 20.40, 50.00),
(1328, 104, 15, 25.80, 40.00),
(1329, 104, 17, 20.40, 50.00),
(1330, 104, 19, 26.40, 62.00),
(1331, 104, 45, 21.00, 53.00),
(1332, 104, 47, 19.20, 53.00),
(1333, 104, 75, 21.60, 48.00),
(1339, 105, 20, 21.00, 58.00),
(1340, 105, 21, 23.40, 65.00),
(1341, 105, 22, 22.20, 56.00),
(1342, 105, 23, 18.60, 44.00),
(1343, 105, 24, 21.60, 64.00),
(1344, 105, 25, 17.40, 55.00),
(1345, 105, 26, 16.20, 40.00),
(1346, 105, 27, 13.80, 50.00),
(1347, 105, 28, 18.60, 47.00),
(1348, 105, 73, 17.40, 53.00),
(1349, 105, 74, 18.00, 48.00),
(1350, 105, 77, 26.40, 68.00),
(1354, 114, 49, 14.40, 37.00),
(1355, 114, 50, 9.00, 37.00),
(1356, 114, 51, 8.40, 36.00),
(1357, 114, 53, 14.40, 33.00),
(1358, 114, 54, 25.80, 47.00),
(1359, 114, 58, 18.00, 39.00),
(1360, 114, 59, 19.20, 49.00),
(1361, 114, 60, 20.40, 46.00),
(1362, 114, 64, 12.00, 37.00),
(1363, 114, 65, 18.00, 37.00),
(1364, 114, 66, 15.60, 41.00),
(1365, 114, 67, 22.20, 62.00),
(1366, 114, 68, 13.80, 42.00),
(1367, 114, 94, 10.80, 24.00),
(1369, 115, 48, 18.00, 40.00),
(1370, 115, 52, 7.20, 24.00),
(1371, 115, 55, 21.00, 49.00),
(1372, 115, 56, 19.20, 48.00),
(1373, 115, 57, 17.40, 53.00),
(1374, 115, 61, 6.60, 25.00),
(1375, 115, 62, 8.40, 28.00),
(1376, 115, 63, 16.20, 46.00),
(1377, 115, 69, 15.00, 34.00),
(1378, 115, 70, 16.80, 28.00),
(1379, 115, 71, 27.00, 53.00),
(1380, 115, 92, 12.00, 39.00),
(1381, 115, 95, 13.80, 36.00),
(1382, 115, 96, 22.20, 44.00),
(1384, 116, 1, 18.60, 41.00),
(1385, 116, 2, 28.80, 57.00),
(1386, 116, 4, 21.60, 45.00),
(1387, 116, 5, 25.80, 53.00),
(1388, 116, 6, 27.00, 58.00),
(1389, 116, 7, 21.00, 59.00),
(1390, 116, 9, 21.60, 53.00),
(1391, 116, 10, 8.40, 19.00),
(1392, 116, 44, 25.80, 48.00),
(1393, 116, 72, 20.40, 44.00),
(1394, 116, 93, 0.00, 0.00),
(1399, 117, 11, 25.20, 43.00),
(1400, 117, 12, 25.20, 55.00),
(1401, 117, 13, 28.80, 58.00),
(1402, 117, 14, 11.40, 35.00),
(1403, 117, 15, 12.00, 38.00),
(1404, 117, 17, 21.60, 50.00),
(1405, 117, 19, 24.00, 50.00),
(1406, 117, 45, 25.20, 36.00),
(1407, 117, 47, 23.40, 59.00),
(1408, 117, 75, 20.40, 44.00),
(1414, 118, 20, 15.00, 46.00),
(1415, 118, 21, 22.20, 62.00),
(1416, 118, 22, 18.60, 55.00),
(1417, 118, 23, 6.00, 31.00),
(1418, 118, 24, 26.40, 57.00),
(1419, 118, 25, 18.60, 38.00),
(1420, 118, 26, 7.80, 28.00),
(1421, 118, 27, 9.60, 38.00),
(1422, 118, 28, 15.00, 37.00),
(1423, 118, 73, 15.60, 44.00),
(1424, 118, 74, 12.00, 35.00),
(1425, 118, 77, 29.40, 68.00),
(1429, 119, 30, 21.60, 47.00),
(1430, 119, 33, 11.40, 41.00),
(1431, 119, 34, 7.20, 34.00),
(1432, 119, 35, 11.40, 52.00),
(1433, 119, 79, 28.20, 54.00),
(1436, 120, 30, 27.60, 49.00),
(1437, 120, 33, 14.40, 39.00),
(1438, 120, 34, 17.40, 36.00),
(1439, 120, 35, 22.20, 40.00),
(1440, 120, 79, 28.80, 53.00),
(1443, 121, 80, 9.00, 32.00),
(1444, 122, 80, 4.80, 20.00),
(1445, 123, 29, 23.40, 40.00),
(1446, 123, 32, 0.00, 42.00),
(1448, 124, 29, 16.20, 38.00),
(1449, 124, 32, 7.80, 37.00),
(1451, 125, 39, 9.60, 34.00),
(1452, 125, 43, 25.80, 53.00),
(1453, 125, 78, 22.80, 33.00),
(1454, 125, 81, 28.20, 52.00),
(1458, 126, 39, 16.20, 32.00),
(1459, 126, 43, 23.40, 50.00),
(1460, 126, 78, 26.40, 45.00),
(1461, 126, 81, 23.40, 35.00),
(1465, 127, 76, 22.80, 45.00),
(1466, 128, 76, 24.00, 41.00),
(1467, 129, 86, 23.40, 46.00),
(1468, 129, 88, 6.00, 23.00),
(1469, 129, 90, 17.40, 37.00),
(1470, 129, 91, 12.60, 25.00),
(1474, 130, 86, 27.00, 39.00),
(1475, 130, 88, 6.60, 17.00),
(1476, 130, 90, 16.20, 32.00),
(1477, 130, 91, 16.80, 29.00),
(1481, 145, 49, 15.00, 36.00),
(1482, 145, 50, 12.60, 37.00),
(1483, 145, 51, 12.00, 33.00),
(1484, 145, 53, 12.60, 25.00),
(1485, 145, 54, 23.40, 44.00),
(1486, 145, 58, 12.00, 35.00),
(1487, 145, 59, 19.20, 46.00),
(1488, 145, 60, 21.00, 52.00),
(1489, 145, 64, 15.00, 42.00),
(1490, 145, 65, 18.60, 36.00),
(1491, 145, 66, 21.00, 43.00),
(1492, 145, 67, 21.00, 52.00),
(1493, 145, 68, 19.20, 40.00),
(1494, 145, 94, 13.80, 47.00),
(1496, 146, 48, 18.60, 41.00),
(1497, 146, 52, 14.40, 30.00),
(1498, 146, 55, 21.00, 48.00),
(1499, 146, 56, 19.20, 50.00),
(1500, 146, 57, 15.00, 43.00),
(1501, 146, 61, 19.20, 37.00),
(1502, 146, 62, 21.60, 40.00),
(1503, 146, 63, 16.80, 49.00),
(1504, 146, 69, 12.00, 32.00),
(1505, 146, 70, 14.40, 39.00),
(1506, 146, 71, 21.60, 51.00),
(1507, 146, 92, 15.00, 34.00),
(1508, 146, 95, 15.00, 39.00),
(1509, 146, 96, 21.60, 43.00),
(1511, 147, 1, 12.00, 35.00),
(1512, 147, 2, 19.20, 50.00),
(1513, 147, 4, 16.80, 35.00),
(1514, 147, 5, 15.00, 48.00),
(1515, 147, 6, 21.00, 49.00),
(1516, 147, 7, 19.20, 48.00),
(1517, 147, 8, 0.00, 0.00),
(1518, 147, 9, 20.40, 47.00),
(1519, 147, 10, 9.60, 28.00),
(1520, 147, 44, 14.40, 53.00),
(1521, 147, 72, 15.00, 39.00),
(1522, 147, 93, 12.00, 0.00),
(1526, 148, 11, 21.60, 51.00),
(1527, 148, 12, 18.60, 49.00),
(1528, 148, 13, 18.60, 51.00),
(1529, 148, 14, 14.40, 35.00),
(1530, 148, 15, 10.20, 32.00),
(1531, 148, 17, 18.60, 40.00),
(1532, 148, 19, 19.20, 52.00),
(1533, 148, 45, 18.60, 45.00),
(1534, 148, 47, 18.60, 50.00),
(1535, 148, 75, 15.00, 36.00),
(1541, 149, 20, 18.60, 46.00),
(1542, 149, 21, 21.60, 59.00),
(1543, 149, 22, 22.20, 48.00),
(1544, 149, 23, 12.60, 32.00),
(1545, 149, 24, 22.20, 55.00),
(1546, 149, 25, 19.20, 41.00),
(1547, 149, 26, 16.80, 35.00),
(1548, 149, 27, 14.40, 47.00),
(1549, 149, 28, 22.20, 44.00),
(1550, 149, 73, 21.00, 48.00),
(1551, 149, 74, 16.80, 42.00),
(1552, 149, 77, 23.40, 56.00),
(1556, 150, 30, 21.60, 67.00),
(1557, 150, 33, 14.40, 52.00),
(1558, 150, 34, 12.60, 50.00),
(1559, 150, 35, 16.20, 63.00),
(1560, 150, 79, 21.60, 59.00),
(1563, 151, 80, 11.40, 24.00),
(1564, 152, 80, 13.20, 38.00),
(1565, 153, 29, 15.00, 26.00),
(1566, 153, 32, 15.00, 54.00),
(1568, 154, 39, 9.60, 40.00),
(1569, 154, 43, 21.00, 57.00),
(1570, 154, 78, 12.60, 50.00),
(1571, 154, 81, 23.40, 55.00),
(1575, 155, 39, 16.80, 33.00),
(1576, 155, 43, 18.60, 46.00),
(1577, 155, 78, 15.60, 36.00),
(1578, 155, 81, 19.80, 47.00),
(1582, 156, 76, 21.60, 65.00),
(1583, 157, 76, 15.00, 43.00),
(1584, 158, 86, 19.20, 59.00),
(1585, 158, 88, 7.20, 22.00),
(1586, 158, 90, 16.80, 52.00),
(1587, 158, 91, 4.80, 41.00),
(1591, 159, 86, 18.60, 47.00),
(1592, 159, 88, 9.60, 17.00),
(1593, 159, 90, 14.40, 26.00),
(1594, 159, 91, 12.60, 31.00),
(1598, 160, 86, 24.00, 42.00),
(1599, 160, 88, 9.60, 30.00),
(1600, 160, 90, 19.80, 30.00),
(1601, 160, 91, 16.20, 30.00),
(1605, 176, 30, 25.20, 56.00),
(1606, 176, 33, 20.40, 44.00),
(1607, 176, 34, 18.00, 42.00),
(1608, 176, 35, 24.00, 59.00),
(1609, 176, 79, 23.40, 50.00),
(1612, 177, 80, 13.80, 30.00),
(1613, 178, 29, 21.00, 50.00),
(1614, 178, 32, 20.40, 43.00),
(1616, 179, 29, 19.20, 38.00),
(1617, 179, 32, 16.80, 44.00),
(1619, 180, 29, 23.40, 44.00),
(1620, 180, 32, 16.80, 45.00),
(1622, 181, 76, 28.80, 56.00),
(1623, 182, 76, 28.20, 59.00),
(1624, 183, 86, 28.80, 62.00),
(1625, 183, 88, 8.40, 27.00),
(1626, 183, 90, 19.20, 43.00),
(1627, 183, 91, 18.60, 39.00),
(1631, 184, 80, 12.00, 31.00),
(1632, 185, 48, 29.40, 43.00),
(1633, 185, 52, 18.00, 39.00),
(1634, 185, 55, 26.40, 55.00),
(1635, 185, 56, 26.40, 50.00),
(1636, 185, 57, 27.00, 52.00),
(1637, 185, 61, 10.20, 42.00),
(1638, 185, 62, 22.80, 49.00),
(1639, 185, 63, 17.40, 46.00),
(1640, 185, 69, 14.40, 42.00),
(1641, 185, 70, 19.20, 44.00),
(1642, 185, 71, 28.80, 59.00),
(1643, 185, 92, 16.20, 48.00),
(1644, 185, 95, 16.80, 47.00),
(1645, 185, 96, 21.00, 55.00),
(1647, 186, 49, 12.60, 47.00),
(1648, 186, 50, 14.40, 38.00),
(1649, 186, 51, 14.40, 37.00),
(1650, 186, 53, 13.20, 33.00),
(1651, 186, 54, 19.80, 49.00),
(1652, 186, 58, 20.40, 49.00),
(1653, 186, 59, 16.80, 57.00),
(1654, 186, 60, 21.60, 60.00),
(1655, 186, 64, 13.20, 34.00),
(1656, 186, 65, 21.60, 46.00),
(1657, 186, 66, 27.00, 48.00),
(1658, 186, 67, 26.40, 61.00),
(1659, 186, 68, 19.80, 43.00),
(1660, 186, 94, 15.00, 30.00),
(1662, 187, 1, 17.40, 48.00),
(1663, 187, 2, 27.00, 61.00),
(1664, 187, 4, 13.20, 51.00),
(1665, 187, 5, 25.20, 55.00),
(1666, 187, 6, 27.60, 52.00),
(1667, 187, 7, 28.80, 52.00),
(1668, 187, 9, 19.80, 45.00),
(1669, 187, 10, 10.20, 24.00),
(1670, 187, 44, 17.40, 39.00),
(1671, 187, 72, 23.40, 40.00),
(1672, 187, 93, 15.60, 0.00),
(1677, 188, 11, 23.40, 54.00),
(1678, 188, 12, 30.00, 54.00),
(1679, 188, 13, 27.60, 50.00),
(1680, 188, 14, 19.20, 39.00),
(1681, 188, 15, 22.20, 37.00),
(1682, 188, 17, 28.80, 53.00),
(1683, 188, 19, 27.60, 56.00),
(1684, 188, 45, 22.80, 38.00),
(1685, 188, 47, 27.60, 49.00),
(1686, 188, 75, 27.00, 48.00),
(1692, 189, 20, 23.40, 45.00),
(1693, 189, 21, 29.40, 62.00),
(1694, 189, 22, 22.80, 59.00),
(1695, 189, 23, 19.20, 35.00),
(1696, 189, 24, 30.00, 60.00),
(1697, 189, 25, 23.40, 53.00),
(1698, 189, 26, 27.60, 39.00),
(1699, 189, 27, 18.00, 46.00),
(1700, 189, 28, 25.80, 42.00),
(1701, 189, 73, 28.20, 55.00),
(1702, 189, 74, 22.20, 47.00),
(1703, 189, 77, 28.80, 62.00),
(1707, 191, 49, 19.20, 44.00),
(1708, 191, 50, 15.00, 37.00),
(1709, 191, 51, 6.00, 36.00),
(1710, 191, 53, 13.80, 30.00),
(1711, 191, 54, 19.20, 49.00),
(1712, 191, 58, 21.00, 40.00),
(1713, 191, 59, 19.80, 40.00),
(1714, 191, 60, 22.20, 45.00),
(1715, 191, 64, 16.20, 26.00),
(1716, 191, 65, 6.00, 31.00),
(1717, 191, 66, 2.40, 35.00),
(1718, 191, 67, 24.00, 42.00),
(1719, 191, 68, 13.80, 40.00),
(1722, 192, 48, 13.80, 34.00),
(1723, 192, 52, 18.60, 30.00),
(1724, 192, 55, 25.20, 37.00),
(1725, 192, 56, 24.00, 54.00),
(1726, 192, 57, 16.20, 42.00),
(1727, 192, 61, 15.60, 30.00),
(1728, 192, 62, 9.60, 33.00),
(1729, 192, 63, 10.80, 31.00),
(1730, 192, 69, 16.80, 43.00),
(1731, 192, 70, 7.20, 30.00),
(1732, 192, 71, 24.00, 49.00),
(1733, 192, 92, 6.00, 34.00),
(1737, 193, 1, 12.00, 37.00),
(1738, 193, 2, 21.60, 51.00),
(1739, 193, 4, 18.60, 32.00),
(1740, 193, 5, 16.80, 46.00),
(1741, 193, 6, 13.20, 45.00),
(1742, 193, 7, 17.40, 43.00),
(1743, 193, 9, 21.60, 44.00),
(1744, 193, 10, 2.40, 18.00),
(1745, 193, 44, 12.60, 31.00),
(1746, 193, 72, 24.60, 32.00),
(1752, 194, 11, 16.20, 50.00),
(1753, 194, 12, 14.40, 54.00),
(1754, 194, 13, 23.40, 46.00),
(1755, 194, 14, 10.20, 31.00),
(1756, 194, 15, 13.20, 27.00),
(1757, 194, 17, 16.80, 41.00),
(1758, 194, 19, 18.00, 40.00),
(1759, 194, 45, 13.80, 41.00),
(1760, 194, 47, 12.60, 40.00),
(1761, 194, 75, 18.00, 46.00),
(1767, 195, 20, 16.80, 34.00),
(1768, 195, 21, 13.20, 50.00),
(1769, 195, 22, 17.40, 46.00),
(1770, 195, 23, 16.80, 30.00),
(1771, 195, 24, 25.80, 54.00),
(1772, 195, 25, 22.20, 43.00),
(1773, 195, 26, 18.60, 44.00),
(1774, 195, 27, 18.00, 37.00),
(1775, 195, 28, 21.60, 38.00),
(1776, 195, 73, 27.00, 46.00),
(1777, 195, 74, 22.80, 44.00),
(1778, 195, 77, 28.80, 64.00),
(1782, 196, 30, 19.20, 49.00),
(1783, 196, 33, 6.00, 67.00),
(1784, 196, 34, 10.20, 35.00),
(1785, 196, 35, 15.60, 47.00),
(1786, 196, 79, 19.80, 54.00),
(1789, 197, 80, 7.80, 31.00),
(1790, 198, 29, 19.80, 41.00),
(1823, 222, 48, 20.40, 60.00),
(1824, 222, 52, 13.80, 43.00),
(1825, 222, 55, 16.80, 44.00),
(1826, 222, 56, 30.00, 63.00),
(1827, 222, 57, 16.20, 45.00),
(1828, 222, 61, 13.80, 28.00),
(1829, 222, 62, 12.60, 49.00),
(1830, 222, 63, 13.80, 55.00),
(1831, 222, 69, 19.80, 34.00),
(1832, 222, 70, 12.60, 37.00),
(1833, 222, 71, 24.60, 60.00),
(1834, 222, 92, 12.00, 35.00),
(1898, 229, 49, 22.20, 35.00),
(1899, 229, 50, 25.20, 45.00),
(1900, 229, 51, 25.20, 48.00),
(1901, 229, 53, 22.20, 37.00),
(1902, 229, 54, 25.80, 42.00),
(1903, 229, 58, 21.60, 39.00),
(1904, 229, 59, 24.60, 60.00),
(1905, 229, 60, 26.40, 54.00),
(1906, 229, 64, 21.60, 33.00),
(1907, 229, 65, 21.00, 41.00),
(1908, 229, 66, 25.80, 45.00),
(1909, 229, 67, 27.00, 67.00),
(1910, 229, 68, 19.80, 26.00),
(1911, 229, 94, 21.00, 34.00),
(1913, 230, 48, 21.60, 38.00),
(1914, 230, 52, 22.20, 45.00),
(1915, 230, 55, 22.80, 42.00),
(1916, 230, 56, 25.80, 49.00),
(1917, 230, 57, 21.00, 24.00),
(1918, 230, 61, 19.20, 28.00),
(1919, 230, 62, 24.00, 40.00),
(1920, 230, 63, 25.80, 50.00),
(1921, 230, 69, 21.60, 30.00),
(1922, 230, 70, 19.80, 38.00),
(1923, 230, 71, 26.40, 46.00),
(1924, 230, 92, 21.60, 40.00),
(1925, 230, 95, 21.60, 42.00),
(1926, 230, 96, 25.20, 41.00),
(1928, 231, 30, 22.80, 48.00),
(1929, 231, 33, 20.40, 39.00),
(1930, 231, 34, 17.40, 33.00),
(1931, 231, 35, 21.60, 47.00),
(1932, 231, 79, 18.60, 40.00),
(1935, 232, 30, 28.80, 63.00),
(1936, 232, 33, 28.80, 60.00),
(1937, 232, 34, 21.00, 45.00),
(1938, 232, 35, 27.00, 57.00),
(1939, 232, 79, 27.00, 55.00),
(1942, 233, 30, 18.00, 38.00),
(1943, 233, 33, 22.80, 42.00),
(1944, 233, 34, 13.80, 39.00),
(1945, 233, 35, 25.80, 52.00),
(1946, 233, 79, 15.00, 28.00),
(1949, 234, 30, 21.00, 43.00),
(1950, 234, 33, 21.00, 44.00),
(1951, 234, 34, 16.80, 34.00),
(1952, 234, 35, 22.80, 48.00),
(1953, 234, 79, 22.80, 48.00),
(1956, 235, 80, 17.40, 34.00),
(1957, 236, 80, 21.60, 22.00),
(1958, 237, 80, 16.80, 34.00),
(1959, 238, 29, 27.00, 57.00),
(1960, 238, 32, 21.00, 49.00),
(1962, 239, 29, 19.20, 34.00),
(1963, 239, 32, 19.80, 28.00),
(1965, 240, 29, 18.60, 36.00),
(1966, 240, 32, 15.60, 25.00),
(1968, 241, 39, 19.80, 42.00),
(1969, 241, 43, 22.80, 43.00),
(1970, 241, 78, 16.20, 32.00),
(1971, 241, 81, 22.80, 47.00),
(1975, 242, 39, 18.00, 32.00),
(1976, 242, 43, 19.80, 43.00),
(1977, 242, 78, 18.00, 33.00),
(1978, 242, 81, 19.80, 42.00),
(1982, 243, 39, 17.40, 43.00),
(1983, 243, 43, 20.40, 45.00),
(1984, 243, 78, 18.00, 42.00),
(1985, 243, 81, 19.80, 45.00),
(1989, 244, 76, 20.40, 42.00),
(1990, 245, 76, 27.00, 45.00),
(1991, 246, 86, 18.60, 35.00),
(1992, 246, 88, 13.80, 26.00),
(1993, 246, 90, 18.00, 35.00),
(1994, 246, 91, 13.80, 24.00),
(1998, 247, 86, 22.20, 34.00),
(1999, 247, 88, 15.60, 23.00),
(2000, 247, 90, 19.80, 29.00),
(2001, 247, 91, 15.60, 29.00),
(2005, 248, 1, 24.00, 42.00),
(2006, 248, 2, 26.40, 55.00),
(2007, 248, 4, 21.60, 35.00),
(2008, 248, 5, 24.60, 50.00),
(2009, 248, 6, 25.80, 56.00),
(2010, 248, 7, 26.40, 59.00),
(2011, 248, 9, 24.00, 50.00),
(2012, 248, 10, 18.60, 27.00),
(2013, 248, 44, 22.80, 40.00),
(2014, 248, 72, 22.20, 30.00),
(2015, 248, 93, 21.60, 4.00),
(2020, 249, 11, 24.00, 47.00),
(2021, 249, 12, 24.00, 47.00),
(2022, 249, 13, 24.60, 50.00),
(2023, 249, 14, 21.00, 35.00),
(2024, 249, 15, 21.00, 33.00),
(2025, 249, 17, 21.60, 35.00),
(2026, 249, 19, 24.60, 50.00),
(2027, 249, 45, 22.80, 26.00),
(2028, 249, 47, 22.80, 40.00),
(2029, 249, 75, 24.60, 47.00),
(2035, 250, 49, 18.60, 40.00),
(2036, 250, 50, 23.40, 51.00),
(2037, 250, 51, 24.00, 53.00),
(2038, 250, 53, 22.20, 44.00),
(2039, 250, 54, 22.80, 57.00),
(2040, 250, 58, 19.20, 42.00),
(2041, 250, 59, 24.00, 54.00),
(2042, 250, 60, 26.40, 56.00),
(2043, 250, 64, 22.20, 46.00),
(2044, 250, 65, 21.60, 40.00),
(2045, 250, 66, 22.20, 44.00),
(2046, 250, 67, 26.40, 55.00),
(2047, 250, 68, 22.20, 49.00),
(2048, 250, 94, 19.80, 41.00),
(2050, 251, 48, 18.00, 38.00),
(2051, 251, 52, 22.80, 50.00),
(2052, 251, 55, 22.80, 54.00),
(2053, 251, 56, 23.40, 51.00),
(2054, 251, 57, 20.40, 45.00),
(2055, 251, 61, 20.40, 44.00),
(2056, 251, 62, 24.00, 54.00),
(2057, 251, 63, 23.40, 51.00),
(2058, 251, 69, 20.40, 46.00),
(2059, 251, 70, 19.80, 41.00),
(2060, 251, 71, 27.00, 61.00),
(2061, 251, 92, 21.00, 45.00),
(2062, 251, 95, 24.00, 55.00),
(2063, 251, 96, 23.40, 54.00),
(2065, 252, 1, 23.40, 50.00),
(2066, 252, 2, 26.40, 58.00),
(2067, 252, 4, 22.80, 46.00),
(2068, 252, 5, 23.40, 52.00),
(2069, 252, 6, 22.80, 54.00),
(2070, 252, 7, 25.20, 54.00),
(2071, 252, 9, 24.00, 54.00),
(2072, 252, 10, 13.80, 33.00),
(2073, 252, 44, 25.80, 57.00),
(2074, 252, 72, 22.80, 43.00),
(2075, 252, 93, 12.00, 5.00),
(2080, 253, 11, 24.00, 55.00),
(2081, 253, 12, 24.00, 50.00),
(2082, 253, 13, 24.00, 54.00),
(2083, 253, 14, 21.60, 40.00),
(2084, 253, 15, 22.20, 42.00),
(2085, 253, 17, 22.80, 49.00),
(2086, 253, 19, 26.40, 57.00),
(2087, 253, 45, 22.20, 44.00),
(2088, 253, 47, 24.00, 54.00),
(2089, 253, 75, 22.80, 50.00),
(2095, 254, 20, 22.80, 46.00),
(2096, 254, 21, 26.40, 58.00),
(2097, 254, 22, 23.40, 48.00),
(2098, 254, 23, 18.60, 40.00),
(2099, 254, 24, 25.80, 55.00),
(2100, 254, 25, 18.60, 38.00),
(2101, 254, 26, 19.20, 32.00),
(2102, 254, 27, 19.80, 45.00),
(2103, 254, 28, 18.60, 39.00),
(2104, 254, 73, 22.20, 50.00),
(2105, 254, 74, 22.20, 42.00),
(2106, 254, 77, 26.40, 60.00),
(2110, 255, 20, 21.00, 42.00),
(2111, 255, 21, 27.00, 61.00),
(2112, 255, 22, 25.80, 58.00),
(2113, 255, 23, 18.00, 40.00),
(2114, 255, 24, 25.80, 58.00),
(2115, 255, 25, 19.20, 46.00),
(2116, 255, 26, 18.60, 43.00),
(2117, 255, 27, 20.40, 48.00),
(2118, 255, 28, 22.20, 52.00),
(2119, 255, 73, 21.60, 55.00),
(2120, 255, 74, 21.00, 47.00),
(2121, 255, 77, 26.40, 60.00),
(2125, 260, 49, 20.40, 0.00),
(2126, 260, 50, 6.00, 0.00),
(2127, 260, 51, 18.00, 0.00),
(2128, 260, 53, 0.00, 0.00),
(2129, 260, 54, 30.00, 0.00),
(2130, 260, 58, 25.80, 0.00),
(2131, 260, 59, 27.60, 0.00),
(2132, 260, 60, 30.00, 0.00),
(2133, 260, 64, 27.60, 0.00),
(2134, 260, 65, 15.60, 0.00),
(2135, 260, 66, 24.00, 0.00),
(2136, 260, 67, 25.20, 0.00),
(2137, 260, 68, 21.00, 0.00),
(2138, 260, 94, 13.20, 0.00),
(2140, 261, 48, 26.40, 0.00),
(2141, 261, 52, 15.00, 0.00),
(2142, 261, 55, 26.40, 0.00),
(2143, 261, 56, 27.60, 0.00),
(2144, 261, 57, 24.00, 0.00),
(2145, 261, 62, 21.60, 0.00),
(2146, 261, 63, 19.20, 0.00),
(2147, 261, 70, 0.00, 0.00),
(2148, 261, 92, 16.20, 0.00),
(2155, 262, 1, 18.00, 62.00),
(2156, 262, 2, 24.00, 58.00),
(2157, 262, 4, 18.60, 53.00),
(2158, 262, 5, 24.60, 57.00),
(2159, 262, 6, 26.40, 62.00),
(2160, 262, 7, 24.00, 58.00),
(2161, 262, 9, 27.60, 58.00),
(2162, 262, 10, 11.40, 39.00),
(2163, 262, 44, 24.60, 60.00),
(2164, 262, 72, 25.80, 57.00),
(2165, 262, 93, 15.60, 0.00),
(2170, 263, 11, 27.00, 58.00),
(2171, 263, 12, 18.60, 56.00),
(2172, 263, 13, 27.00, 64.00),
(2173, 263, 14, 24.60, 26.00),
(2174, 263, 15, 18.60, 49.00),
(2175, 263, 17, 24.00, 52.00),
(2176, 263, 19, 20.40, 62.00),
(2177, 263, 45, 16.80, 52.00),
(2178, 263, 47, 18.60, 51.00),
(2179, 263, 75, 13.20, 59.00),
(2185, 264, 20, 21.60, 42.00),
(2186, 264, 21, 27.00, 58.00),
(2187, 264, 22, 28.80, 52.00),
(2188, 264, 23, 0.00, 0.00),
(2189, 264, 24, 25.20, 48.00),
(2190, 264, 25, 25.20, 48.00),
(2191, 264, 26, 24.00, 38.00),
(2192, 264, 27, 17.40, 44.00),
(2193, 264, 28, 16.80, 44.00),
(2194, 264, 73, 27.60, 45.00),
(2195, 264, 74, 22.20, 37.00),
(2196, 264, 77, 30.00, 68.00),
(2200, 265, 80, 20.40, 46.00),
(2201, 266, 86, 25.80, 63.00),
(2202, 266, 88, 18.60, 30.00),
(2203, 266, 90, 18.00, 63.00),
(2204, 266, 91, 16.20, 43.00),
(2208, 267, 48, 20.40, 0.00),
(2209, 267, 52, 15.60, 51.00),
(2210, 267, 55, 18.60, 35.00),
(2211, 267, 56, 18.00, 44.00),
(2212, 267, 57, 18.00, 40.00),
(2213, 267, 61, 20.40, 30.00),
(2214, 267, 62, 17.40, 46.00),
(2215, 267, 63, 18.00, 44.00),
(2216, 267, 69, 19.80, 43.00),
(2217, 267, 70, 15.00, 33.00),
(2218, 267, 71, 27.00, 57.00),
(2219, 267, 92, 27.60, 31.00),
(2220, 267, 95, 0.00, 32.00),
(2221, 267, 96, 0.00, 46.00),
(2223, 268, 49, 24.60, 41.00),
(2224, 268, 50, 22.20, 37.00),
(2225, 268, 51, 22.80, 31.00),
(2226, 268, 53, 18.00, 36.00),
(2227, 268, 54, 27.60, 56.00),
(2228, 268, 58, 26.40, 36.00),
(2229, 268, 59, 25.20, 47.00),
(2230, 268, 60, 25.80, 56.00),
(2231, 268, 64, 25.20, 38.00),
(2232, 268, 65, 22.20, 46.00),
(2233, 268, 66, 18.00, 42.00),
(2234, 268, 67, 30.00, 54.00),
(2235, 268, 68, 18.00, 51.00),
(2236, 268, 94, 15.00, 30.00),
(2238, 269, 1, 21.60, 43.00),
(2239, 269, 2, 23.40, 54.00),
(2240, 269, 4, 19.20, 31.00),
(2241, 269, 5, 21.00, 48.00),
(2242, 269, 6, 26.40, 49.00),
(2243, 269, 7, 24.60, 54.00),
(2244, 269, 9, 27.60, 56.00),
(2245, 269, 10, 11.40, 12.00),
(2246, 269, 44, 24.00, 52.00),
(2247, 269, 72, 24.00, 40.00),
(2248, 269, 93, 15.60, 0.00),
(2253, 270, 11, 27.00, 47.00),
(2254, 270, 12, 19.80, 49.00),
(2255, 270, 13, 27.00, 56.00),
(2256, 270, 14, 24.60, 36.00),
(2257, 270, 15, 15.60, 34.00),
(2258, 270, 17, 23.40, 53.00),
(2259, 270, 19, 29.40, 51.00),
(2260, 270, 45, 24.60, 41.00),
(2261, 270, 47, 21.60, 52.00),
(2262, 270, 75, 13.20, 53.00),
(2268, 271, 20, 18.60, 37.00),
(2269, 271, 21, 20.40, 64.00),
(2270, 271, 22, 22.80, 49.00),
(2271, 271, 23, 16.20, 37.00),
(2272, 271, 24, 22.20, 60.00),
(2273, 271, 25, 21.60, 52.00),
(2274, 271, 26, 21.00, 40.00),
(2275, 271, 27, 15.60, 38.00),
(2276, 271, 28, 16.80, 47.00),
(2277, 271, 73, 19.80, 47.00),
(2278, 271, 74, 20.40, 42.00),
(2279, 271, 77, 28.80, 63.00),
(2283, 272, 48, 16.20, 45.00),
(2284, 272, 52, 16.20, 38.00),
(2285, 272, 55, 21.00, 54.00),
(2286, 272, 56, 23.40, 51.00),
(2287, 272, 57, 22.80, 38.00),
(2288, 272, 61, 16.20, 20.00),
(2289, 272, 62, 16.20, 47.00),
(2290, 272, 63, 10.80, 42.00),
(2291, 272, 69, 11.40, 42.00),
(2292, 272, 70, 11.40, 44.00),
(2293, 272, 71, 28.20, 57.00),
(2294, 272, 92, 16.20, 47.00),
(2295, 272, 95, 16.20, 37.00),
(2296, 272, 96, 25.80, 54.00),
(2298, 273, 49, 26.40, 0.00),
(2299, 273, 50, 18.60, 0.00),
(2300, 273, 51, 14.40, 0.00),
(2301, 273, 53, 18.00, 0.00),
(2302, 273, 54, 27.00, 0.00),
(2303, 273, 58, 23.40, 0.00),
(2304, 273, 59, 29.40, 0.00),
(2305, 273, 60, 30.00, 0.00),
(2306, 273, 64, 16.20, 0.00),
(2307, 273, 65, 18.60, 0.00),
(2308, 273, 66, 23.40, 0.00),
(2309, 273, 67, 30.00, 0.00),
(2310, 273, 68, 18.60, 0.00),
(2311, 273, 94, 16.20, 0.00),
(2313, 222, 95, 0.00, 55.00),
(2314, 222, 96, 0.00, 62.00),
(2316, 275, 49, 15.00, 44.00),
(2317, 275, 50, 3.00, 57.00),
(2318, 275, 51, 9.60, 34.00),
(2319, 275, 53, 7.80, 26.00),
(2320, 275, 54, 25.20, 48.00),
(2321, 275, 58, 15.00, 39.00),
(2322, 275, 59, 16.20, 42.00),
(2323, 275, 60, 22.20, 61.00),
(2324, 275, 64, 13.80, 24.00),
(2325, 275, 65, 10.20, 41.00),
(2326, 275, 66, 16.20, 47.00),
(2327, 275, 67, 20.40, 55.00),
(2328, 275, 68, 15.60, 24.00),
(2329, 275, 94, 0.00, 30.00),
(2331, 276, 1, 17.40, 46.00),
(2332, 276, 2, 26.40, 55.00),
(2333, 276, 4, 25.80, 37.00),
(2334, 276, 5, 21.60, 35.00),
(2335, 276, 6, 26.40, 42.00),
(2336, 276, 7, 27.00, 54.00),
(2337, 276, 9, 21.00, 45.00),
(2338, 276, 10, 9.00, 27.00),
(2339, 276, 44, 25.80, 42.00),
(2340, 276, 72, 28.20, 40.00),
(2346, 277, 11, 30.00, 48.00),
(2347, 277, 12, 30.00, 46.00),
(2348, 277, 13, 29.40, 39.00),
(2349, 277, 14, 21.60, 33.00),
(2350, 277, 15, 15.00, 39.00),
(2351, 277, 17, 24.00, 45.00),
(2352, 277, 19, 20.40, 48.00),
(2353, 277, 45, 26.40, 44.00),
(2354, 277, 47, 24.00, 45.00),
(2355, 277, 75, 30.00, 51.00),
(2361, 278, 20, 29.40, 58.00),
(2362, 278, 21, 29.40, 66.00),
(2363, 278, 22, 30.00, 53.00),
(2364, 278, 23, 19.20, 34.00),
(2365, 278, 24, 30.00, 64.00),
(2366, 278, 25, 27.00, 47.00),
(2367, 278, 26, 15.60, 33.00),
(2368, 278, 27, 15.60, 43.00),
(2369, 278, 28, 21.00, 45.00),
(2370, 278, 73, 22.80, 53.00),
(2371, 278, 74, 23.40, 53.00),
(2372, 278, 77, 30.00, 70.00),
(2376, 282, 49, 10.20, 46.00),
(2377, 282, 50, 3.00, 34.00),
(2378, 282, 51, 3.00, 20.00),
(2379, 282, 53, 6.00, 19.00),
(2380, 282, 54, 17.40, 52.00),
(2381, 282, 58, 9.60, 36.00),
(2382, 282, 59, 18.00, 44.00),
(2383, 282, 60, 30.00, 63.00),
(2384, 282, 64, 3.00, 52.00),
(2385, 282, 65, 3.00, 40.00),
(2386, 282, 66, 20.40, 56.00),
(2387, 282, 67, 17.40, 60.00),
(2388, 282, 68, 12.00, 48.00),
(2389, 282, 94, 12.60, 7.00),
(2391, 283, 48, 6.60, 38.00),
(2392, 283, 52, 9.60, 38.00),
(2393, 283, 55, 20.40, 54.00),
(2394, 283, 56, 27.00, 56.00),
(2395, 283, 57, 27.00, 44.00),
(2396, 283, 61, 9.60, 27.00),
(2397, 283, 62, 30.00, 42.00),
(2398, 283, 63, 9.60, 28.00),
(2399, 283, 69, 3.00, 30.00),
(2400, 283, 70, 6.60, 44.00),
(2401, 283, 71, 30.00, 56.00),
(2402, 283, 92, 6.60, 40.00),
(2403, 283, 95, 9.60, 40.00),
(2404, 283, 96, 17.40, 50.00),
(2406, 284, 1, 3.00, 33.00),
(2407, 284, 2, 30.00, 55.00),
(2408, 284, 4, 3.00, 39.00),
(2409, 284, 5, 19.20, 59.00),
(2410, 284, 6, 24.60, 43.00),
(2411, 284, 7, 27.00, 35.00),
(2412, 284, 9, 30.00, 45.00),
(2413, 284, 10, 3.00, 11.00),
(2414, 284, 44, 8.40, 29.00),
(2415, 284, 72, 3.00, 25.00),
(2416, 284, 93, 19.20, 0.00),
(2421, 285, 11, 27.60, 41.00),
(2422, 285, 12, 6.00, 45.00),
(2423, 285, 13, 30.00, 53.00),
(2424, 285, 14, 18.00, 31.00),
(2425, 285, 15, 3.00, 23.00),
(2426, 285, 17, 12.00, 39.00),
(2427, 285, 19, 30.00, 55.00),
(2428, 285, 45, 30.00, 29.00),
(2429, 285, 47, 18.00, 43.00),
(2430, 285, 75, 3.00, 39.00),
(2436, 286, 20, 20.40, 30.00),
(2437, 286, 21, 27.60, 47.00),
(2438, 286, 22, 27.60, 45.00),
(2439, 286, 23, 3.60, 25.00),
(2440, 286, 24, 30.00, 29.00),
(2441, 286, 25, 15.00, 21.00),
(2442, 286, 26, 27.00, 33.00),
(2443, 286, 27, 27.00, 17.00),
(2444, 286, 28, 6.60, 27.00),
(2445, 286, 73, 27.00, 29.00),
(2446, 286, 74, 27.60, 35.00),
(2447, 286, 77, 30.00, 56.00),
(2451, 198, 32, 18.00, 38.00),
(2452, 289, 29, 16.80, 38.00),
(2453, 289, 32, 12.00, 26.00),
(2455, 290, 39, 12.60, 32.00),
(2456, 290, 43, 21.00, 52.00),
(2457, 290, 78, 19.80, 50.00),
(2458, 290, 81, 20.40, 55.00),
(2462, 291, 39, 12.00, 32.00),
(2463, 291, 43, 19.80, 55.00),
(2464, 291, 78, 15.00, 31.00),
(2465, 291, 81, 24.00, 50.00),
(2469, 292, 76, 25.20, 55.00),
(2470, 293, 76, 21.00, 51.00),
(2471, 294, 76, 19.20, 47.00),
(2472, 295, 86, 22.20, 50.00),
(2473, 295, 88, 8.40, 23.00),
(2474, 295, 90, 15.00, 40.00),
(2475, 295, 91, 10.80, 32.00),
(2479, 296, 86, 21.60, 50.00),
(2480, 296, 88, 8.40, 12.00),
(2481, 296, 90, 16.80, 43.00),
(2482, 296, 91, 12.00, 19.00),
(2486, 304, 30, 13.20, 43.00),
(2487, 304, 33, 8.40, 50.00),
(2488, 304, 34, 15.00, 40.00),
(2489, 304, 35, 15.60, 43.00),
(2490, 304, 79, 15.00, 45.00),
(2493, 305, 80, 15.00, 51.00),
(2494, 306, 29, 23.40, 47.00),
(2495, 306, 32, 12.60, 48.00),
(2497, 307, 39, 15.00, 40.00),
(2498, 307, 43, 20.40, 43.00),
(2499, 307, 78, 20.40, 45.00),
(2500, 307, 81, 9.00, 49.00),
(2504, 308, 76, 20.40, 45.00),
(2505, 309, 86, 25.20, 50.00),
(2506, 309, 88, 12.00, 40.00),
(2507, 309, 90, 18.00, 49.00),
(2508, 309, 91, 15.00, 40.00),
(2512, 310, 48, 9.60, 50.00),
(2513, 310, 52, 3.00, 40.00),
(2514, 310, 55, 9.60, 40.00),
(2515, 310, 56, 15.60, 48.00),
(2516, 310, 57, 9.00, 45.00),
(2517, 310, 61, 7.20, 40.00),
(2518, 310, 62, 21.60, 40.00),
(2519, 310, 63, 10.80, 47.00),
(2520, 310, 69, 9.00, 30.00),
(2521, 310, 70, 9.00, 35.00),
(2522, 310, 71, 12.00, 40.00),
(2523, 310, 92, 9.00, 40.00),
(2524, 310, 95, 9.60, 45.00),
(2525, 310, 96, 15.60, 40.00),
(2527, 311, 49, 3.00, 0.00),
(2528, 311, 50, 7.80, 0.00),
(2529, 311, 51, 6.00, 0.00),
(2530, 311, 53, 3.00, 0.00),
(2531, 311, 54, 15.00, 0.00),
(2532, 311, 58, 9.00, 0.00),
(2533, 311, 59, 7.80, 0.00),
(2534, 311, 60, 18.00, 0.00),
(2535, 311, 64, 7.80, 0.00),
(2536, 311, 65, 12.00, 0.00),
(2537, 311, 66, 4.80, 0.00),
(2538, 311, 67, 23.40, 0.00),
(2539, 311, 68, 8.40, 0.00),
(2540, 311, 94, 6.00, 0.00),
(2542, 312, 1, 12.00, 40.00),
(2543, 312, 2, 4.80, 40.00),
(2544, 312, 4, 16.80, 50.00),
(2545, 312, 5, 17.40, 41.00),
(2546, 312, 6, 7.80, 47.00),
(2547, 312, 7, 4.80, 47.00),
(2548, 312, 9, 17.40, 50.00),
(2549, 312, 10, 4.80, 40.00),
(2550, 312, 44, 16.80, 43.00),
(2551, 312, 72, 16.20, 40.00),
(2557, 313, 11, 12.00, 56.00),
(2558, 313, 12, 14.40, 60.00),
(2559, 313, 13, 18.00, 48.00),
(2560, 313, 14, 15.60, 42.00),
(2561, 313, 15, 9.00, 43.00),
(2562, 313, 17, 7.80, 40.00),
(2563, 313, 19, 6.00, 45.00),
(2564, 313, 45, 15.00, 42.00),
(2565, 313, 47, 18.00, 45.00),
(2566, 313, 75, 9.60, 45.00),
(2572, 314, 20, 15.60, 38.00),
(2573, 314, 21, 28.80, 60.00),
(2574, 314, 22, 25.20, 57.00),
(2575, 314, 23, 15.00, 45.00),
(2576, 314, 24, 25.80, 60.00),
(2577, 314, 25, 22.80, 40.00),
(2578, 314, 26, 25.20, 40.00),
(2579, 314, 27, 25.20, 53.00),
(2580, 314, 28, 13.20, 50.00),
(2581, 314, 73, 19.80, 52.00),
(2582, 314, 74, 24.00, 52.00),
(2583, 314, 77, 27.60, 60.00),
(2587, 319, 49, 22.80, 48.00),
(2588, 319, 50, 25.80, 58.00),
(2589, 319, 51, 20.40, 28.00),
(2590, 319, 53, 22.20, 39.00),
(2591, 319, 54, 25.80, 57.00),
(2592, 319, 58, 21.00, 35.00),
(2593, 319, 59, 30.00, 61.00),
(2594, 319, 60, 15.00, 36.00),
(2595, 319, 64, 21.00, 18.00),
(2596, 319, 65, 25.80, 34.00),
(2597, 319, 66, 19.80, 53.00),
(2598, 319, 67, 30.00, 60.00),
(2599, 319, 68, 20.40, 27.00),
(2600, 319, 94, 19.80, 0.00),
(2602, 320, 48, 24.60, 16.00),
(2603, 320, 52, 27.00, 46.00),
(2604, 320, 55, 27.60, 57.00),
(2605, 320, 56, 19.80, 40.00),
(2606, 320, 57, 20.40, 26.00),
(2607, 320, 61, 20.40, 23.00),
(2608, 320, 62, 15.00, 27.00),
(2609, 320, 63, 22.80, 37.00),
(2610, 320, 69, 26.40, 30.00),
(2611, 320, 70, 25.80, 59.00),
(2612, 320, 71, 30.00, 62.00),
(2613, 320, 92, 21.00, 39.00),
(2614, 320, 95, 29.40, 61.00),
(2615, 320, 96, 28.80, 64.00),
(2617, 321, 1, 10.80, 25.00),
(2618, 321, 2, 25.80, 59.00),
(2619, 321, 4, 12.60, 34.00),
(2620, 321, 5, 15.00, 40.00),
(2621, 321, 6, 16.80, 52.00),
(2622, 321, 7, 15.00, 60.00),
(2623, 321, 9, 20.40, 50.00),
(2624, 321, 10, 10.80, 41.00),
(2625, 321, 44, 9.00, 49.00),
(2626, 321, 72, 21.00, 59.00),
(2627, 321, 93, 0.00, 0.00),
(2632, 322, 11, 23.40, 61.00),
(2633, 322, 12, 21.00, 53.00),
(2634, 322, 13, 25.20, 63.00),
(2635, 322, 14, 9.60, 49.00),
(2636, 322, 15, 12.00, 13.00),
(2637, 322, 17, 10.80, 42.00),
(2638, 322, 19, 30.00, 65.00),
(2639, 322, 45, 26.40, 53.00),
(2640, 322, 47, 28.80, 63.00),
(2641, 322, 75, 26.40, 62.00),
(2647, 323, 20, 24.60, 60.00),
(2648, 323, 21, 19.80, 58.00),
(2649, 323, 22, 18.00, 41.00),
(2650, 323, 23, 9.00, 26.00),
(2651, 323, 24, 19.80, 55.00),
(2652, 323, 25, 16.80, 39.00),
(2653, 323, 26, 5.40, 34.00),
(2654, 323, 27, 10.80, 19.00),
(2655, 323, 28, 5.40, 15.00),
(2656, 323, 73, 16.80, 58.00),
(2657, 323, 74, 17.40, 59.00),
(2658, 323, 77, 27.00, 53.00),
(2662, 324, 80, 15.00, 19.00),
(2663, 325, 30, 27.00, 54.00),
(2664, 325, 33, 20.40, 28.00),
(2665, 325, 34, 20.40, 13.00),
(2666, 325, 35, 20.40, 30.00),
(2667, 325, 79, 15.00, 45.00),
(2670, 326, 29, 20.40, 32.00),
(2671, 326, 32, 18.00, 51.00),
(2673, 327, 39, 15.00, 20.00),
(2674, 327, 43, 30.00, 61.00),
(2675, 327, 78, 21.60, 47.00),
(2676, 327, 81, 19.20, 34.00),
(2680, 328, 76, 15.00, 44.00),
(2681, 329, 86, 24.60, 46.00),
(2682, 329, 88, 15.00, 23.00),
(2683, 329, 90, 18.00, 22.00),
(2684, 329, 91, 19.20, 37.00),
(2688, 334, 30, 21.00, 50.00),
(2689, 334, 33, 16.20, 40.00),
(2690, 334, 34, 16.20, 40.00),
(2691, 334, 35, 30.00, 70.00),
(2692, 334, 79, 25.20, 60.00),
(2695, 335, 80, 19.80, 40.00),
(2696, 336, 29, 21.00, 50.00),
(2697, 336, 32, 30.00, 70.00);
INSERT INTO `exam_details` (`exam_detail_id`, `exam_id`, `student_id`, `ca`, `exam`) VALUES
(2699, 337, 39, 27.60, 65.00),
(2700, 337, 43, 27.00, 60.00),
(2701, 337, 78, 17.40, 40.00),
(2702, 337, 81, 27.00, 60.00),
(2706, 338, 76, 27.60, 60.00),
(2707, 339, 86, 25.20, 60.00),
(2708, 339, 88, 16.20, 40.00),
(2709, 339, 90, 25.20, 60.00),
(2710, 339, 91, 16.20, 40.00),
(2714, 340, 48, 24.60, 58.00),
(2715, 340, 52, 17.40, 40.00),
(2716, 340, 55, 23.40, 54.00),
(2717, 340, 56, 26.40, 60.00),
(2718, 340, 57, 24.00, 57.00),
(2719, 340, 61, 15.60, 38.00),
(2720, 340, 62, 21.00, 48.00),
(2721, 340, 63, 27.00, 64.00),
(2722, 340, 69, 15.00, 35.00),
(2723, 340, 70, 15.60, 37.00),
(2724, 340, 71, 27.00, 62.00),
(2725, 340, 92, 15.60, 38.00),
(2726, 340, 95, 27.00, 63.00),
(2727, 340, 96, 24.00, 56.00),
(2729, 341, 49, 18.00, 42.00),
(2730, 341, 50, 15.00, 36.00),
(2731, 341, 51, 12.60, 30.00),
(2732, 341, 53, 15.60, 38.00),
(2733, 341, 54, 24.00, 55.00),
(2734, 341, 58, 23.40, 55.00),
(2735, 341, 59, 18.60, 45.00),
(2736, 341, 60, 24.00, 57.00),
(2737, 341, 64, 15.60, 38.00),
(2738, 341, 65, 18.00, 42.00),
(2739, 341, 66, 20.40, 46.00),
(2740, 341, 67, 24.60, 58.00),
(2741, 341, 68, 18.60, 45.00),
(2742, 341, 94, 15.00, 35.00),
(2744, 342, 1, 19.20, 48.00),
(2745, 342, 2, 30.00, 68.00),
(2746, 342, 4, 20.40, 35.00),
(2747, 342, 5, 9.60, 51.00),
(2748, 342, 6, 30.00, 62.00),
(2749, 342, 7, 18.60, 49.00),
(2750, 342, 8, 0.00, 0.00),
(2751, 342, 9, 9.60, 48.00),
(2752, 342, 10, 15.00, 42.00),
(2753, 342, 44, 21.60, 41.00),
(2754, 342, 72, 19.20, 47.00),
(2759, 343, 11, 15.00, 57.00),
(2760, 343, 12, 30.00, 52.00),
(2761, 343, 13, 30.00, 56.00),
(2762, 343, 14, 9.60, 45.00),
(2763, 343, 15, 12.60, 35.00),
(2764, 343, 17, 30.00, 45.00),
(2765, 343, 19, 11.40, 60.00),
(2766, 343, 45, 11.40, 46.00),
(2767, 343, 47, 19.20, 50.00),
(2768, 343, 75, 9.60, 35.00),
(2774, 344, 20, 24.60, 57.00),
(2775, 344, 21, 24.60, 52.00),
(2776, 344, 22, 30.00, 56.00),
(2777, 344, 23, 24.60, 54.00),
(2778, 344, 24, 30.00, 63.00),
(2779, 344, 25, 27.60, 45.00),
(2780, 344, 26, 19.20, 38.00),
(2781, 344, 27, 12.00, 55.00),
(2782, 344, 28, 18.60, 44.00),
(2783, 344, 73, 9.60, 62.00),
(2784, 344, 74, 30.00, 53.00),
(2785, 344, 77, 24.60, 60.00),
(2789, 349, 48, 22.20, 56.00),
(2790, 349, 52, 18.00, 30.00),
(2791, 349, 55, 22.80, 52.00),
(2792, 349, 56, 19.80, 57.00),
(2793, 349, 57, 18.00, 57.00),
(2794, 349, 61, 17.40, 29.00),
(2795, 349, 62, 19.80, 43.00),
(2796, 349, 63, 18.00, 56.00),
(2797, 349, 69, 18.00, 42.00),
(2798, 349, 70, 18.00, 34.00),
(2799, 349, 71, 21.00, 55.00),
(2800, 349, 92, 19.80, 37.00),
(2801, 349, 95, 18.00, 46.00),
(2802, 349, 96, 20.40, 52.00),
(2804, 350, 1, 19.20, 55.00),
(2805, 350, 2, 19.20, 64.00),
(2806, 350, 4, 18.00, 45.00),
(2807, 350, 5, 19.20, 65.00),
(2808, 350, 6, 19.20, 49.00),
(2809, 350, 7, 19.20, 62.00),
(2811, 350, 9, 19.20, 62.00),
(2812, 350, 10, 18.00, 33.00),
(2813, 350, 44, 19.20, 57.00),
(2814, 350, 72, 22.20, 67.00),
(2819, 351, 11, 16.20, 63.00),
(2820, 351, 12, 18.00, 48.00),
(2821, 351, 13, 19.20, 65.00),
(2822, 351, 14, 13.80, 53.00),
(2823, 351, 15, 13.20, 36.00),
(2824, 351, 17, 21.00, 63.00),
(2825, 351, 19, 19.20, 51.00),
(2826, 351, 45, 24.00, 42.00),
(2827, 351, 47, 19.20, 61.00),
(2828, 351, 75, 18.00, 58.00),
(2834, 352, 20, 19.80, 49.00),
(2835, 352, 21, 16.20, 67.00),
(2836, 352, 22, 21.00, 67.00),
(2837, 352, 23, 21.60, 43.00),
(2838, 352, 24, 20.40, 67.00),
(2839, 352, 25, 22.20, 66.00),
(2840, 352, 26, 16.20, 52.00),
(2841, 352, 27, 19.20, 49.00),
(2842, 352, 28, 27.00, 66.00),
(2843, 352, 73, 22.20, 64.00),
(2844, 352, 74, 16.20, 55.00),
(2845, 352, 77, 22.20, 69.00),
(2849, 353, 49, 18.00, 37.00),
(2850, 353, 50, 19.20, 38.00),
(2851, 353, 51, 14.40, 33.00),
(2852, 353, 53, 18.00, 31.00),
(2853, 353, 54, 22.80, 58.00),
(2854, 353, 58, 18.60, 46.00),
(2855, 353, 59, 14.40, 52.00),
(2856, 353, 60, 26.40, 49.00),
(2857, 353, 64, 21.00, 39.00),
(2858, 353, 65, 24.00, 31.00),
(2859, 353, 66, 23.40, 52.00),
(2860, 353, 67, 24.00, 54.00),
(2861, 353, 68, 18.00, 50.00),
(2862, 353, 94, 18.00, 26.00);

-- --------------------------------------------------------

--
-- Table structure for table `grades`
--

CREATE TABLE `grades` (
  `grade_id` int(10) UNSIGNED NOT NULL,
  `grade` varchar(50) COLLATE utf8_unicode_ci NOT NULL,
  `grade_abbr` varchar(5) COLLATE utf8_unicode_ci NOT NULL,
  `upper_bound` double(8,2) UNSIGNED NOT NULL,
  `lower_bound` double(8,2) UNSIGNED NOT NULL,
  `classgroup_id` int(10) UNSIGNED NOT NULL,
  `created_at` timestamp NULL DEFAULT NULL,
  `updated_at` timestamp NULL DEFAULT NULL
) ENGINE=InnoDB DEFAULT CHARSET=utf8 COLLATE=utf8_unicode_ci;

--
-- Dumping data for table `grades`
--

INSERT INTO `grades` (`grade_id`, `grade`, `grade_abbr`, `upper_bound`, `lower_bound`, `classgroup_id`, `created_at`, `updated_at`) VALUES
(1, 'Distinction', 'A1', 100.00, 81.00, 2, '2016-05-19 15:24:33', '2016-05-19 15:24:33'),
(2, 'Very Good', 'B2', 80.99, 76.00, 2, '2016-05-19 15:24:33', '2016-12-08 01:54:41'),
(3, 'Very Good', 'B3', 75.99, 71.00, 2, '2016-05-19 15:24:33', '2016-12-08 01:54:41'),
(4, 'Credit', 'C4', 70.99, 66.00, 2, '2016-05-19 15:24:33', '2016-12-08 01:54:41'),
(5, 'Credit', 'C5', 65.99, 61.00, 2, '2016-05-19 15:24:33', '2016-12-08 01:54:41'),
(6, 'Credit', 'C6', 60.99, 56.00, 2, '2016-05-19 15:24:33', '2016-12-08 01:54:41'),
(7, 'Pass', 'P', 55.99, 50.00, 2, '2016-05-19 15:24:33', '2016-12-08 01:54:41'),
(9, 'Fail', 'F9', 49.99, 0.00, 2, '2016-05-19 15:24:33', '2016-12-08 01:54:41'),
(10, 'Distinction', 'A', 100.00, 81.00, 1, '2016-05-19 15:24:33', '2016-12-08 01:54:41'),
(11, 'Very good', 'B', 80.99, 71.00, 1, '2016-05-19 15:24:33', '2016-12-08 01:54:41'),
(12, 'credit', 'C', 70.99, 61.00, 1, '2016-05-19 15:24:33', '2016-12-08 01:54:41'),
(13, 'Pass', 'P', 60.99, 50.00, 1, '2016-05-19 15:24:33', '2016-12-08 01:54:41'),
(15, 'Fail', 'F', 49.99, 0.00, 1, '2016-05-19 15:47:36', '2016-12-08 01:54:41');

-- --------------------------------------------------------

--
-- Table structure for table `menus`
--

CREATE TABLE `menus` (
  `menu_id` int(10) UNSIGNED NOT NULL,
  `parent_id` int(11) DEFAULT NULL,
  `lft` int(11) DEFAULT NULL,
  `rgt` int(11) DEFAULT NULL,
  `depth` int(11) DEFAULT NULL,
  `name` varchar(255) COLLATE utf8_unicode_ci NOT NULL,
  `url` varchar(150) COLLATE utf8_unicode_ci DEFAULT NULL,
  `active` int(10) UNSIGNED NOT NULL DEFAULT '1',
  `sequence` int(10) UNSIGNED NOT NULL DEFAULT '1',
  `type` int(10) UNSIGNED NOT NULL DEFAULT '1',
  `icon` varchar(255) COLLATE utf8_unicode_ci DEFAULT NULL,
  `created_at` timestamp NULL DEFAULT NULL,
  `updated_at` timestamp NULL DEFAULT NULL
) ENGINE=InnoDB DEFAULT CHARSET=utf8 COLLATE=utf8_unicode_ci;

--
-- Dumping data for table `menus`
--

INSERT INTO `menus` (`menu_id`, `parent_id`, `lft`, `rgt`, `depth`, `name`, `url`, `active`, `sequence`, `type`, `icon`, `created_at`, `updated_at`) VALUES
(1, NULL, 1, 6, 0, 'PROFILE', '#', 1, 1, 2, 'fa fa-user', '2016-12-07 19:37:46', '2016-12-08 03:58:52'),
(2, NULL, 7, 34, 0, 'ACCOUNTS', '#', 1, 4, 1, 'fa fa-subway', '2016-12-07 19:37:46', '2016-12-08 03:58:52'),
(3, NULL, 35, 40, 0, 'ASSESSMENTS', '#', 1, 4, 2, 'fa fa-book', '2016-12-07 19:37:46', '2016-12-08 03:58:52'),
(4, NULL, 41, 54, 0, 'MY CLASS', '#', 1, 6, 1, 'fa fa-building', '2016-12-07 19:37:46', '2016-12-08 03:58:52'),
(5, NULL, 55, 60, 0, 'UTILITIES', '#', 1, 8, 1, 'fa fa-object-group', '2016-12-07 19:37:46', '2016-12-08 03:58:52'),
(6, NULL, 61, 156, 0, 'SETUPS', '#', 1, 10, 1, 'fa fa-gear', '2016-12-07 19:37:46', '2016-12-08 03:58:52'),
(7, 6, 62, 115, 1, 'SYSTEM', '#', 1, 1, 1, 'fa fa-television', '2016-12-07 19:51:31', '2016-12-07 21:04:41'),
(8, 6, 116, 153, 1, 'MASTER RECORDS', '#', 1, 2, 1, 'fa fa-book', '2016-12-07 19:53:53', '2016-12-07 21:04:41'),
(9, 6, 154, 155, 1, 'EXAMS SETUP', '/exams/setup', 1, 3, 1, 'fa fa-hourglass-2', '2016-12-07 19:53:53', '2016-12-07 21:04:41'),
(10, 2, 22, 33, 1, 'PROFILE', '#', 1, 4, 1, 'fa fa-user', '2016-12-07 19:57:34', '2016-12-07 20:47:46'),
(11, 2, 14, 17, 1, 'SPONSORS', '#', 1, 2, 1, 'fa fa-users', '2016-12-07 19:57:34', '2016-12-07 20:31:04'),
(12, 2, 18, 21, 1, 'STAFFS', '#', 1, 3, 1, 'fa fa-users', '2016-12-07 19:57:34', '2016-12-07 20:31:04'),
(13, 2, 8, 13, 1, 'STUDENTS', '#', 1, 1, 1, 'fa fa-users', '2016-12-07 19:57:34', '2016-12-07 20:17:13'),
(14, 1, 4, 5, 1, 'EDIT', '/profiles/edit', 1, 3, 2, 'fa fa-edit', '2016-12-07 20:03:38', '2016-12-07 20:11:13'),
(15, 1, 2, 3, 1, 'VIEW', '/profiles', 1, 2, 2, 'fa fa-user', '2016-12-07 20:03:38', '2016-12-07 20:11:13'),
(16, 4, 44, 49, 1, 'ASSESSMENTS', '#', 1, 2, 1, 'fa fa-book', '2016-12-07 20:03:38', '2016-12-07 20:47:46'),
(17, 4, 42, 43, 1, 'MANAGE STUDENT', '/subject-tutors', 1, 1, 1, 'fa fa-users', '2016-12-07 20:03:38', '2016-12-07 20:47:46'),
(18, 4, 50, 53, 1, 'CLASS TEACHER', '#', 1, 3, 1, 'fa fa-creative-commons', '2016-12-07 20:03:38', '2016-12-07 20:47:46'),
(19, 5, 56, 59, 1, 'MESSAGING', '#', 1, 1, 1, 'fa fa-envelope', '2016-12-07 20:03:38', '2016-12-07 20:47:46'),
(20, 3, 36, 37, 1, 'CONTINUOUS', '/wards-assessments', 1, 1, 2, 'fa fa-check', '2016-12-07 20:03:38', '2016-12-07 20:47:46'),
(21, 3, 38, 39, 1, 'EXAMS', '/wards-exams', 1, 2, 2, 'fa fa-folder-open-o', '2016-12-07 20:03:38', '2016-12-07 20:47:46'),
(22, 19, 57, 58, 2, 'SEND S.M.S', '/messages', 1, 1, 1, 'fa fa-send', '2016-12-07 20:17:13', '2016-12-08 04:21:04'),
(23, 18, 51, 52, 2, 'ASSESS / REMARKS', '/domains', 1, 1, 1, 'fa fa-comments', '2016-12-07 20:17:13', '2016-12-08 04:21:04'),
(24, 16, 45, 46, 2, 'CONTINUOUS', '/assessments', 1, 1, 1, 'fa fa-check', '2016-12-07 20:17:13', '2016-12-08 04:21:04'),
(25, 16, 47, 48, 2, 'EXAMS', '/exams', 1, 2, 1, 'fa fa-folder-open-o', '2016-12-07 20:17:13', '2016-12-08 04:21:04'),
(26, 13, 9, 10, 2, 'CREATE', '/students/create', 1, 1, 1, 'fa fa-plus', '2016-12-07 20:17:13', '2016-12-08 04:21:04'),
(27, 13, 11, 12, 2, 'MANAGE', '/students', 1, 2, 1, 'fa fa-list', '2016-12-07 20:17:13', '2016-12-08 04:21:04'),
(28, 8, 131, 138, 2, 'SUBJECTS', '#', 1, 3, 1, 'fa fa-book', '2016-12-07 20:25:14', '2016-12-08 04:21:04'),
(29, 8, 125, 130, 2, 'SESSION', '#', 1, 2, 1, 'fa fa-table', '2016-12-07 20:25:14', '2016-12-08 04:21:04'),
(30, 8, 117, 124, 2, 'CLASS', '#', 1, 1, 1, 'fa fa-table', '2016-12-07 20:25:14', '2016-12-08 04:21:04'),
(31, 8, 139, 144, 2, 'ASSESSMENTS', '#', 1, 4, 1, 'fa fa-briefcase', '2016-12-07 20:25:14', '2016-12-08 04:21:04'),
(32, 8, 145, 146, 2, 'GRADE GROUPING', '/grades', 1, 5, 1, 'fa fa-check', '2016-12-07 20:25:14', '2016-12-08 04:21:04'),
(33, 8, 151, 152, 2, 'CLONE RECORDS', '/academic-terms/clones', 1, 8, 1, 'fa fa-clone', '2016-12-07 20:25:14', '2016-12-08 04:21:04'),
(34, 8, 147, 148, 2, 'CLASS TEACHER', '/class-rooms/class-teachers', 1, 6, 1, 'fa fa-map-signs', '2016-12-07 20:25:14', '2016-12-08 04:21:04'),
(35, 8, 149, 150, 2, 'CLASS STUDENTS', '/class-students', 1, 7, 1, 'fa fa-university', '2016-12-07 20:25:14', '2016-12-08 04:21:04'),
(36, 12, 19, 20, 2, 'MANAGE', '/staffs', 1, 1, 1, 'fa fa-list', '2016-12-07 20:31:04', '2016-12-08 04:21:04'),
(37, 11, 15, 16, 2, 'MANAGE', '/sponsors', 1, 1, 1, 'fa fa-list', '2016-12-07 20:31:04', '2016-12-08 04:21:04'),
(38, 10, 23, 26, 2, 'MY SCHOOL', '#', 1, 1, 1, 'fa fa-home', '2016-12-07 20:31:04', '2016-12-08 04:21:04'),
(39, 10, 27, 32, 2, 'PERSONAL', '#', 1, 2, 1, 'fa fa-user', '2016-12-07 20:31:04', '2016-12-08 04:21:04'),
(40, 7, 63, 90, 2, 'SETTINGS', '#', 1, 1, 1, 'fa fa-cogs', '2016-12-07 20:31:04', '2016-12-08 04:21:04'),
(41, 7, 107, 114, 2, 'USERS', '#', 1, 5, 1, 'fa fa-users', '2016-12-07 20:31:04', '2016-12-08 04:21:04'),
(42, 7, 91, 100, 2, 'RECORDS', '#', 1, 3, 1, 'fa fa-book', '2016-12-07 20:31:04', '2016-12-08 04:21:04'),
(43, 7, 101, 106, 2, 'SCHOOLS', '#', 1, 4, 1, 'fa fa-home', '2016-12-07 20:31:04', '2016-12-08 04:21:04'),
(44, 31, 140, 141, 3, 'SETUP', '/assessment-setups', 1, 1, 1, 'fa fa-ticket', '2016-12-07 20:38:25', '2016-12-08 04:21:04'),
(45, 31, 142, 143, 3, 'SETUP DETAILS', '/assessment-setups/details', 1, 2, 1, 'fa fa-list-alt', '2016-12-07 20:38:26', '2016-12-08 04:21:04'),
(46, 30, 118, 119, 3, 'CLASS GROUP', '/class-groups', 1, 1, 1, 'fa fa-plus', '2016-12-07 20:38:26', '2016-12-08 04:21:04'),
(47, 30, 120, 121, 3, 'CLASS LEVEL', '/class-levels', 1, 2, 1, 'fa fa-plus', '2016-12-07 20:38:26', '2016-12-08 04:21:04'),
(48, 30, 122, 123, 3, 'CLASS ROOMS', '/class-rooms', 1, 3, 1, 'fa fa-plus', '2016-12-07 20:38:26', '2016-12-08 04:21:04'),
(49, 29, 126, 127, 3, 'ACADEMIC YEAR', '/academic-years', 1, 1, 1, 'fa fa-plus', '2016-12-07 20:38:26', '2016-12-08 04:21:04'),
(50, 29, 128, 129, 3, 'ACADEMIC TERM', '/academic-terms', 1, 2, 1, 'fa fa-plus', '2016-12-07 20:38:26', '2016-12-08 04:21:04'),
(51, 28, 132, 133, 3, 'MANAGE', '/school-subjects', 1, 1, 1, 'fa fa-plus-square', '2016-12-07 20:45:12', '2016-12-08 04:21:04'),
(52, 28, 134, 135, 3, 'VIEW LIST', '/school-subjects/view', 1, 2, 1, 'fa fa-eye', '2016-12-07 20:45:12', '2016-12-08 04:21:04'),
(53, 28, 136, 137, 3, 'ASSIGN TO CLASS', '/subject-classrooms', 1, 3, 1, 'fa fa-list', '2016-12-07 20:45:12', '2016-12-08 04:21:04'),
(54, 43, 102, 103, 3, 'MANAGE', '/schools', 1, 1, 1, 'fa fa-list', '2016-12-07 20:45:12', '2016-12-08 04:21:04'),
(55, 43, 104, 105, 3, 'CREATE', '/schools/create', 1, 2, 1, 'fa fa-plus', '2016-12-07 20:45:12', '2016-12-08 04:21:04'),
(56, 42, 92, 93, 3, 'SALUTATIONS', '/salutations', 1, 1, 1, 'fa fa-plus', '2016-12-07 20:45:12', '2016-12-08 04:21:04'),
(57, 42, 94, 95, 3, 'M. STAUESES', '/marital-statuses', 1, 2, 1, 'fa fa-table', '2016-12-07 20:45:12', '2016-12-08 04:21:04'),
(58, 42, 96, 97, 3, 'SUBJECT GROUPS', '/subject-groups', 1, 3, 1, 'fa fa-table', '2016-12-07 20:45:12', '2016-12-08 04:21:04'),
(59, 42, 98, 99, 3, 'SUBJECTS', '/subjects', 1, 4, 1, 'fa fa-book', '2016-12-07 20:45:12', '2016-12-08 04:21:04'),
(60, 39, 28, 29, 3, 'VIEW', '/profiles', 1, 1, 1, 'fa fa-eye', '2016-12-07 20:47:46', '2016-12-08 04:21:04'),
(61, 39, 30, 31, 3, 'EDIT', '/profiles/edit', 1, 2, 1, 'fa fa-edit', '2016-12-07 20:47:46', '2016-12-08 04:21:04'),
(62, 38, 24, 25, 3, 'UPDATE', '/schools/edit', 1, 1, 1, 'fa fa-edit', '2016-12-07 20:47:46', '2016-12-08 04:21:04'),
(63, 41, 108, 109, 3, 'CREATE', '/users/create', 1, 1, 1, 'fa fa-user', '2016-12-07 20:51:08', '2016-12-08 04:21:04'),
(64, 41, 110, 111, 3, 'MANAGE', '/users', 1, 2, 1, 'fa fa-users', '2016-12-07 20:51:08', '2016-12-08 04:21:04'),
(65, 41, 112, 113, 3, 'USER TYPES', '/user-types', 1, 3, 1, 'fa fa-user-plus', '2016-12-07 20:51:08', '2016-12-08 04:21:04'),
(66, 40, 64, 77, 3, 'MENUS', '#', 1, 1, 1, 'fa fa-list', '2016-12-07 20:51:08', '2016-12-08 04:21:04'),
(67, 40, 78, 83, 3, 'PERMISSIONS', '#', 1, 2, 1, 'fa fa-lock', '2016-12-07 20:51:08', '2016-12-08 04:21:04'),
(68, 40, 84, 89, 3, 'ROLES', '#', 1, 3, 1, 'fa fa-users', '2016-12-07 20:51:08', '2016-12-08 04:21:04'),
(69, 68, 85, 86, 4, 'MANAGE', '/roles', 1, 1, 1, 'fa fa-table', '2016-12-07 21:03:03', '2016-12-08 04:21:04'),
(70, 68, 87, 88, 4, 'ASSIGN', '/roles/users-roles', 1, 2, 1, 'fa fa-users', '2016-12-07 21:03:03', '2016-12-08 04:21:04'),
(71, 67, 79, 80, 4, 'MANAGE', '/permissions', 1, 1, 1, 'fa fa-table', '2016-12-07 21:03:03', '2016-12-08 04:21:04'),
(72, 67, 81, 82, 4, 'ASSIGN', '/permissions/roles-permissions/', 1, 2, 1, 'fa fa-users', '2016-12-07 21:03:03', '2016-12-08 04:21:04'),
(73, 66, 65, 66, 4, 'LEVEL I', '/menus/level-1', 1, 1, 1, 'fa fa-folder-open-o', '2016-12-07 21:03:03', '2016-12-08 04:21:04'),
(74, 66, 67, 68, 4, 'LEVEL II', '/menus/level-2', 1, 2, 1, 'fa fa-envelope', '2016-12-07 21:03:03', '2016-12-08 04:21:04'),
(75, 66, 69, 70, 4, 'LEVEL III', '/menus/level-3', 1, 3, 1, 'a fa-file-text', '2016-12-07 21:03:03', '2016-12-08 04:21:04'),
(76, 66, 71, 72, 4, 'LEVEL IV', '/menus/level-4', 1, 4, 1, 'fa fa-optin-monster', '2016-12-07 21:03:03', '2016-12-08 04:21:04'),
(77, 66, 73, 74, 4, 'LEVEL V', '/menus/level-5', 1, 5, 1, 'fa fa-creative-commons', '2016-12-07 21:03:03', '2016-12-08 04:21:04'),
(78, 66, 75, 76, 4, 'DETAILS', '/menus', 1, 0, 1, 'fa fa-eye', '2016-12-07 21:04:41', '2016-12-08 04:21:04');

-- --------------------------------------------------------

--
-- Table structure for table `menus_roles`
--

CREATE TABLE `menus_roles` (
  `menu_id` int(10) UNSIGNED DEFAULT NULL,
  `role_id` int(10) UNSIGNED NOT NULL
) ENGINE=InnoDB DEFAULT CHARSET=utf8 COLLATE=utf8_unicode_ci;

--
-- Dumping data for table `menus_roles`
--

INSERT INTO `menus_roles` (`menu_id`, `role_id`) VALUES
(1, 1),
(1, 3),
(2, 1),
(2, 4),
(2, 2),
(3, 1),
(3, 3),
(4, 1),
(4, 4),
(4, 2),
(5, 1),
(5, 2),
(6, 1),
(6, 2),
(7, 1),
(7, 2),
(8, 1),
(8, 2),
(9, 1),
(10, 1),
(10, 4),
(10, 2),
(11, 1),
(11, 2),
(12, 1),
(12, 2),
(13, 1),
(13, 2),
(14, 1),
(14, 3),
(15, 1),
(15, 3),
(20, 1),
(20, 3),
(21, 1),
(21, 3),
(17, 1),
(17, 4),
(17, 2),
(16, 1),
(16, 4),
(16, 2),
(18, 5),
(18, 1),
(18, 2),
(19, 1),
(19, 2),
(4, 5),
(22, 1),
(22, 2),
(23, 1),
(23, 2),
(24, 1),
(24, 4),
(24, 2),
(25, 1),
(25, 4),
(25, 2),
(26, 1),
(26, 2),
(27, 1),
(27, 2),
(28, 1),
(28, 2),
(29, 1),
(29, 2),
(30, 1),
(30, 2),
(31, 1),
(31, 2),
(32, 1),
(32, 2),
(33, 1),
(34, 1),
(34, 2),
(35, 1),
(35, 2),
(36, 1),
(36, 2),
(37, 1),
(37, 2),
(38, 1),
(38, 2),
(39, 1),
(39, 4),
(39, 2),
(40, 1),
(40, 2),
(41, 1),
(41, 2),
(42, 1),
(43, 1),
(44, 1),
(44, 2),
(45, 1),
(45, 2),
(46, 1),
(46, 2),
(47, 1),
(47, 2),
(48, 1),
(48, 2),
(49, 1),
(49, 2),
(50, 1),
(50, 2),
(51, 1),
(51, 2),
(52, 1),
(52, 2),
(53, 1),
(53, 2),
(54, 1),
(54, 2),
(55, 1),
(55, 2),
(56, 1),
(56, 2),
(57, 1),
(57, 2),
(58, 1),
(59, 1),
(60, 1),
(60, 4),
(60, 2),
(61, 1),
(61, 4),
(61, 2),
(62, 1),
(62, 2),
(63, 1),
(63, 2),
(64, 1),
(64, 2),
(65, 1),
(66, 1),
(67, 1),
(68, 1),
(68, 2),
(69, 1),
(70, 1),
(70, 2),
(71, 1),
(72, 1),
(73, 1),
(74, 1),
(75, 1),
(76, 1),
(77, 1),
(78, 1),
(23, 5);

-- --------------------------------------------------------

--
-- Table structure for table `migrations`
--

CREATE TABLE `migrations` (
  `migration` varchar(255) COLLATE utf8_unicode_ci NOT NULL,
  `batch` int(11) NOT NULL
) ENGINE=InnoDB DEFAULT CHARSET=utf8 COLLATE=utf8_unicode_ci;

--
-- Dumping data for table `migrations`
--

INSERT INTO `migrations` (`migration`, `batch`) VALUES
('2016_03_03_195545_create_user_type_table', 1),
('2016_03_03_195633_create_users_table', 1),
('2016_03_05_060819_entrust_setup_tables', 1),
('2016_04_17_104628_create_sponsor_table', 1),
('2016_04_17_121149_create_schools_table', 1),
('2016_04_17_195404_create_school_databases_table', 1),
('2016_04_19_093540_create_salutaions_table', 1),
('2016_04_19_115455_create_marital_statuses_table', 1),
('2016_04_21_202331_create_staffs_table', 1),
('2016_04_28_175829_create_state_and_lga_table', 1),
('2016_05_01_162613_create_academic_years_and_terms_table', 2),
('2016_05_08_144434_create_class_groups_levels_rooms_table', 2),
('2016_05_01_162805_create_subject_groups_and_subjects_table', 3),
('2016_05_14_173333_create_subject_classes_table', 3),
('2016_05_17_184714_create_students_table', 4),
('2016_05_18_182321_create_grades_table', 4),
('2016_05_20_130901_create_assessments_tables', 5),
('2016_05_31_205123_create_class_masters_table', 6),
('2016_06_13_084933_create_exams_table', 7),
('2016_08_18_185246_create_domains_table', 8),
('2016_11_23_181017_create_random_numbers_table', 9),
('2016_03_06_061949_create_menus_table', 2);

-- --------------------------------------------------------

--
-- Table structure for table `permissions`
--

CREATE TABLE `permissions` (
  `permission_id` int(10) UNSIGNED NOT NULL,
  `name` varchar(255) COLLATE utf8_unicode_ci NOT NULL,
  `display_name` varchar(255) COLLATE utf8_unicode_ci DEFAULT NULL,
  `description` varchar(255) COLLATE utf8_unicode_ci DEFAULT NULL,
  `uri` varchar(255) COLLATE utf8_unicode_ci DEFAULT NULL,
  `created_at` timestamp NULL DEFAULT NULL,
  `updated_at` timestamp NULL DEFAULT NULL
) ENGINE=InnoDB DEFAULT CHARSET=utf8 COLLATE=utf8_unicode_ci;

--
-- Dumping data for table `permissions`
--

INSERT INTO `permissions` (`permission_id`, `name`, `display_name`, `description`, `uri`, `created_at`, `updated_at`) VALUES
(1, 'AcademicTermsController@getDelete', '', '', 'academic-terms/delete/', '2016-04-17 12:17:42', '2016-05-23 14:51:39'),
(2, 'AcademicTermsController@getIndex', '', '', 'academic-terms/index/', '2016-04-17 12:17:42', '2016-05-23 14:51:39'),
(3, 'AcademicTermsController@getIndexAcademic-terms', '', '', 'academic-terms', '2016-04-17 12:17:42', '2016-05-23 14:51:39'),
(4, 'AcademicYearsController@getDelete', '', '', 'academic-years/delete/', '2016-04-17 12:17:42', '2016-05-23 14:51:39'),
(5, 'AcademicYearsController@getIndex', '', '', 'academic-years/index/', '2016-04-17 12:17:42', '2016-05-23 14:51:39'),
(6, 'AcademicYearsController@getIndexAcademic-years', '', '', 'academic-years', '2016-04-17 12:17:42', '2016-05-23 14:51:39'),
(7, 'AccountsController@getCreate', '', '', 'accounts/create/', '2016-04-17 12:17:42', '2016-05-23 14:51:39'),
(8, 'AssessmentSetupsController@getDelete', '', '', 'assessment-setups/delete/', '2016-04-17 12:17:42', '2016-05-23 14:51:39'),
(9, 'AssessmentSetupsController@getDetails', '', '', 'assessment-setups/details/', '2016-04-17 12:17:42', '2016-05-23 14:51:39'),
(10, 'AssessmentSetupsController@getDetailsDelete', '', '', 'assessment-setups/details-delete/', '2016-04-17 12:17:42', '2016-05-23 14:51:39'),
(11, 'AssessmentSetupsController@getIndex', '', '', 'assessment-setups/index/', '2016-04-17 12:17:42', '2016-05-23 14:51:39'),
(12, 'AssessmentSetupsController@getIndexAssessment-setups', '', '', 'assessment-setups', '2016-04-17 12:17:42', '2016-05-23 14:51:39'),
(13, 'AuthController@getLogin', '', '', 'auth/login/', '2016-04-17 12:17:42', '2016-05-23 14:51:40'),
(14, 'AuthController@getLogout', '', '', 'auth/logout/', '2016-04-17 12:17:42', '2016-05-23 14:51:40'),
(15, 'AuthController@getRegister', '', '', 'auth/register/', '2016-04-17 12:17:42', '2016-05-23 14:51:40'),
(16, 'AuthController@logout', '', '', 'logout', '2016-04-17 12:17:42', '2016-05-23 14:51:40'),
(17, 'AuthController@showLoginForm', '', '', 'login', '2016-04-17 12:17:42', '2016-05-23 14:51:40'),
(18, 'AuthController@showRegistrationForm', '', '', 'register', '2016-04-17 12:17:42', '2016-05-23 14:51:40'),
(19, 'ClassGroupsController@getDelete', '', '', 'class-groups/delete/', '2016-04-17 12:17:42', '2016-05-23 14:51:40'),
(20, 'ClassGroupsController@getIndex', '', '', 'class-groups/index/', '2016-04-17 12:17:42', '2016-05-23 14:51:40'),
(21, 'ClassGroupsController@getIndexClass-groups', '', '', 'class-groups', '2016-04-17 12:17:42', '2016-05-23 14:51:40'),
(22, 'ClassLevelsController@getDelete', '', '', 'class-levels/delete/', '2016-04-17 12:17:42', '2016-05-23 14:51:40'),
(23, 'ClassLevelsController@getIndex', '', '', 'class-levels/index/', '2016-04-17 12:17:42', '2016-05-23 14:51:40'),
(24, 'ClassLevelsController@getIndexClass-levels', '', '', 'class-levels', '2016-04-17 12:17:42', '2016-05-23 14:51:40'),
(25, 'ClassRoomsController@getDelete', '', '', 'class-rooms/delete/', '2016-04-17 12:17:42', '2016-05-23 14:51:40'),
(26, 'ClassRoomsController@getIndex', '', '', 'class-rooms/index/', '2016-04-17 12:17:42', '2016-05-23 14:51:40'),
(27, 'ClassRoomsController@getIndexClass-rooms', '', '', 'class-rooms', '2016-04-17 12:17:42', '2016-05-23 14:51:40'),
(28, 'DashboardController@getIndex', '', '', 'dashboard/index/', '2016-04-17 12:17:42', '2016-05-23 14:51:40'),
(29, 'DashboardController@getIndexDashboard', '', '', 'dashboard', '2016-04-17 12:17:42', '2016-05-23 14:51:40'),
(30, 'GradesController@getDelete', '', '', 'grades/delete/', '2016-04-17 12:17:42', '2016-05-23 14:51:40'),
(31, 'GradesController@getIndex', '', '', 'grades/index/', '2016-04-17 12:17:42', '2016-05-23 14:51:40'),
(32, 'GradesController@getIndexGrades', '', '', 'grades', '2016-04-17 12:17:42', '2016-05-23 14:51:40'),
(33, 'HomeController@getIndex', '', '', 'home', '2016-04-17 12:17:42', '2016-05-23 14:51:40'),
(34, 'HomeController@getIndexHome/index/', '', '', 'home/index/', '2016-04-17 12:17:42', '2016-05-23 14:51:40'),
(35, 'ListBoxController@getAcademicTerm', '', '', 'list-box/academic-term/', '2016-04-17 12:17:42', '2016-05-23 14:51:40'),
(36, 'ListBoxController@getClassroom', '', '', 'list-box/classroom/', '2016-04-17 12:17:42', '2016-05-23 14:51:40'),
(37, 'ListBoxController@getLga', '', '', 'list-box/lga/', '2016-04-17 12:17:42', '2016-05-23 14:51:40'),
(38, 'MaritalStatusController@getDelete', '', '', 'marital-statuses/delete/', '2016-04-17 12:17:42', '2016-05-23 14:51:40'),
(39, 'MaritalStatusController@getIndex', '', '', 'marital-statuses/index/', '2016-04-17 12:17:42', '2016-05-23 14:51:40'),
(40, 'MaritalStatusController@getIndexMarital-statuses', '', '', 'marital-statuses', '2016-04-17 12:17:42', '2016-05-23 14:51:40'),
(41, 'MenuController@getDelete', '', '', 'menus/delete/', '2016-04-17 12:17:42', '2016-05-23 14:51:40'),
(42, 'MenuController@getIndex', '', '', 'menus/index/', '2016-04-17 12:17:42', '2016-05-23 14:51:40'),
(43, 'MenuController@getIndexMenus', '', '', 'menus', '2016-04-17 12:17:42', '2016-05-23 14:51:40'),
(44, 'MenuHeaderController@getDelete', '', '', 'menu-headers/delete/', '2016-04-17 12:17:42', '2016-05-23 14:51:40'),
(45, 'MenuHeaderController@getIndex', '', '', 'menu-headers/index/', '2016-04-17 12:17:42', '2016-05-23 14:51:40'),
(46, 'MenuHeaderController@getIndexMenu-headers', '', '', 'menu-headers', '2016-04-17 12:17:42', '2016-05-23 14:51:40'),
(47, 'MenuItemController@getDelete', '', '', 'menu-items/delete/', '2016-04-17 12:17:42', '2016-05-23 14:51:40'),
(48, 'MenuItemController@getIndex', '', '', 'menu-items/index/', '2016-04-17 12:17:42', '2016-05-23 14:51:40'),
(49, 'MenuItemController@getIndexMenu-items', '', '', 'menu-items', '2016-04-17 12:17:42', '2016-05-23 14:51:40'),
(50, 'PasswordController@reset', '', '', 'password/reset', '2016-04-17 12:17:42', '2016-05-23 14:51:40'),
(51, 'PasswordController@sendResetLinkEmail', '', '', 'password/email', '2016-04-17 12:17:42', '2016-05-23 14:51:40'),
(52, 'PasswordController@showResetForm', '', '', 'password/reset/', '2016-04-17 12:17:42', '2016-05-23 14:51:40'),
(53, 'PermissionsController@getIndex', '', '', 'permissions/index/', '2016-04-17 12:17:42', '2016-05-23 14:51:40'),
(54, 'PermissionsController@getIndexPermissions', '', '', 'permissions', '2016-04-17 12:17:42', '2016-05-23 14:51:40'),
(55, 'PermissionsController@getRolesPermissions', '', '', 'permissions/roles-permissions/', '2016-04-17 12:17:42', '2016-05-23 14:51:40'),
(56, 'ProfileController@getEdit', '', '', 'profiles/edit/', '2016-04-17 12:17:42', '2016-05-23 14:51:40'),
(57, 'ProfileController@getIndex', '', '', 'profiles/index/', '2016-04-17 12:17:42', '2016-05-23 14:51:40'),
(58, 'ProfileController@getIndexProfiles', '', '', 'profiles', '2016-04-17 12:17:42', '2016-05-23 14:51:40'),
(59, 'RolesController@getDelete', '', '', 'roles/delete/', '2016-04-19 14:59:35', '2016-05-23 14:51:40'),
(60, 'RolesController@getIndex', '', '', 'roles/index/', '2016-04-19 14:59:35', '2016-05-23 14:51:40'),
(61, 'RolesController@getIndexRoles', '', '', 'roles', '2016-04-19 14:59:35', '2016-05-23 14:51:40'),
(62, 'RolesController@getUsersRoles', '', '', 'roles/users-roles/', '2016-04-19 14:59:35', '2016-05-23 14:51:40'),
(63, 'SalutationController@getDelete', '', '', 'salutations/delete/', '2016-04-19 14:59:35', '2016-05-23 14:51:40'),
(64, 'SalutationController@getIndex', '', '', 'salutations/index/', '2016-04-19 14:59:35', '2016-05-23 14:51:40'),
(65, 'SalutationController@getIndexSalutations', '', '', 'salutations', '2016-04-19 14:59:35', '2016-05-23 14:51:40'),
(66, 'SchoolController@getCreate', '', '', 'schools/create/', '2016-04-19 14:59:35', '2016-05-23 14:51:40'),
(67, 'SchoolController@getDbConfig', '', '', 'schools/db-config/', '2016-05-23 14:51:40', '2016-05-23 14:51:40'),
(68, 'SchoolController@getEdit', '', '', 'schools/edit/', '2016-05-23 14:51:40', '2016-05-23 14:51:40'),
(69, 'SchoolController@getIndex', '', '', 'schools/index/', '2016-05-23 14:51:40', '2016-05-23 14:51:40'),
(70, 'SchoolController@getIndexSchools', '', '', 'schools', '2016-05-23 14:51:40', '2016-05-23 14:51:40'),
(71, 'SchoolController@getSearch', '', '', 'schools/search/', '2016-05-23 14:51:40', '2016-05-23 14:51:40'),
(72, 'SchoolController@getStatus', '', '', 'schools/status/', '2016-05-23 14:51:40', '2016-05-23 14:51:40'),
(73, 'SchoolSubjectsController@getIndex', '', '', 'school-subjects/index/', '2016-05-23 14:51:40', '2016-05-23 14:51:40'),
(74, 'SchoolSubjectsController@getIndexSchool-subjects', '', '', 'school-subjects', '2016-05-23 14:51:40', '2016-05-23 14:51:40'),
(75, 'SchoolSubjectsController@getRename', '', '', 'school-subjects/rename/', '2016-05-23 14:51:40', '2016-05-23 14:51:40'),
(76, 'SchoolSubjectsController@getView', '', '', 'school-subjects/view/', '2016-05-23 14:51:40', '2016-05-23 14:51:40'),
(77, 'SponsorController@getEdit', '', '', 'sponsors/edit/', '2016-05-23 14:51:40', '2016-05-23 14:51:40'),
(78, 'SponsorController@getIndex', '', '', 'sponsors/index/', '2016-05-23 14:51:40', '2016-05-23 14:51:40'),
(79, 'SponsorController@getIndexSponsors', '', '', 'sponsors', '2016-05-23 14:51:40', '2016-05-23 14:51:40'),
(80, 'SponsorController@getView', '', '', 'sponsors/view/', '2016-05-23 14:51:40', '2016-05-23 14:51:40'),
(81, 'StaffController@getEdit', '', '', 'staffs/edit/', '2016-05-23 14:51:40', '2016-05-23 14:51:40'),
(82, 'StaffController@getIndex', '', '', 'staffs/index/', '2016-05-23 14:51:40', '2016-05-23 14:51:40'),
(83, 'StaffController@getIndexStaffs', '', '', 'staffs', '2016-05-23 14:51:40', '2016-05-23 14:51:40'),
(84, 'StaffController@getView', '', '', 'staffs/view/', '2016-05-23 14:51:40', '2016-05-23 14:51:40'),
(85, 'StudentController@getCreate', '', '', 'students/create/', '2016-05-23 14:51:40', '2016-05-23 14:51:40'),
(86, 'StudentController@getEdit', '', '', 'students/edit/', '2016-05-23 14:51:40', '2016-05-23 14:51:40'),
(87, 'StudentController@getIndex', '', '', 'students/index/', '2016-05-23 14:51:40', '2016-05-23 14:51:40'),
(88, 'StudentController@getIndexStudents', '', '', 'students', '2016-05-23 14:51:40', '2016-05-23 14:51:40'),
(89, 'StudentController@getSponsors', '', '', 'students/sponsors/', '2016-05-23 14:51:40', '2016-05-23 14:51:40'),
(90, 'StudentController@getView', '', '', 'students/view/', '2016-05-23 14:51:40', '2016-05-23 14:51:40'),
(91, 'SubMenuItemController@getDelete', '', '', 'sub-menu-items/delete/', '2016-05-23 14:51:40', '2016-05-23 14:51:40'),
(92, 'SubMenuItemController@getIndex', '', '', 'sub-menu-items/index/', '2016-05-23 14:51:40', '2016-05-23 14:51:40'),
(93, 'SubMenuItemController@getIndexSub-menu-items', '', '', 'sub-menu-items', '2016-05-23 14:51:40', '2016-05-23 14:51:40'),
(94, 'SubMostMenuItemController@getDelete', '', '', 'sub-most-menu-items/delete/', '2016-05-23 14:51:40', '2016-05-23 14:51:40'),
(95, 'SubMostMenuItemController@getIndex', '', '', 'sub-most-menu-items/index/', '2016-05-23 14:51:40', '2016-05-23 14:51:40'),
(96, 'SubMostMenuItemController@getIndexSub-most-menu-items', '', '', 'sub-most-menu-items', '2016-05-23 14:51:40', '2016-05-23 14:51:40'),
(97, 'SubjectClassRoomsController@getAssignTutor', '', '', 'subject-classrooms/assign-tutor/', '2016-05-23 14:51:40', '2016-05-23 14:51:40'),
(98, 'SubjectClassRoomsController@getIndex', '', '', 'subject-classrooms/index/', '2016-05-23 14:51:40', '2016-05-23 14:51:40'),
(99, 'SubjectClassRoomsController@getIndexSubject-classrooms', '', '', 'subject-classrooms', '2016-05-23 14:51:40', '2016-05-23 14:51:40'),
(100, 'SubjectGroupsController@getDelete', '', '', 'subject-groups/delete/', '2016-05-23 14:51:40', '2016-05-23 14:51:40'),
(101, 'SubjectGroupsController@getIndex', '', '', 'subject-groups/index/', '2016-05-23 14:51:40', '2016-05-23 14:51:40'),
(102, 'SubjectGroupsController@getIndexSubject-groups', '', '', 'subject-groups', '2016-05-23 14:51:40', '2016-05-23 14:51:40'),
(103, 'SubjectsController@getDelete', '', '', 'subjects/delete/', '2016-05-23 14:51:40', '2016-05-23 14:51:40'),
(104, 'SubjectsController@getIndex', '', '', 'subjects/index/', '2016-05-23 14:51:40', '2016-05-23 14:51:40'),
(105, 'SubjectsController@getIndexSubjects', '', '', 'subjects', '2016-05-23 14:51:40', '2016-05-23 14:51:40'),
(106, 'UserController@getChange', '', '', 'users/change/', '2016-05-23 14:51:40', '2016-05-23 14:51:40'),
(107, 'UserController@getCreate', '', '', 'users/create/', '2016-05-23 14:51:41', '2016-05-23 14:51:41'),
(108, 'UserController@getEdit', '', '', 'users/edit/', '2016-05-23 14:51:41', '2016-05-23 14:51:41'),
(109, 'UserController@getIndex', '', '', 'users/index/', '2016-05-23 14:51:41', '2016-05-23 14:51:41'),
(110, 'UserController@getIndexUsers', '', '', 'users', '2016-05-23 14:51:41', '2016-05-23 14:51:41'),
(111, 'UserController@getStatus', '', '', 'users/status/', '2016-05-23 14:51:41', '2016-05-23 14:51:41'),
(112, 'UserController@getView', '', '', 'users/view/', '2016-05-23 14:51:41', '2016-05-23 14:51:41'),
(113, 'UserTypeController@getDelete', '', '', 'user-types/delete/', '2016-05-23 14:51:41', '2016-05-23 14:51:41'),
(114, 'UserTypeController@getIndex', '', '', 'user-types/index/', '2016-05-23 14:51:41', '2016-05-23 14:51:41'),
(115, 'UserTypeController@getIndexUser-types', '', '', 'user-types', '2016-05-23 14:51:41', '2016-05-23 14:51:41');

-- --------------------------------------------------------

--
-- Table structure for table `permission_role`
--

CREATE TABLE `permission_role` (
  `permission_id` int(10) UNSIGNED NOT NULL,
  `role_id` int(10) UNSIGNED NOT NULL
) ENGINE=InnoDB DEFAULT CHARSET=utf8 COLLATE=utf8_unicode_ci;

--
-- Dumping data for table `permission_role`
--

INSERT INTO `permission_role` (`permission_id`, `role_id`) VALUES
(1, 1),
(2, 1),
(3, 1),
(4, 1),
(5, 1),
(6, 1),
(7, 1),
(8, 1),
(9, 1),
(10, 1),
(11, 1),
(12, 1),
(13, 1),
(14, 1),
(15, 1),
(16, 1),
(17, 1),
(18, 1),
(19, 1),
(20, 1),
(21, 1),
(22, 1),
(23, 1),
(24, 1),
(25, 1),
(26, 1),
(27, 1),
(28, 1),
(29, 1),
(30, 1),
(31, 1),
(32, 1),
(33, 1),
(34, 1),
(35, 1),
(36, 1),
(37, 1),
(38, 1),
(39, 1),
(40, 1),
(41, 1),
(42, 1),
(43, 1),
(44, 1),
(45, 1),
(46, 1),
(47, 1),
(48, 1),
(49, 1),
(50, 1),
(51, 1),
(52, 1),
(53, 1),
(54, 1),
(55, 1),
(56, 1),
(57, 1),
(58, 1),
(59, 1),
(60, 1),
(61, 1),
(62, 1),
(63, 1),
(64, 1),
(65, 1),
(66, 1),
(67, 1),
(68, 1),
(69, 1),
(70, 1),
(71, 1),
(72, 1),
(73, 1),
(74, 1),
(75, 1),
(76, 1),
(77, 1),
(78, 1),
(79, 1),
(80, 1),
(81, 1),
(82, 1),
(83, 1),
(84, 1),
(85, 1),
(86, 1),
(87, 1),
(88, 1),
(89, 1),
(90, 1),
(91, 1),
(92, 1),
(93, 1),
(94, 1),
(95, 1),
(96, 1),
(97, 1),
(98, 1),
(99, 1),
(100, 1),
(101, 1),
(102, 1),
(103, 1),
(104, 1),
(105, 1),
(106, 1),
(107, 1),
(108, 1),
(109, 1),
(110, 1),
(111, 1),
(112, 1),
(113, 1),
(114, 1),
(115, 1),
(1, 2),
(2, 2),
(3, 2),
(4, 2),
(5, 2),
(6, 2),
(7, 2),
(8, 2),
(9, 2),
(10, 2),
(11, 2),
(12, 2),
(13, 2),
(14, 2),
(15, 2),
(16, 2),
(17, 2),
(18, 2),
(19, 2),
(20, 2),
(21, 2),
(22, 2),
(23, 2),
(24, 2),
(25, 2),
(26, 2),
(27, 2),
(28, 2),
(29, 2),
(30, 2),
(31, 2),
(32, 2),
(33, 2),
(34, 2),
(35, 2),
(36, 2),
(37, 2),
(38, 2),
(39, 2),
(40, 2),
(41, 2),
(42, 2),
(43, 2),
(44, 2),
(45, 2),
(46, 2),
(47, 2),
(48, 2),
(49, 2),
(50, 2),
(51, 2),
(52, 2),
(53, 2),
(54, 2),
(55, 2),
(56, 2),
(57, 2),
(58, 2),
(59, 2),
(60, 2),
(61, 2),
(62, 2),
(63, 2),
(64, 2),
(65, 2),
(66, 2),
(75, 2),
(77, 2),
(78, 2),
(80, 2),
(81, 2),
(82, 2),
(83, 2),
(84, 2),
(85, 2),
(86, 2),
(87, 2),
(88, 2),
(89, 2),
(90, 2),
(97, 2),
(98, 2),
(99, 2),
(100, 2),
(101, 2),
(102, 2),
(103, 2),
(104, 2),
(105, 2),
(107, 2),
(110, 2),
(113, 2),
(1, 3),
(2, 3),
(4, 3),
(9, 3),
(10, 3);

-- --------------------------------------------------------

--
-- Table structure for table `pins`
--

CREATE TABLE `pins` (
  `pin_id` int(10) UNSIGNED NOT NULL,
  `pin` varchar(20) COLLATE utf8_unicode_ci NOT NULL,
  `serial` varchar(20) COLLATE utf8_unicode_ci NOT NULL
) ENGINE=InnoDB DEFAULT CHARSET=utf8 COLLATE=utf8_unicode_ci;

--
-- Dumping data for table `pins`
--

INSERT INTO `pins` (`pin_id`, `pin`, `serial`) VALUES
(1, '1166 9628 4229', '0000 0001'),
(2, '9499 2527 3971', '0000 0002'),
(3, '7222 8617 6378', '0000 0003'),
(4, '6563 3967 4581', '0000 0004'),
(5, '3853 3785 1888', '0000 0005'),
(6, '2841 3542 1354', '0000 0006'),
(7, '4686 8226 9977', '0000 0007'),
(8, '2345 7135 5297', '0000 0008'),
(9, '5853 8893 1918', '0000 0009'),
(10, '1742 5737 4319', '0000 0010'),
(11, '3977 6755 3379', '0000 0011'),
(12, '8726 3975 4376', '0000 0012'),
(13, '9358 1719 9637', '0000 0013'),
(14, '3728 1648 4541', '0000 0014'),
(15, '1656 8271 6995', '0000 0015'),
(16, '4952 3253 9195', '0000 0016'),
(17, '8419 1274 3268', '0000 0017'),
(18, '9614 5584 1511', '0000 0018'),
(19, '6287 4365 5649', '0000 0019'),
(20, '8761 9542 5568', '0000 0020'),
(21, '9392 8742 7919', '0000 0021'),
(22, '7569 2197 5581', '0000 0022'),
(23, '4653 2594 9762', '0000 0023'),
(24, '5437 2643 6683', '0000 0024'),
(25, '7223 4355 5995', '0000 0025'),
(26, '3337 4357 2123', '0000 0026'),
(27, '9159 2169 9242', '0000 0027'),
(28, '6576 9711 5467', '0000 0028'),
(29, '2457 4615 1142', '0000 0029'),
(30, '8731 5529 5358', '0000 0030'),
(31, '8189 9263 1864', '0000 0031'),
(32, '9376 4379 1154', '0000 0032'),
(33, '8341 5899 9992', '0000 0033'),
(34, '3747 4925 1916', '0000 0034'),
(35, '2625 6641 1675', '0000 0035'),
(36, '2756 8197 3841', '0000 0036'),
(37, '5471 5259 6146', '0000 0037'),
(38, '9761 6682 9498', '0000 0038'),
(39, '6157 3893 9879', '0000 0039'),
(40, '5866 2359 6444', '0000 0040'),
(41, '2924 4425 4454', '0000 0041'),
(42, '9832 6537 9339', '0000 0042'),
(43, '3613 2822 6527', '0000 0043'),
(44, '7134 3629 3597', '0000 0044'),
(45, '4961 1354 4318', '0000 0045'),
(46, '2217 1111 8999', '0000 0046'),
(47, '5742 3455 2968', '0000 0047'),
(48, '5652 8741 7496', '0000 0048'),
(49, '8142 5469 8663', '0000 0049'),
(50, '1722 9578 5279', '0000 0050'),
(51, '9753 7593 2857', '0000 0051'),
(52, '1653 2831 7623', '0000 0052'),
(53, '5146 5129 7962', '0000 0053'),
(54, '1947 4356 7211', '0000 0054'),
(55, '2657 1974 8349', '0000 0055'),
(56, '8896 7822 7827', '0000 0056'),
(57, '8889 7567 3696', '0000 0057'),
(58, '3181 5936 3278', '0000 0058'),
(59, '7882 2452 9256', '0000 0059'),
(60, '2238 3521 7638', '0000 0060'),
(61, '8984 9931 4767', '0000 0061'),
(62, '6699 1443 7781', '0000 0062'),
(63, '3328 8799 7181', '0000 0063'),
(64, '3976 6334 8421', '0000 0064'),
(65, '8865 8211 1766', '0000 0065'),
(66, '3298 5815 5295', '0000 0066'),
(67, '5489 5619 6994', '0000 0067'),
(68, '8561 4627 5816', '0000 0068'),
(69, '5263 6951 3852', '0000 0069'),
(70, '3772 4668 7342', '0000 0070'),
(71, '6343 4775 1355', '0000 0071'),
(72, '2871 5113 3766', '0000 0072'),
(73, '5287 3356 3664', '0000 0073'),
(74, '4382 2456 1653', '0000 0074'),
(75, '6472 2117 6697', '0000 0075'),
(76, '5479 7281 3862', '0000 0076'),
(77, '9174 9747 4238', '0000 0077'),
(78, '3548 5643 5748', '0000 0078'),
(79, '5925 1618 6417', '0000 0079'),
(80, '5237 3255 2496', '0000 0080'),
(81, '2142 5949 9476', '0000 0081'),
(82, '3937 4633 1273', '0000 0082'),
(83, '6842 5391 6195', '0000 0083'),
(84, '3283 7979 2231', '0000 0084'),
(85, '7871 4623 9293', '0000 0085'),
(86, '4271 2439 6537', '0000 0086'),
(87, '7634 4687 2492', '0000 0087'),
(88, '1438 7951 2356', '0000 0088'),
(89, '8794 3578 9941', '0000 0089'),
(90, '7624 5528 1365', '0000 0090'),
(91, '9148 2574 4891', '0000 0091'),
(92, '1198 1513 1651', '0000 0092'),
(93, '1214 5488 5435', '0000 0093'),
(94, '6865 4134 3835', '0000 0094'),
(95, '5684 6497 5856', '0000 0095'),
(96, '7461 9556 4883', '0000 0096'),
(97, '2358 2794 6847', '0000 0097'),
(98, '8458 8417 8189', '0000 0098'),
(99, '4791 9798 7346', '0000 0099'),
(100, '1168 6978 7463', '0000 0100'),
(101, '3464 5356 1755', '0000 0101'),
(102, '7382 7539 5227', '0000 0102'),
(103, '6266 3843 1856', '0000 0103'),
(104, '1355 2518 4161', '0000 0104'),
(105, '8741 7173 9778', '0000 0105'),
(106, '2861 4619 9764', '0000 0106'),
(107, '6247 5291 8595', '0000 0107'),
(108, '2149 9991 5888', '0000 0108'),
(109, '9152 8813 8879', '0000 0109'),
(110, '1154 3872 7493', '0000 0110'),
(111, '7466 4438 4727', '0000 0111'),
(112, '5147 8531 3954', '0000 0112'),
(113, '8573 1386 1792', '0000 0113'),
(114, '9517 7857 8892', '0000 0114'),
(115, '7959 9243 6435', '0000 0115'),
(116, '7595 3277 1738', '0000 0116'),
(117, '8436 1727 6629', '0000 0117'),
(118, '9951 4856 3189', '0000 0118'),
(119, '3334 1616 2846', '0000 0119'),
(120, '7416 7557 3813', '0000 0120'),
(121, '6331 7659 6878', '0000 0121'),
(122, '1989 5673 6577', '0000 0122'),
(123, '2668 9186 8345', '0000 0123'),
(124, '9913 4776 2684', '0000 0124'),
(125, '3543 4264 2298', '0000 0125'),
(126, '8825 5996 6965', '0000 0126'),
(127, '2815 5293 7883', '0000 0127'),
(128, '1339 2482 5358', '0000 0128'),
(129, '1262 1397 9914', '0000 0129'),
(130, '7253 7912 8953', '0000 0130'),
(131, '3465 5737 5778', '0000 0131'),
(132, '7772 6741 3863', '0000 0132'),
(133, '9696 7113 6326', '0000 0133'),
(134, '2777 4534 8319', '0000 0134'),
(135, '4582 7215 7721', '0000 0135'),
(136, '3444 7327 9284', '0000 0136'),
(137, '9981 3665 8131', '0000 0137'),
(138, '2236 9963 5962', '0000 0138'),
(139, '8187 5339 2415', '0000 0139'),
(140, '2941 1146 5353', '0000 0140'),
(141, '8688 2425 9265', '0000 0141'),
(142, '6222 5913 2999', '0000 0142'),
(143, '1779 3646 9325', '0000 0143'),
(144, '2177 3297 3655', '0000 0144'),
(145, '9813 8362 7555', '0000 0145'),
(146, '7217 8819 4338', '0000 0146'),
(147, '7437 1456 5111', '0000 0147'),
(148, '1272 5889 1221', '0000 0148'),
(149, '2647 5453 6975', '0000 0149'),
(150, '2779 9535 3534', '0000 0150'),
(151, '2362 9451 3822', '0000 0151'),
(152, '7782 1411 2963', '0000 0152'),
(153, '2688 4834 2844', '0000 0153'),
(154, '7421 5252 9927', '0000 0154'),
(155, '3359 2736 5923', '0000 0155'),
(156, '4149 1925 7762', '0000 0156'),
(157, '2469 8549 5644', '0000 0157'),
(158, '1668 3425 1184', '0000 0158'),
(159, '9662 8644 9222', '0000 0159'),
(160, '6221 5198 8871', '0000 0160'),
(161, '3514 1157 3125', '0000 0161'),
(162, '3276 6313 4238', '0000 0162'),
(163, '9895 7378 6846', '0000 0163'),
(164, '9863 4389 5735', '0000 0164'),
(165, '3865 1159 7948', '0000 0165'),
(166, '2792 8586 2961', '0000 0166'),
(167, '7347 2961 2741', '0000 0167'),
(168, '4327 4675 7699', '0000 0168'),
(169, '2484 4142 1446', '0000 0169'),
(170, '8238 7727 5541', '0000 0170'),
(171, '7375 1413 4689', '0000 0171'),
(172, '6768 4491 3785', '0000 0172'),
(173, '4714 6357 4878', '0000 0173'),
(174, '6512 4118 4681', '0000 0174'),
(175, '6212 5192 4862', '0000 0175'),
(176, '7378 8397 8127', '0000 0176'),
(177, '7834 1287 2576', '0000 0177'),
(178, '9275 9819 7943', '0000 0178'),
(179, '3965 8416 1792', '0000 0179'),
(180, '5862 7949 5142', '0000 0180'),
(181, '8167 8927 7458', '0000 0181'),
(182, '6966 4158 6168', '0000 0182'),
(183, '4796 7653 9458', '0000 0183'),
(184, '2129 4931 2958', '0000 0184'),
(185, '5778 7535 9543', '0000 0185'),
(186, '8791 5817 5822', '0000 0186'),
(187, '9928 6428 4415', '0000 0187'),
(188, '4227 4937 9762', '0000 0188'),
(189, '9387 7188 8571', '0000 0189'),
(190, '4878 3411 9932', '0000 0190'),
(191, '8411 5645 3928', '0000 0191'),
(192, '6765 5643 4858', '0000 0192'),
(193, '6724 3985 6348', '0000 0193'),
(194, '7399 9951 6462', '0000 0194'),
(195, '7224 6617 3285', '0000 0195'),
(196, '6644 5178 1179', '0000 0196'),
(197, '5443 4845 9542', '0000 0197'),
(198, '2454 4445 9799', '0000 0198'),
(199, '2459 2416 4845', '0000 0199'),
(200, '8454 3411 6398', '0000 0200');

-- --------------------------------------------------------

--
-- Table structure for table `pin_numbers`
--

CREATE TABLE `pin_numbers` (
  `pin_number_id` int(10) UNSIGNED NOT NULL,
  `pin_number` varchar(20) COLLATE utf8_unicode_ci NOT NULL,
  `serial_number` varchar(20) COLLATE utf8_unicode_ci NOT NULL,
  `status` smallint(5) UNSIGNED NOT NULL DEFAULT '1',
  `created_at` timestamp NULL DEFAULT NULL,
  `updated_at` timestamp NULL DEFAULT NULL
) ENGINE=InnoDB DEFAULT CHARSET=utf8 COLLATE=utf8_unicode_ci;

--
-- Dumping data for table `pin_numbers`
--

INSERT INTO `pin_numbers` (`pin_number_id`, `pin_number`, `serial_number`, `status`, `created_at`, `updated_at`) VALUES
(1, '1166 9628 4229', '0000 0001', 1, '2016-11-24 03:04:55', '2016-11-24 03:04:55'),
(2, '9499 2527 3971', '0000 0002', 1, '2016-11-24 03:04:55', '2016-11-24 03:04:55'),
(3, '7222 8617 6378', '0000 0003', 1, '2016-11-24 03:04:55', '2016-11-24 03:04:55'),
(4, '6563 3967 4581', '0000 0004', 0, '2016-11-24 03:04:55', '2016-11-27 16:46:52'),
(5, '3853 3785 1888', '0000 0005', 1, '2016-11-24 03:04:55', '2016-11-27 14:47:36'),
(6, '2841 3542 1354', '0000 0006', 1, '2016-11-24 03:04:55', '2016-11-24 03:04:55'),
(7, '4686 8226 9977', '0000 0007', 1, '2016-11-24 03:04:55', '2016-11-24 03:04:55'),
(8, '2345 7135 5297', '0000 0008', 1, '2016-11-24 03:04:55', '2016-11-24 03:04:55'),
(9, '5853 8893 1918', '0000 0009', 1, '2016-11-24 03:04:55', '2016-11-24 03:04:55'),
(10, '1742 5737 4319', '0000 0010', 1, '2016-11-24 03:04:55', '2016-11-24 03:04:55'),
(11, '3977 6755 3379', '0000 0011', 1, '2016-11-24 03:04:55', '2016-11-24 03:04:55'),
(12, '8726 3975 4376', '0000 0012', 1, '2016-11-24 03:04:55', '2016-11-24 03:04:55'),
(13, '9358 1719 9637', '0000 0013', 1, '2016-11-24 03:04:55', '2016-11-24 03:04:55'),
(14, '3728 1648 4541', '0000 0014', 1, '2016-11-24 03:04:55', '2016-11-24 03:04:55'),
(15, '1656 8271 6995', '0000 0015', 1, '2016-11-24 03:04:55', '2016-11-24 03:04:55'),
(16, '4952 3253 9195', '0000 0016', 1, '2016-11-24 03:04:55', '2016-11-24 03:04:55'),
(17, '8419 1274 3268', '0000 0017', 1, '2016-11-24 03:04:55', '2016-11-24 03:04:55'),
(18, '9614 5584 1511', '0000 0018', 1, '2016-11-24 03:04:55', '2016-11-24 03:04:55'),
(19, '6287 4365 5649', '0000 0019', 1, '2016-11-24 03:04:55', '2016-11-24 03:04:55'),
(20, '8761 9542 5568', '0000 0020', 1, '2016-11-24 03:04:55', '2016-11-24 03:04:55'),
(21, '9392 8742 7919', '0000 0021', 1, '2016-11-24 03:04:55', '2016-11-24 03:04:55'),
(22, '7569 2197 5581', '0000 0022', 1, '2016-11-24 03:04:55', '2016-11-24 03:04:55'),
(23, '4653 2594 9762', '0000 0023', 1, '2016-11-24 03:04:55', '2016-11-24 03:04:55'),
(24, '5437 2643 6683', '0000 0024', 1, '2016-11-24 03:04:55', '2016-11-24 03:04:55'),
(25, '7223 4355 5995', '0000 0025', 1, '2016-11-24 03:04:55', '2016-11-24 03:04:55'),
(26, '3337 4357 2123', '0000 0026', 1, '2016-11-24 03:04:55', '2016-11-24 03:04:55'),
(27, '9159 2169 9242', '0000 0027', 1, '2016-11-24 03:04:55', '2016-11-24 03:04:55'),
(28, '6576 9711 5467', '0000 0028', 1, '2016-11-24 03:04:55', '2016-11-24 03:04:55'),
(29, '2457 4615 1142', '0000 0029', 1, '2016-11-24 03:04:55', '2016-11-24 03:04:55'),
(30, '8731 5529 5358', '0000 0030', 1, '2016-11-24 03:04:55', '2016-11-24 03:04:55'),
(31, '8189 9263 1864', '0000 0031', 1, '2016-11-24 03:04:55', '2016-11-24 03:04:55'),
(32, '9376 4379 1154', '0000 0032', 1, '2016-11-24 03:04:55', '2016-11-24 03:04:55'),
(33, '8341 5899 9992', '0000 0033', 1, '2016-11-24 03:04:55', '2016-11-24 03:04:55'),
(34, '3747 4925 1916', '0000 0034', 1, '2016-11-24 03:04:55', '2016-11-24 03:04:55'),
(35, '2625 6641 1675', '0000 0035', 1, '2016-11-24 03:04:55', '2016-11-24 03:04:55'),
(36, '2756 8197 3841', '0000 0036', 1, '2016-11-24 03:04:55', '2016-11-24 03:04:55'),
(37, '5471 5259 6146', '0000 0037', 1, '2016-11-24 03:04:55', '2016-11-24 03:04:55'),
(38, '9761 6682 9498', '0000 0038', 1, '2016-11-24 03:04:55', '2016-11-24 03:04:55'),
(39, '6157 3893 9879', '0000 0039', 1, '2016-11-24 03:04:55', '2016-11-24 03:04:55'),
(40, '5866 2359 6444', '0000 0040', 1, '2016-11-24 03:04:55', '2016-11-24 03:04:55'),
(41, '2924 4425 4454', '0000 0041', 1, '2016-11-24 03:04:55', '2016-11-24 03:04:55'),
(42, '9832 6537 9339', '0000 0042', 1, '2016-11-24 03:04:55', '2016-11-24 03:04:55'),
(43, '3613 2822 6527', '0000 0043', 1, '2016-11-24 03:04:55', '2016-11-24 03:04:55'),
(44, '7134 3629 3597', '0000 0044', 1, '2016-11-24 03:04:55', '2016-11-24 03:04:55'),
(45, '4961 1354 4318', '0000 0045', 1, '2016-11-24 03:04:55', '2016-11-24 03:04:55'),
(46, '2217 1111 8999', '0000 0046', 1, '2016-11-24 03:04:55', '2016-11-24 03:04:55'),
(47, '5742 3455 2968', '0000 0047', 1, '2016-11-24 03:04:55', '2016-11-24 03:04:55'),
(48, '5652 8741 7496', '0000 0048', 1, '2016-11-24 03:04:55', '2016-11-24 03:04:55'),
(49, '8142 5469 8663', '0000 0049', 1, '2016-11-24 03:04:55', '2016-11-24 03:04:55'),
(50, '1722 9578 5279', '0000 0050', 1, '2016-11-24 03:04:55', '2016-11-24 03:04:55'),
(51, '9753 7593 2857', '0000 0051', 1, '2016-11-24 03:04:55', '2016-11-24 03:04:55'),
(52, '1653 2831 7623', '0000 0052', 1, '2016-11-24 03:04:55', '2016-11-24 03:04:55'),
(53, '5146 5129 7962', '0000 0053', 1, '2016-11-24 03:04:55', '2016-11-24 03:04:55'),
(54, '1947 4356 7211', '0000 0054', 1, '2016-11-24 03:04:55', '2016-11-24 03:04:55'),
(55, '2657 1974 8349', '0000 0055', 1, '2016-11-24 03:04:55', '2016-11-24 03:04:55'),
(56, '8896 7822 7827', '0000 0056', 1, '2016-11-24 03:04:55', '2016-11-24 03:04:55'),
(57, '8889 7567 3696', '0000 0057', 1, '2016-11-24 03:04:55', '2016-11-24 03:04:55'),
(58, '3181 5936 3278', '0000 0058', 1, '2016-11-24 03:04:55', '2016-11-24 03:04:55'),
(59, '7882 2452 9256', '0000 0059', 1, '2016-11-24 03:04:55', '2016-11-24 03:04:55'),
(60, '2238 3521 7638', '0000 0060', 1, '2016-11-24 03:04:55', '2016-11-24 03:04:55'),
(61, '8984 9931 4767', '0000 0061', 1, '2016-11-24 03:04:55', '2016-11-24 03:04:55'),
(62, '6699 1443 7781', '0000 0062', 1, '2016-11-24 03:04:55', '2016-11-24 03:04:55'),
(63, '3328 8799 7181', '0000 0063', 1, '2016-11-24 03:04:55', '2016-11-24 03:04:55'),
(64, '3976 6334 8421', '0000 0064', 1, '2016-11-24 03:04:55', '2016-11-24 03:04:55'),
(65, '8865 8211 1766', '0000 0065', 1, '2016-11-24 03:04:55', '2016-11-24 03:04:55'),
(66, '3298 5815 5295', '0000 0066', 1, '2016-11-24 03:04:55', '2016-11-24 03:04:55'),
(67, '5489 5619 6994', '0000 0067', 1, '2016-11-24 03:04:55', '2016-11-24 03:04:55'),
(68, '8561 4627 5816', '0000 0068', 1, '2016-11-24 03:04:55', '2016-11-24 03:04:55'),
(69, '5263 6951 3852', '0000 0069', 1, '2016-11-24 03:04:55', '2016-11-24 03:04:55'),
(70, '3772 4668 7342', '0000 0070', 1, '2016-11-24 03:04:55', '2016-11-24 03:04:55'),
(71, '6343 4775 1355', '0000 0071', 1, '2016-11-24 03:04:55', '2016-11-24 03:04:55'),
(72, '2871 5113 3766', '0000 0072', 1, '2016-11-24 03:04:55', '2016-11-24 03:04:55'),
(73, '5287 3356 3664', '0000 0073', 1, '2016-11-24 03:04:55', '2016-11-24 03:04:55'),
(74, '4382 2456 1653', '0000 0074', 1, '2016-11-24 03:04:55', '2016-11-24 03:04:55'),
(75, '6472 2117 6697', '0000 0075', 1, '2016-11-24 03:04:55', '2016-11-24 03:04:55'),
(76, '5479 7281 3862', '0000 0076', 1, '2016-11-24 03:04:55', '2016-11-24 03:04:55'),
(77, '9174 9747 4238', '0000 0077', 1, '2016-11-24 03:04:55', '2016-11-24 03:04:55'),
(78, '3548 5643 5748', '0000 0078', 1, '2016-11-24 03:04:55', '2016-11-24 03:04:55'),
(79, '5925 1618 6417', '0000 0079', 1, '2016-11-24 03:04:55', '2016-11-24 03:04:55'),
(80, '5237 3255 2496', '0000 0080', 1, '2016-11-24 03:04:55', '2016-11-24 03:04:55'),
(81, '2142 5949 9476', '0000 0081', 1, '2016-11-24 03:04:55', '2016-11-24 03:04:55'),
(82, '3937 4633 1273', '0000 0082', 1, '2016-11-24 03:04:55', '2016-11-24 03:04:55'),
(83, '6842 5391 6195', '0000 0083', 1, '2016-11-24 03:04:55', '2016-11-24 03:04:55'),
(84, '3283 7979 2231', '0000 0084', 1, '2016-11-24 03:04:55', '2016-11-24 03:04:55'),
(85, '7871 4623 9293', '0000 0085', 1, '2016-11-24 03:04:55', '2016-11-24 03:04:55'),
(86, '4271 2439 6537', '0000 0086', 1, '2016-11-24 03:04:55', '2016-11-24 03:04:55'),
(87, '7634 4687 2492', '0000 0087', 1, '2016-11-24 03:04:55', '2016-11-24 03:04:55'),
(88, '1438 7951 2356', '0000 0088', 1, '2016-11-24 03:04:55', '2016-11-24 03:04:55'),
(89, '8794 3578 9941', '0000 0089', 1, '2016-11-24 03:04:55', '2016-11-24 03:04:55'),
(90, '7624 5528 1365', '0000 0090', 1, '2016-11-24 03:04:55', '2016-11-24 03:04:55'),
(91, '9148 2574 4891', '0000 0091', 1, '2016-11-24 03:04:55', '2016-11-24 03:04:55'),
(92, '1198 1513 1651', '0000 0092', 1, '2016-11-24 03:04:55', '2016-11-24 03:04:55'),
(93, '1214 5488 5435', '0000 0093', 1, '2016-11-24 03:04:55', '2016-11-24 03:04:55'),
(94, '6865 4134 3835', '0000 0094', 1, '2016-11-24 03:04:55', '2016-11-24 03:04:55'),
(95, '5684 6497 5856', '0000 0095', 1, '2016-11-24 03:04:55', '2016-11-24 03:04:55'),
(96, '7461 9556 4883', '0000 0096', 1, '2016-11-24 03:04:55', '2016-11-24 03:04:55'),
(97, '2358 2794 6847', '0000 0097', 1, '2016-11-24 03:04:55', '2016-11-24 03:04:55'),
(98, '8458 8417 8189', '0000 0098', 1, '2016-11-24 03:04:55', '2016-11-24 03:04:55'),
(99, '4791 9798 7346', '0000 0099', 1, '2016-11-24 03:04:55', '2016-11-24 03:04:55'),
(100, '1168 6978 7463', '0000 0100', 1, '2016-11-24 03:04:55', '2016-11-24 03:04:55'),
(101, '3464 5356 1755', '0000 0101', 1, '2016-11-24 03:04:55', '2016-11-24 03:04:55'),
(102, '7382 7539 5227', '0000 0102', 1, '2016-11-24 03:04:55', '2016-11-24 03:04:55'),
(103, '6266 3843 1856', '0000 0103', 1, '2016-11-24 03:04:55', '2016-11-24 03:04:55'),
(104, '1355 2518 4161', '0000 0104', 1, '2016-11-24 03:04:55', '2016-11-24 03:04:55'),
(105, '8741 7173 9778', '0000 0105', 1, '2016-11-24 03:04:55', '2016-11-24 03:04:55'),
(106, '2861 4619 9764', '0000 0106', 1, '2016-11-24 03:04:55', '2016-11-24 03:04:55'),
(107, '6247 5291 8595', '0000 0107', 1, '2016-11-24 03:04:55', '2016-11-24 03:04:55'),
(108, '2149 9991 5888', '0000 0108', 1, '2016-11-24 03:04:56', '2016-11-24 03:04:56'),
(109, '9152 8813 8879', '0000 0109', 1, '2016-11-24 03:04:56', '2016-11-24 03:04:56'),
(110, '1154 3872 7493', '0000 0110', 1, '2016-11-24 03:04:56', '2016-11-24 03:04:56'),
(111, '7466 4438 4727', '0000 0111', 1, '2016-11-24 03:04:56', '2016-11-24 03:04:56'),
(112, '5147 8531 3954', '0000 0112', 1, '2016-11-24 03:04:56', '2016-11-24 03:04:56'),
(113, '8573 1386 1792', '0000 0113', 1, '2016-11-24 03:04:56', '2016-11-24 03:04:56'),
(114, '9517 7857 8892', '0000 0114', 1, '2016-11-24 03:04:56', '2016-11-24 03:04:56'),
(115, '7959 9243 6435', '0000 0115', 1, '2016-11-24 03:04:56', '2016-11-24 03:04:56'),
(116, '7595 3277 1738', '0000 0116', 1, '2016-11-24 03:04:56', '2016-11-24 03:04:56'),
(117, '8436 1727 6629', '0000 0117', 1, '2016-11-24 03:04:56', '2016-11-24 03:04:56'),
(118, '9951 4856 3189', '0000 0118', 1, '2016-11-24 03:04:56', '2016-11-24 03:04:56'),
(119, '3334 1616 2846', '0000 0119', 1, '2016-11-24 03:04:56', '2016-11-24 03:04:56'),
(120, '7416 7557 3813', '0000 0120', 1, '2016-11-24 03:04:56', '2016-11-24 03:04:56'),
(121, '6331 7659 6878', '0000 0121', 1, '2016-11-24 03:04:56', '2016-11-24 03:04:56'),
(122, '1989 5673 6577', '0000 0122', 1, '2016-11-24 03:04:56', '2016-11-24 03:04:56'),
(123, '2668 9186 8345', '0000 0123', 1, '2016-11-24 03:04:56', '2016-11-24 03:04:56'),
(124, '9913 4776 2684', '0000 0124', 1, '2016-11-24 03:04:56', '2016-11-24 03:04:56'),
(125, '3543 4264 2298', '0000 0125', 1, '2016-11-24 03:04:56', '2016-11-24 03:04:56'),
(126, '8825 5996 6965', '0000 0126', 1, '2016-11-24 03:04:56', '2016-11-24 03:04:56'),
(127, '2815 5293 7883', '0000 0127', 1, '2016-11-24 03:04:56', '2016-11-24 03:04:56'),
(128, '1339 2482 5358', '0000 0128', 1, '2016-11-24 03:04:56', '2016-11-24 03:04:56'),
(129, '1262 1397 9914', '0000 0129', 1, '2016-11-24 03:04:56', '2016-11-24 03:04:56'),
(130, '7253 7912 8953', '0000 0130', 1, '2016-11-24 03:04:56', '2016-11-24 03:04:56'),
(131, '3465 5737 5778', '0000 0131', 1, '2016-11-24 03:04:56', '2016-11-24 03:04:56'),
(132, '7772 6741 3863', '0000 0132', 1, '2016-11-24 03:04:56', '2016-11-24 03:04:56'),
(133, '9696 7113 6326', '0000 0133', 1, '2016-11-24 03:04:56', '2016-11-24 03:04:56'),
(134, '2777 4534 8319', '0000 0134', 1, '2016-11-24 03:04:56', '2016-11-24 03:04:56'),
(135, '4582 7215 7721', '0000 0135', 1, '2016-11-24 03:04:56', '2016-11-24 03:04:56'),
(136, '3444 7327 9284', '0000 0136', 1, '2016-11-24 03:04:56', '2016-11-24 03:04:56'),
(137, '9981 3665 8131', '0000 0137', 1, '2016-11-24 03:04:56', '2016-11-24 03:04:56'),
(138, '2236 9963 5962', '0000 0138', 1, '2016-11-24 03:04:56', '2016-11-24 03:04:56'),
(139, '8187 5339 2415', '0000 0139', 1, '2016-11-24 03:04:56', '2016-11-24 03:04:56'),
(140, '2941 1146 5353', '0000 0140', 1, '2016-11-24 03:04:56', '2016-11-24 03:04:56'),
(141, '8688 2425 9265', '0000 0141', 1, '2016-11-24 03:04:56', '2016-11-24 03:04:56'),
(142, '6222 5913 2999', '0000 0142', 1, '2016-11-24 03:04:56', '2016-11-24 03:04:56'),
(143, '1779 3646 9325', '0000 0143', 1, '2016-11-24 03:04:56', '2016-11-24 03:04:56'),
(144, '2177 3297 3655', '0000 0144', 1, '2016-11-24 03:04:56', '2016-11-24 03:04:56'),
(145, '9813 8362 7555', '0000 0145', 1, '2016-11-24 03:04:56', '2016-11-24 03:04:56'),
(146, '7217 8819 4338', '0000 0146', 1, '2016-11-24 03:04:56', '2016-11-24 03:04:56'),
(147, '7437 1456 5111', '0000 0147', 1, '2016-11-24 03:04:56', '2016-11-24 03:04:56'),
(148, '1272 5889 1221', '0000 0148', 1, '2016-11-24 03:04:56', '2016-11-24 03:04:56'),
(149, '2647 5453 6975', '0000 0149', 1, '2016-11-24 03:04:56', '2016-11-24 03:04:56'),
(150, '2779 9535 3534', '0000 0150', 1, '2016-11-24 03:04:56', '2016-11-24 03:04:56'),
(151, '2362 9451 3822', '0000 0151', 1, '2016-11-24 03:04:56', '2016-11-24 03:04:56'),
(152, '7782 1411 2963', '0000 0152', 1, '2016-11-24 03:04:56', '2016-11-24 03:04:56'),
(153, '2688 4834 2844', '0000 0153', 1, '2016-11-24 03:04:56', '2016-11-24 03:04:56'),
(154, '7421 5252 9927', '0000 0154', 1, '2016-11-24 03:04:56', '2016-11-24 03:04:56'),
(155, '3359 2736 5923', '0000 0155', 1, '2016-11-24 03:04:56', '2016-11-24 03:04:56'),
(156, '4149 1925 7762', '0000 0156', 1, '2016-11-24 03:04:56', '2016-11-24 03:04:56'),
(157, '2469 8549 5644', '0000 0157', 1, '2016-11-24 03:04:56', '2016-11-24 03:04:56'),
(158, '1668 3425 1184', '0000 0158', 1, '2016-11-24 03:04:56', '2016-11-24 03:04:56'),
(159, '9662 8644 9222', '0000 0159', 1, '2016-11-24 03:04:56', '2016-11-24 03:04:56'),
(160, '6221 5198 8871', '0000 0160', 1, '2016-11-24 03:04:56', '2016-11-24 03:04:56'),
(161, '3514 1157 3125', '0000 0161', 1, '2016-11-24 03:04:56', '2016-11-24 03:04:56'),
(162, '3276 6313 4238', '0000 0162', 1, '2016-11-24 03:04:56', '2016-11-24 03:04:56'),
(163, '9895 7378 6846', '0000 0163', 1, '2016-11-24 03:04:56', '2016-11-24 03:04:56'),
(164, '9863 4389 5735', '0000 0164', 1, '2016-11-24 03:04:56', '2016-11-24 03:04:56'),
(165, '3865 1159 7948', '0000 0165', 1, '2016-11-24 03:04:56', '2016-11-24 03:04:56'),
(166, '2792 8586 2961', '0000 0166', 1, '2016-11-24 03:04:56', '2016-11-24 03:04:56'),
(167, '7347 2961 2741', '0000 0167', 1, '2016-11-24 03:04:56', '2016-11-24 03:04:56'),
(168, '4327 4675 7699', '0000 0168', 1, '2016-11-24 03:04:56', '2016-11-24 03:04:56'),
(169, '2484 4142 1446', '0000 0169', 1, '2016-11-24 03:04:56', '2016-11-24 03:04:56'),
(170, '8238 7727 5541', '0000 0170', 1, '2016-11-24 03:04:56', '2016-11-24 03:04:56'),
(171, '7375 1413 4689', '0000 0171', 1, '2016-11-24 03:04:56', '2016-11-24 03:04:56'),
(172, '6768 4491 3785', '0000 0172', 1, '2016-11-24 03:04:56', '2016-11-24 03:04:56'),
(173, '4714 6357 4878', '0000 0173', 1, '2016-11-24 03:04:56', '2016-11-24 03:04:56'),
(174, '6512 4118 4681', '0000 0174', 1, '2016-11-24 03:04:56', '2016-11-24 03:04:56'),
(175, '6212 5192 4862', '0000 0175', 1, '2016-11-24 03:04:56', '2016-11-24 03:04:56'),
(176, '7378 8397 8127', '0000 0176', 1, '2016-11-24 03:04:56', '2016-11-24 03:04:56'),
(177, '7834 1287 2576', '0000 0177', 1, '2016-11-24 03:04:56', '2016-11-24 03:04:56'),
(178, '9275 9819 7943', '0000 0178', 1, '2016-11-24 03:04:56', '2016-11-24 03:04:56'),
(179, '3965 8416 1792', '0000 0179', 1, '2016-11-24 03:04:56', '2016-11-24 03:04:56'),
(180, '5862 7949 5142', '0000 0180', 1, '2016-11-24 03:04:56', '2016-11-24 03:04:56'),
(181, '8167 8927 7458', '0000 0181', 1, '2016-11-24 03:04:56', '2016-11-24 03:04:56'),
(182, '6966 4158 6168', '0000 0182', 1, '2016-11-24 03:04:56', '2016-11-24 03:04:56'),
(183, '4796 7653 9458', '0000 0183', 1, '2016-11-24 03:04:56', '2016-11-24 03:04:56'),
(184, '2129 4931 2958', '0000 0184', 1, '2016-11-24 03:04:56', '2016-11-24 03:04:56'),
(185, '5778 7535 9543', '0000 0185', 1, '2016-11-24 03:04:56', '2016-11-24 03:04:56'),
(186, '8791 5817 5822', '0000 0186', 1, '2016-11-24 03:04:56', '2016-11-24 03:04:56'),
(187, '9928 6428 4415', '0000 0187', 1, '2016-11-24 03:04:56', '2016-11-24 03:04:56'),
(188, '4227 4937 9762', '0000 0188', 1, '2016-11-24 03:04:56', '2016-11-24 03:04:56'),
(189, '9387 7188 8571', '0000 0189', 1, '2016-11-24 03:04:56', '2016-11-24 03:04:56'),
(190, '4878 3411 9932', '0000 0190', 1, '2016-11-24 03:04:56', '2016-11-24 03:04:56'),
(191, '8411 5645 3928', '0000 0191', 1, '2016-11-24 03:04:56', '2016-11-24 03:04:56'),
(192, '6765 5643 4858', '0000 0192', 1, '2016-11-24 03:04:56', '2016-11-24 03:04:56'),
(193, '6724 3985 6348', '0000 0193', 1, '2016-11-24 03:04:56', '2016-11-24 03:04:56'),
(194, '7399 9951 6462', '0000 0194', 1, '2016-11-24 03:04:56', '2016-11-24 03:04:56'),
(195, '7224 6617 3285', '0000 0195', 1, '2016-11-24 03:04:56', '2016-11-24 03:04:56'),
(196, '6644 5178 1179', '0000 0196', 1, '2016-11-24 03:04:56', '2016-11-24 03:04:56'),
(197, '5443 4845 9542', '0000 0197', 1, '2016-11-24 03:04:56', '2016-11-24 03:04:56'),
(198, '2454 4445 9799', '0000 0198', 1, '2016-11-24 03:04:56', '2016-11-24 03:04:56'),
(199, '2459 2416 4845', '0000 0199', 1, '2016-11-24 03:04:56', '2016-11-24 03:04:56'),
(200, '8454 3411 6398', '0000 0200', 1, '2016-11-24 03:04:56', '2016-11-24 03:04:56');

-- --------------------------------------------------------

--
-- Table structure for table `remarks`
--

CREATE TABLE `remarks` (
  `remark_id` int(10) UNSIGNED NOT NULL,
  `class_teacher` varchar(255) COLLATE utf8_unicode_ci DEFAULT NULL,
  `principal` varchar(255) COLLATE utf8_unicode_ci DEFAULT NULL,
  `student_id` int(10) UNSIGNED NOT NULL,
  `academic_term_id` int(10) UNSIGNED NOT NULL,
  `user_id` int(10) UNSIGNED DEFAULT NULL,
  `created_at` timestamp NULL DEFAULT NULL,
  `updated_at` timestamp NULL DEFAULT NULL
) ENGINE=InnoDB DEFAULT CHARSET=utf8 COLLATE=utf8_unicode_ci;

-- --------------------------------------------------------

--
-- Table structure for table `result_checkers`
--

CREATE TABLE `result_checkers` (
  `result_checker_id` int(10) UNSIGNED NOT NULL,
  `student_id` int(10) UNSIGNED NOT NULL,
  `classroom_id` int(10) UNSIGNED NOT NULL,
  `academic_term_id` int(10) UNSIGNED NOT NULL,
  `pin_number_id` int(10) UNSIGNED NOT NULL,
  `created_at` timestamp NULL DEFAULT NULL,
  `updated_at` timestamp NULL DEFAULT NULL
) ENGINE=InnoDB DEFAULT CHARSET=utf8 COLLATE=utf8_unicode_ci;

-- --------------------------------------------------------

--
-- Table structure for table `roles`
--

CREATE TABLE `roles` (
  `role_id` int(10) UNSIGNED NOT NULL,
  `name` varchar(255) COLLATE utf8_unicode_ci NOT NULL,
  `display_name` varchar(255) COLLATE utf8_unicode_ci DEFAULT NULL,
  `description` varchar(255) COLLATE utf8_unicode_ci DEFAULT NULL,
  `user_type_id` int(10) UNSIGNED NOT NULL,
  `created_at` timestamp NULL DEFAULT NULL,
  `updated_at` timestamp NULL DEFAULT NULL
) ENGINE=InnoDB DEFAULT CHARSET=utf8 COLLATE=utf8_unicode_ci;

--
-- Dumping data for table `roles`
--

INSERT INTO `roles` (`role_id`, `name`, `display_name`, `description`, `user_type_id`, `created_at`, `updated_at`) VALUES
(1, 'developer', 'Developer', 'The software developer', 1, '2016-03-29 22:30:11', '2016-04-28 21:36:59'),
(2, 'super_admin', 'Super Admin', 'System Administrator', 2, '2016-03-30 09:51:57', '2016-04-28 22:33:03'),
(3, 'sponsor', 'Sponsor', 'Sponsor', 3, '2016-04-16 17:25:54', '2016-04-28 21:36:59'),
(4, 'staff', 'Staff', 'Staff', 4, '2016-04-16 17:25:54', '2016-04-28 21:36:59'),
(5, 'class_teacher', 'Class Teacher', 'Class Teacher', 4, '2016-12-07 19:31:43', '2016-12-07 19:31:43');

-- --------------------------------------------------------

--
-- Table structure for table `role_user`
--

CREATE TABLE `role_user` (
  `user_id` int(10) UNSIGNED NOT NULL,
  `role_id` int(10) UNSIGNED NOT NULL
) ENGINE=InnoDB DEFAULT CHARSET=utf8 COLLATE=utf8_unicode_ci;

--
-- Dumping data for table `role_user`
--

INSERT INTO `role_user` (`user_id`, `role_id`) VALUES
(1, 1),
(7, 2),
(129, 2),
(18, 3),
(19, 3),
(20, 3),
(21, 3),
(22, 3),
(23, 3),
(24, 3),
(25, 3),
(26, 3),
(27, 3),
(28, 3),
(29, 3),
(30, 3),
(31, 3),
(32, 3),
(33, 3),
(34, 3),
(35, 3),
(36, 3),
(37, 3),
(38, 3),
(39, 3),
(40, 3),
(41, 3),
(42, 3),
(43, 3),
(44, 3),
(45, 3),
(46, 3),
(47, 3),
(48, 3),
(49, 3),
(50, 3),
(51, 3),
(52, 3),
(53, 3),
(54, 3),
(55, 3),
(56, 3),
(57, 3),
(58, 3),
(59, 3),
(60, 3),
(61, 3),
(62, 3),
(63, 3),
(64, 3),
(65, 3),
(66, 3),
(67, 3),
(68, 3),
(69, 3),
(70, 3),
(71, 3),
(72, 3),
(73, 3),
(74, 3),
(75, 3),
(76, 3),
(77, 3),
(78, 3),
(79, 3),
(80, 3),
(81, 3),
(82, 3),
(83, 3),
(84, 3),
(85, 3),
(86, 3),
(87, 3),
(88, 3),
(89, 3),
(90, 3),
(91, 3),
(92, 3),
(93, 3),
(94, 3),
(95, 3),
(96, 3),
(97, 3),
(98, 3),
(99, 3),
(100, 3),
(101, 3),
(102, 3),
(103, 3),
(104, 3),
(105, 3),
(106, 3),
(107, 3),
(108, 3),
(109, 3),
(110, 3),
(111, 3),
(112, 3),
(113, 3),
(114, 3),
(115, 3),
(116, 3),
(117, 3),
(118, 3),
(119, 3),
(120, 3),
(121, 3),
(126, 3),
(127, 3),
(128, 3),
(131, 3),
(132, 3),
(133, 3),
(134, 3),
(135, 3),
(136, 3),
(137, 3),
(138, 3),
(139, 3),
(140, 3),
(141, 3),
(142, 3),
(143, 3),
(144, 3),
(145, 3),
(146, 3),
(147, 3),
(148, 3),
(149, 3),
(150, 3),
(151, 3),
(152, 3),
(153, 3),
(154, 3),
(155, 3),
(156, 3),
(157, 3),
(158, 3),
(159, 3),
(160, 3),
(161, 3),
(162, 3),
(163, 3),
(164, 3),
(165, 3),
(166, 3),
(169, 3),
(170, 3),
(2, 4),
(3, 4),
(4, 4),
(5, 4),
(6, 4),
(8, 4),
(9, 4),
(10, 4),
(11, 4),
(12, 4),
(13, 4),
(14, 4),
(15, 4),
(16, 4),
(17, 4),
(122, 4),
(123, 4),
(124, 4),
(125, 4),
(130, 4),
(167, 4),
(168, 4),
(2, 5),
(3, 5),
(4, 5),
(6, 5),
(12, 5),
(15, 5),
(130, 5);

-- --------------------------------------------------------

--
-- Table structure for table `sponsors`
--

CREATE TABLE `sponsors` (
  `sponsor_id` int(10) UNSIGNED NOT NULL,
  `sponsor_no` varchar(20) COLLATE utf8_unicode_ci NOT NULL,
  `first_name` varchar(150) COLLATE utf8_unicode_ci NOT NULL,
  `other_name` varchar(150) COLLATE utf8_unicode_ci NOT NULL,
  `email` varchar(150) COLLATE utf8_unicode_ci DEFAULT NULL,
  `dob` date DEFAULT NULL,
  `phone_no` varchar(20) COLLATE utf8_unicode_ci DEFAULT NULL,
  `phone_no2` varchar(20) COLLATE utf8_unicode_ci DEFAULT NULL,
  `address` text COLLATE utf8_unicode_ci,
  `lga_id` int(10) UNSIGNED DEFAULT NULL,
  `salutation_id` int(10) UNSIGNED DEFAULT NULL,
  `created_by` int(10) UNSIGNED NOT NULL,
  `created_at` timestamp NULL DEFAULT NULL,
  `updated_at` timestamp NULL DEFAULT NULL
) ENGINE=InnoDB DEFAULT CHARSET=utf8 COLLATE=utf8_unicode_ci;

-- --------------------------------------------------------

--
-- Table structure for table `staffs`
--

CREATE TABLE `staffs` (
  `staff_id` int(10) UNSIGNED NOT NULL,
  `staff_no` varchar(20) COLLATE utf8_unicode_ci NOT NULL,
  `first_name` varchar(50) COLLATE utf8_unicode_ci NOT NULL,
  `other_name` varchar(150) COLLATE utf8_unicode_ci NOT NULL,
  `email` varchar(150) COLLATE utf8_unicode_ci DEFAULT NULL,
  `dob` date DEFAULT NULL,
  `gender` varchar(10) COLLATE utf8_unicode_ci DEFAULT NULL,
  `phone_no` varchar(20) COLLATE utf8_unicode_ci DEFAULT NULL,
  `phone_no2` varchar(20) COLLATE utf8_unicode_ci DEFAULT NULL,
  `address` text COLLATE utf8_unicode_ci,
  `lga_id` int(10) UNSIGNED DEFAULT NULL,
  `salutation_id` int(10) UNSIGNED DEFAULT NULL,
  `user_id` int(11) NOT NULL,
  `created_by` int(10) UNSIGNED NOT NULL,
  `created_at` timestamp NULL DEFAULT NULL,
  `updated_at` timestamp NULL DEFAULT NULL
) ENGINE=InnoDB DEFAULT CHARSET=utf8 COLLATE=utf8_unicode_ci;

-- --------------------------------------------------------

--
-- Table structure for table `students`
--

CREATE TABLE `students` (
  `student_id` int(10) UNSIGNED NOT NULL,
  `first_name` varchar(50) COLLATE utf8_unicode_ci NOT NULL,
  `last_name` varchar(50) COLLATE utf8_unicode_ci NOT NULL,
  `middle_name` varchar(70) COLLATE utf8_unicode_ci DEFAULT NULL,
  `student_no` varchar(10) COLLATE utf8_unicode_ci DEFAULT NULL,
  `gender` varchar(10) COLLATE utf8_unicode_ci NOT NULL,
  `dob` date DEFAULT NULL,
  `avatar` varchar(255) COLLATE utf8_unicode_ci DEFAULT NULL,
  `address` text COLLATE utf8_unicode_ci,
  `sponsor_id` int(10) UNSIGNED NOT NULL,
  `classroom_id` int(10) UNSIGNED NOT NULL,
  `status_id` int(10) UNSIGNED NOT NULL DEFAULT '1',
  `admitted_term_id` int(10) UNSIGNED NOT NULL,
  `lga_id` int(10) UNSIGNED DEFAULT NULL,
  `created_by` int(10) UNSIGNED NOT NULL,
  `created_at` timestamp NULL DEFAULT NULL,
  `updated_at` timestamp NULL DEFAULT NULL
) ENGINE=InnoDB DEFAULT CHARSET=utf8 COLLATE=utf8_unicode_ci;

--
-- Dumping data for table `students`
--

INSERT INTO `students` (`student_id`, `first_name`, `last_name`, `middle_name`, `student_no`, `gender`, `dob`, `avatar`, `address`, `sponsor_id`, `classroom_id`, `status_id`, `admitted_term_id`, `lga_id`, `created_by`, `created_at`, `updated_at`) VALUES
(1, 'Chijioke', 'casmir', NULL, 'STD00001', 'Male', NULL, NULL, NULL, 62, 3, 1, 1, NULL, 2, '2016-05-31 15:04:09', '2016-10-18 16:05:39'),
(2, 'Omotoke', 'Elizabeth', NULL, 'STD00002', 'Female', NULL, NULL, NULL, 102, 3, 1, 1, NULL, 2, '2016-05-31 15:06:36', '2016-10-18 16:05:39'),
(4, 'Sharon', 'Ajoke', NULL, 'STD00004', 'Female', NULL, NULL, NULL, 54, 3, 1, 1, NULL, 2, '2016-05-31 15:34:39', '2016-10-18 16:05:39'),
(5, 'Stephanie', 'Uche', NULL, 'STD00005', 'Female', NULL, NULL, NULL, 74, 3, 1, 1, NULL, 2, '2016-05-31 15:36:08', '2016-10-18 16:05:39'),
(6, 'Naomi', 'Nkemjikam', NULL, 'STD00006', 'Female', NULL, NULL, NULL, 88, 3, 1, 1, NULL, 2, '2016-05-31 15:37:24', '2016-10-18 16:05:39'),
(7, 'Aanuoluwapo', 'Dorcas', NULL, 'STD00007', 'Female', NULL, NULL, NULL, 97, 3, 1, 1, NULL, 2, '2016-05-31 15:38:31', '2016-10-18 16:05:39'),
(8, 'Lauretta', 'Esther', NULL, 'STD00008', 'Female', NULL, NULL, NULL, 53, 0, 1, 1, NULL, 2, '2016-05-31 15:39:11', '2016-11-23 20:46:50'),
(9, 'wisdom', 'Chuibueze', NULL, 'STD00009', 'Male', NULL, NULL, NULL, 45, 3, 1, 1, NULL, 2, '2016-05-31 15:40:11', '2016-10-18 16:05:39'),
(10, 'Adebola', 'Favour', NULL, 'STD00010', 'Male', NULL, NULL, NULL, 21, 3, 1, 1, NULL, 2, '2016-05-31 15:41:15', '2016-10-18 16:05:39'),
(11, 'Eniola', 'Omotolani', NULL, 'STD00011', 'Female', NULL, NULL, NULL, 31, 6, 1, 1, NULL, 2, '2016-05-31 15:51:36', '2016-10-18 16:06:26'),
(12, 'Chiamaka', 'Blessing', NULL, 'STD00012', 'Female', NULL, NULL, NULL, 118, 6, 1, 1, NULL, 2, '2016-05-31 15:52:41', '2016-10-18 16:06:26'),
(13, 'Osamudiameh', 'Queen', NULL, 'STD00013', 'Female', NULL, NULL, NULL, 71, 6, 1, 1, NULL, 2, '2016-05-31 15:53:34', '2016-10-18 16:06:26'),
(14, 'Benita', 'Omola', '', 'STD00014', 'Female', NULL, NULL, '', 115, 6, 1, 1, 0, 2, '2016-05-31 16:05:20', '2016-11-24 19:38:05'),
(15, 'Chidozie', 'Ephraim', NULL, 'STD00015', 'Male', NULL, NULL, NULL, 75, 6, 1, 1, NULL, 2, '2016-05-31 16:07:17', '2016-10-18 16:06:26'),
(17, 'Amaka', 'Deborah', NULL, 'STD00017', 'Female', NULL, NULL, NULL, 82, 6, 1, 1, NULL, 2, '2016-05-31 16:08:41', '2016-10-18 16:06:26'),
(19, 'Ibukunoluwa', 'Folarin', NULL, 'STD00019', 'Male', NULL, NULL, NULL, 39, 6, 1, 1, NULL, 2, '2016-05-31 16:10:24', '2016-10-18 16:06:26'),
(20, 'Emmanuella', 'Ayomikun', NULL, 'STD00020', 'Female', NULL, NULL, NULL, 78, 4, 1, 1, NULL, 2, '2016-05-31 16:25:42', '2016-10-18 16:07:04'),
(21, 'Angela', 'Damilola', NULL, 'STD00021', 'Female', NULL, NULL, NULL, 109, 4, 1, 1, NULL, 2, '2016-05-31 16:26:59', '2016-10-18 16:07:04'),
(22, 'Adeolu', 'Peter', NULL, 'STD00022', 'Male', NULL, NULL, NULL, 79, 4, 1, 1, NULL, 2, '2016-05-31 16:45:38', '2016-10-18 16:07:04'),
(23, 'Damilola', 'Abdul-Samad', NULL, 'STD00023', 'Male', NULL, NULL, NULL, 28, 4, 1, 1, NULL, 2, '2016-05-31 16:47:24', '2016-10-18 16:07:04'),
(24, 'Esther', 'Anita', NULL, 'STD00024', 'Female', NULL, NULL, NULL, 96, 4, 1, 1, NULL, 2, '2016-05-31 16:48:11', '2016-10-18 16:07:04'),
(25, 'Ayobami', 'Felix', NULL, 'STD00025', 'Male', NULL, NULL, NULL, 42, 4, 1, 1, NULL, 2, '2016-05-31 16:49:01', '2016-10-18 16:07:04'),
(26, 'Chidera', 'Marvelous', NULL, 'STD00026', 'Male', NULL, NULL, NULL, 33, 4, 1, 1, NULL, 2, '2016-05-31 16:49:47', '2016-10-18 16:07:04'),
(27, 'Sarah', 'Oyinenche', NULL, 'STD00027', 'Female', NULL, NULL, NULL, 91, 4, 1, 1, NULL, 2, '2016-05-31 16:50:42', '2016-10-18 16:07:04'),
(28, 'Donald', 'Isioma', NULL, 'STD00028', 'Male', NULL, NULL, NULL, 86, 4, 1, 1, NULL, 2, '2016-05-31 16:51:51', '2016-10-18 16:07:04'),
(29, 'Edna', 'Favour', NULL, 'STD00029', 'Female', NULL, NULL, NULL, 54, 8, 1, 1, NULL, 2, '2016-05-31 17:11:40', '2016-11-18 19:59:15'),
(30, 'Zainab', 'Adeola', NULL, 'STD00030', 'Female', NULL, NULL, NULL, 111, 5, 1, 1, NULL, 2, '2016-05-31 17:12:37', '2016-11-18 19:03:49'),
(32, 'Abiola', 'Akinyosoye', 'Precious', 'STD00032', 'Female', NULL, NULL, NULL, 31, 8, 1, 1, NULL, 2, '2016-05-31 17:25:19', '2016-11-18 19:58:10'),
(33, 'Murede', 'Raheem', NULL, 'STD00033', 'Male', NULL, NULL, NULL, 79, 5, 1, 1, NULL, 2, '2016-05-31 17:26:32', '2016-11-18 19:03:42'),
(34, 'Destiny', 'Isosa', NULL, 'STD00034', 'Male', NULL, NULL, NULL, 51, 5, 1, 1, NULL, 2, '2016-05-31 17:34:03', '2016-11-18 19:03:47'),
(35, 'Precious', 'David', NULL, 'STD00035', 'Male', NULL, NULL, NULL, 96, 5, 1, 1, NULL, 2, '2016-05-31 17:34:54', '2016-11-18 19:03:42'),
(36, 'Angel', 'Mmesoma', NULL, 'STD00036', 'Female', NULL, NULL, NULL, 56, 0, 1, 1, NULL, 2, '2016-05-31 17:35:45', '2016-11-18 19:56:57'),
(37, 'Temiloluwa', 'Wuraola', NULL, 'STD00037', 'Female', NULL, NULL, NULL, 23, 0, 1, 1, NULL, 2, '2016-05-31 17:36:38', '2016-11-18 19:58:35'),
(38, 'Justin', 'Emmanuel', NULL, 'STD00038', 'Male', NULL, NULL, NULL, 54, 0, 2, 1, NULL, 2, '2016-05-31 17:37:19', '2016-11-18 20:01:22'),
(39, 'Divine', 'Woko', 'Obusor', 'STD00039', 'Female', NULL, NULL, NULL, 120, 7, 1, 1, NULL, 2, '2016-05-31 17:38:29', '2016-10-18 16:07:44'),
(40, 'Peace', 'Amaka', NULL, 'STD00040', 'Female', NULL, NULL, NULL, 107, 0, 1, 1, NULL, 2, '2016-05-31 17:39:11', '2016-11-18 20:01:38'),
(41, 'Boluwatife', 'Grace', NULL, 'STD00041', 'Female', NULL, NULL, NULL, 30, 0, 1, 1, NULL, 2, '2016-05-31 17:40:07', '2016-11-18 20:01:00'),
(42, 'Omolara', 'Joy', NULL, 'STD00042', 'Female', NULL, NULL, NULL, 77, 0, 1, 1, NULL, 2, '2016-05-31 17:40:57', '2016-11-18 20:01:27'),
(43, 'Oreoluwa', 'Mulikat', NULL, 'STD00043', 'Female', NULL, NULL, NULL, 126, 7, 1, 1, NULL, 2, '2016-05-31 18:09:13', '2016-10-18 16:07:44'),
(44, 'Adesope', 'Anthony', NULL, 'STD00044', 'Male', NULL, NULL, NULL, 128, 3, 1, 1, NULL, 2, '2016-05-31 18:19:06', '2016-10-18 16:05:39'),
(45, 'Suleiman', 'Ori-Owo', NULL, 'STD00045', 'Male', NULL, NULL, NULL, 112, 6, 1, 1, NULL, 2, '2016-05-31 18:22:01', '2016-10-18 16:06:26'),
(47, 'Tejumola', 'Durojaye', NULL, 'STD00047', 'Female', NULL, NULL, NULL, 47, 6, 1, 1, NULL, 1, '2016-06-03 17:57:51', '2016-10-18 16:06:26'),
(48, 'Neyah', 'Ikunnah', NULL, 'STD00048', 'Female', NULL, NULL, NULL, 131, 1, 1, 4, NULL, 129, '2016-10-19 23:20:22', '2016-10-19 23:20:23'),
(49, 'abraham', 'theophilus', NULL, 'STD00049', 'Male', NULL, NULL, NULL, 133, 2, 1, 4, NULL, 7, '2016-10-20 13:44:38', '2016-10-20 13:44:38'),
(50, 'Radeyah', 'Ayomide', NULL, 'STD00050', 'Male', NULL, NULL, NULL, 134, 2, 1, 4, NULL, 7, '2016-10-20 13:51:09', '2016-10-20 13:51:09'),
(51, 'tabitha', 'mojoyinoluwa', NULL, 'STD00051', 'Female', NULL, NULL, NULL, 135, 2, 1, 4, NULL, 7, '2016-10-20 13:56:05', '2016-10-20 13:56:05'),
(52, 'Emmanuel', 'Oladepo', NULL, 'STD00052', 'Male', NULL, NULL, NULL, 29, 1, 1, 4, NULL, 129, '2016-10-20 13:57:30', '2016-10-20 13:57:30'),
(53, 'Dolapo Fawaz', 'Alayande', NULL, 'STD00053', 'Male', NULL, NULL, NULL, 52, 2, 1, 4, NULL, 129, '2016-10-20 13:59:56', '2016-10-20 13:59:56'),
(54, 'David Mayowa', 'Igbe', NULL, 'STD00054', 'Male', NULL, NULL, NULL, 23, 2, 1, 4, NULL, 129, '2016-10-20 14:00:52', '2016-10-20 14:00:52'),
(55, 'fiyinfoluwa', 'paul', NULL, 'STD00055', 'Male', NULL, NULL, NULL, 136, 1, 1, 4, NULL, 7, '2016-10-20 14:01:46', '2016-10-20 14:01:46'),
(56, 'Morayo Bolaji', 'Adesanya', NULL, 'STD00056', 'Female', NULL, NULL, NULL, 20, 1, 1, 4, NULL, 129, '2016-10-20 14:03:33', '2016-10-20 14:03:33'),
(57, 'Peace Damilola', 'Fawale', NULL, 'STD00057', 'Female', NULL, NULL, NULL, 64, 1, 1, 4, NULL, 129, '2016-10-20 14:10:16', '2016-10-20 14:10:16'),
(58, 'chikwado', 'patrick', NULL, 'STD00058', 'Male', NULL, NULL, NULL, 138, 2, 1, 4, NULL, 7, '2016-10-20 14:19:52', '2016-10-20 14:19:52'),
(59, 'Sharon Wuraola', 'Edema', NULL, 'STD00059', 'Female', NULL, NULL, NULL, 139, 2, 1, 4, NULL, 129, '2016-10-20 14:23:08', '2016-10-20 14:23:08'),
(60, 'mickelle', 'zokhea', '', 'STD00060', 'Male', NULL, NULL, '', 140, 2, 1, 4, 0, 7, '2016-10-20 21:07:08', '2016-11-25 19:59:44'),
(61, 'adeife', 'emmanuel', NULL, 'STD00061', 'Male', NULL, NULL, NULL, 141, 1, 1, 4, NULL, 7, '2016-10-20 21:13:06', '2016-10-20 21:13:06'),
(62, 'mirabel', 'opetoritse', NULL, 'STD00062', 'Female', NULL, NULL, NULL, 142, 1, 1, 4, NULL, 7, '2016-10-20 21:19:39', '2016-10-20 21:19:39'),
(63, 'adeniyi', 'david', NULL, 'STD00063', 'Male', NULL, NULL, NULL, 143, 1, 1, 4, NULL, 7, '2016-10-20 21:24:30', '2016-10-20 21:24:30'),
(64, 'aniekan', 'jeremiah', NULL, 'STD00064', 'Male', NULL, NULL, NULL, 144, 2, 1, 4, NULL, 7, '2016-10-20 21:28:17', '2016-10-20 21:28:17'),
(65, 'ovie', 'governor', NULL, 'STD00065', 'Male', NULL, NULL, NULL, 145, 2, 1, 4, NULL, 7, '2016-10-20 21:34:58', '2016-10-20 21:34:58'),
(66, 'oloruntobi', 'oluwaseyi', NULL, 'STD00066', 'Female', NULL, NULL, NULL, 146, 2, 1, 4, NULL, 7, '2016-10-20 21:40:22', '2016-10-20 21:40:22'),
(67, 'richard', 'gbolade', NULL, 'STD00067', 'Female', NULL, NULL, NULL, 147, 2, 1, 4, NULL, 7, '2016-10-20 21:47:56', '2016-10-20 21:47:56'),
(68, 'charles', 'uchechukwu', NULL, 'STD00068', 'Male', NULL, NULL, NULL, 148, 2, 1, 4, NULL, 7, '2016-10-20 22:02:08', '2016-10-20 22:02:08'),
(69, 'qudus', 'osase', NULL, 'STD00069', 'Male', NULL, NULL, NULL, 149, 1, 1, 4, NULL, 7, '2016-10-21 13:52:31', '2016-10-21 13:52:31'),
(70, 'Fathia Alayo', 'Afolabi', NULL, 'STD00070', 'Female', NULL, NULL, NULL, 150, 1, 1, 4, NULL, 129, '2016-10-21 13:54:08', '2016-10-21 13:54:08'),
(71, 'blessing', 'adeola', NULL, 'STD00071', 'Male', NULL, NULL, NULL, 151, 1, 1, 4, NULL, 7, '2016-10-21 13:55:58', '2016-10-21 13:55:58'),
(72, 'Oluwatobiloba', 'Akinrehinote', NULL, 'STD00072', 'Male', NULL, NULL, NULL, 152, 3, 1, 4, NULL, 129, '2016-10-21 13:57:53', '2016-10-21 13:57:53'),
(73, 'Isaac Oluwabusuyi Ayobami', 'Edema', NULL, 'STD00073', 'Male', NULL, NULL, NULL, 139, 4, 1, 4, NULL, 129, '2016-10-21 14:06:16', '2016-10-21 14:06:16'),
(74, 'Funmilayo Rebecca', 'Agbetoye', NULL, 'STD00074', 'Female', NULL, NULL, NULL, 153, 4, 1, 4, NULL, 129, '2016-10-21 14:10:23', '2016-10-21 14:10:23'),
(75, 'kamaldeen', 'ayodeji', NULL, 'STD00075', 'Male', NULL, NULL, NULL, 154, 6, 1, 4, NULL, 7, '2016-10-21 14:11:52', '2016-10-21 14:11:52'),
(76, 'Abdullahi Adebayo', 'Yakubu', NULL, 'STD00076', 'Male', NULL, NULL, NULL, 154, 10, 1, 4, NULL, 129, '2016-10-21 14:16:10', '2016-10-21 14:16:10'),
(77, 'nicole', 'nwokocha', NULL, 'STD00077', 'Female', NULL, NULL, NULL, 155, 4, 1, 4, NULL, 7, '2016-10-21 14:18:23', '2016-10-21 14:18:23'),
(78, 'Eniola Omobola', 'Daniel', NULL, 'STD00078', 'Female', NULL, NULL, NULL, 156, 7, 1, 4, NULL, 129, '2016-10-21 14:20:44', '2016-10-21 14:20:44'),
(79, 'chinonso', 'emeshie', NULL, 'STD00079', 'Female', NULL, NULL, NULL, 157, 5, 1, 4, NULL, 7, '2016-10-21 14:23:52', '2016-10-21 14:23:52'),
(80, 'joshua', 'obi', NULL, 'STD00080', 'Male', NULL, NULL, NULL, 158, 9, 1, 4, NULL, 7, '2016-10-21 14:26:52', '2016-10-21 14:26:52'),
(81, 'Ekene Prince', 'Pius', NULL, 'STD00081', 'Male', NULL, NULL, NULL, 159, 7, 1, 4, NULL, 129, '2016-10-21 14:29:22', '2016-10-21 14:29:22'),
(86, 'Peace', 'amaka', NULL, 'STD00086', 'Female', NULL, NULL, NULL, 160, 11, 1, 4, NULL, 7, '2016-10-24 20:16:15', '2016-10-24 20:16:15'),
(88, 'grace', 'boluwatife', '', 'STD00088', 'Female', NULL, NULL, '', 161, 11, 1, 4, 0, 7, '2016-10-24 20:33:20', '2016-11-24 19:40:21'),
(89, 'mulikat', 'oreoluwa', NULL, 'STD00089', 'Female', NULL, NULL, NULL, 162, 0, 1, 4, NULL, 7, '2016-10-24 20:40:23', '2016-11-18 20:01:33'),
(90, 'justice', 'justin', NULL, 'STD00090', 'Male', NULL, NULL, NULL, 163, 11, 1, 4, NULL, 7, '2016-10-24 20:53:05', '2016-10-24 20:53:05'),
(91, 'joy', 'omolara', NULL, 'STD00091', 'Female', NULL, NULL, NULL, 164, 11, 1, 4, NULL, 7, '2016-10-24 20:58:33', '2016-10-24 20:58:33'),
(92, 'Opeyemi Erioluwa', 'Bamidele', NULL, 'STD00092', 'Female', NULL, NULL, NULL, 137, 1, 1, 4, NULL, 129, '2016-11-12 01:45:16', '2016-11-12 01:45:16'),
(93, 'Hebrew-Goldberg', 'Ogheneochuko', NULL, 'STD00093', 'Male', NULL, NULL, NULL, 165, 3, 1, 4, NULL, 129, '2016-11-18 21:26:04', '2016-11-18 21:26:04'),
(94, 'Amarachi ', 'Anthhonia', NULL, 'STD00094', 'Female', NULL, NULL, NULL, 166, 2, 1, 4, NULL, 129, '2016-11-18 22:27:06', '2016-11-18 22:27:06'),
(95, 'basit', 'olaore', NULL, 'STD00095', 'Male', NULL, NULL, NULL, 169, 1, 1, 4, NULL, 7, '2016-11-22 17:10:34', '2016-11-22 17:10:34'),
(96, 'fiyinfoluwa', 'sofowoke', NULL, 'STD00096', 'Male', NULL, NULL, NULL, 24, 1, 1, 4, NULL, 7, '2016-11-22 17:24:37', '2016-11-22 17:24:37');

-- --------------------------------------------------------

--
-- Stand-in structure for view `students_classroomviews`
-- (See below for the actual view)
--
CREATE TABLE `students_classroomviews` (
`fullname` varchar(101)
,`student_no` varchar(10)
,`classroom` varchar(255)
,`classroom_id` int(10) unsigned
,`student_id` int(10) unsigned
,`classlevel` varchar(255)
,`classlevel_id` int(10) unsigned
,`sponsor_id` int(10) unsigned
,`sponsor_name` varchar(91)
,`academic_year_id` int(10) unsigned
,`academic_year` varchar(100)
,`status_id` int(10) unsigned
);

-- --------------------------------------------------------

--
-- Table structure for table `student_classes`
--

CREATE TABLE `student_classes` (
  `student_class_id` int(10) UNSIGNED NOT NULL,
  `student_id` int(10) UNSIGNED NOT NULL,
  `classroom_id` int(10) UNSIGNED NOT NULL,
  `academic_year_id` int(10) UNSIGNED NOT NULL,
  `created_at` timestamp NULL DEFAULT NULL,
  `updated_at` timestamp NULL DEFAULT NULL
) ENGINE=InnoDB DEFAULT CHARSET=utf8 COLLATE=utf8_unicode_ci;

--
-- Dumping data for table `student_classes`
--

INSERT INTO `student_classes` (`student_class_id`, `student_id`, `classroom_id`, `academic_year_id`, `created_at`, `updated_at`) VALUES
(1, 1, 1, 1, '2016-05-31 15:04:09', '2016-05-31 15:04:09'),
(2, 2, 1, 1, '2016-05-31 15:06:36', '2016-05-31 15:06:36'),
(4, 4, 1, 1, '2016-05-31 15:34:39', '2016-05-31 15:34:39'),
(5, 5, 1, 1, '2016-05-31 15:36:08', '2016-05-31 15:36:08'),
(6, 6, 1, 1, '2016-05-31 15:37:24', '2016-05-31 15:37:24'),
(7, 7, 1, 1, '2016-05-31 15:38:31', '2016-05-31 15:38:31'),
(8, 8, 1, 1, '2016-05-31 15:39:11', '2016-05-31 15:39:11'),
(9, 9, 1, 1, '2016-05-31 15:40:11', '2016-05-31 15:40:11'),
(10, 10, 1, 1, '2016-05-31 15:41:15', '2016-05-31 15:41:15'),
(11, 11, 2, 1, '2016-05-31 15:51:36', '2016-05-31 15:51:36'),
(12, 12, 2, 1, '2016-05-31 15:52:41', '2016-05-31 15:52:41'),
(13, 13, 2, 1, '2016-05-31 15:53:34', '2016-05-31 15:53:34'),
(14, 14, 2, 1, '2016-05-31 16:05:20', '2016-05-31 16:05:20'),
(15, 15, 2, 1, '2016-05-31 16:07:17', '2016-05-31 16:07:17'),
(17, 17, 2, 1, '2016-05-31 16:08:41', '2016-05-31 16:08:41'),
(19, 19, 2, 1, '2016-05-31 16:10:24', '2016-05-31 16:10:24'),
(20, 20, 3, 1, '2016-05-31 16:25:42', '2016-05-31 16:25:42'),
(21, 21, 3, 1, '2016-05-31 16:26:59', '2016-05-31 16:26:59'),
(22, 22, 3, 1, '2016-05-31 16:45:38', '2016-05-31 16:45:38'),
(23, 23, 3, 1, '2016-05-31 16:47:24', '2016-05-31 16:47:24'),
(24, 24, 3, 1, '2016-05-31 16:48:11', '2016-05-31 16:48:11'),
(25, 25, 3, 1, '2016-05-31 16:49:01', '2016-05-31 16:49:01'),
(26, 26, 3, 1, '2016-05-31 16:49:47', '2016-05-31 16:49:47'),
(27, 27, 3, 1, '2016-05-31 16:50:42', '2016-05-31 16:50:42'),
(28, 28, 3, 1, '2016-05-31 16:51:52', '2016-05-31 16:51:52'),
(29, 29, 4, 1, '2016-05-31 17:11:40', '2016-05-31 17:11:40'),
(30, 30, 4, 1, '2016-05-31 17:12:37', '2016-05-31 17:12:37'),
(32, 32, 4, 1, '2016-05-31 17:25:19', '2016-05-31 17:25:19'),
(33, 33, 4, 1, '2016-05-31 17:26:32', '2016-05-31 17:26:32'),
(34, 34, 4, 1, '2016-05-31 17:34:03', '2016-05-31 17:34:03'),
(35, 35, 4, 1, '2016-05-31 17:34:54', '2016-05-31 17:34:54'),
(36, 36, 4, 1, '2016-05-31 17:35:45', '2016-05-31 17:35:45'),
(37, 37, 4, 1, '2016-05-31 17:36:38', '2016-05-31 17:36:38'),
(38, 38, 5, 1, '2016-05-31 17:37:19', '2016-05-31 17:37:19'),
(39, 39, 5, 1, '2016-05-31 17:38:29', '2016-05-31 17:38:29'),
(40, 40, 5, 1, '2016-05-31 17:39:11', '2016-05-31 17:39:11'),
(41, 41, 5, 1, '2016-05-31 17:40:07', '2016-05-31 17:40:07'),
(42, 42, 5, 1, '2016-05-31 17:40:57', '2016-05-31 17:40:57'),
(43, 43, 5, 1, '2016-05-31 18:09:13', '2016-05-31 18:09:13'),
(44, 44, 1, 1, '2016-05-31 18:19:06', '2016-05-31 18:19:06'),
(45, 45, 2, 1, '2016-05-31 18:22:01', '2016-05-31 18:22:01'),
(47, 47, 2, 1, '2016-06-03 17:57:51', '2016-06-03 17:57:51'),
(48, 1, 3, 2, '2016-10-18 16:05:39', '2016-10-18 16:05:39'),
(49, 2, 3, 2, '2016-10-18 16:05:39', '2016-10-18 16:05:39'),
(50, 4, 3, 2, '2016-10-18 16:05:39', '2016-10-18 16:05:39'),
(51, 5, 3, 2, '2016-10-18 16:05:39', '2016-10-18 16:05:39'),
(52, 6, 3, 2, '2016-10-18 16:05:39', '2016-10-18 16:05:39'),
(53, 7, 3, 2, '2016-10-18 16:05:39', '2016-10-18 16:05:39'),
(55, 9, 3, 2, '2016-10-18 16:05:39', '2016-10-18 16:05:39'),
(56, 10, 3, 2, '2016-10-18 16:05:39', '2016-10-18 16:05:39'),
(57, 44, 3, 2, '2016-10-18 16:05:39', '2016-10-18 16:05:39'),
(58, 11, 6, 2, '2016-10-18 16:06:26', '2016-10-18 16:06:26'),
(59, 12, 6, 2, '2016-10-18 16:06:26', '2016-10-18 16:06:26'),
(60, 13, 6, 2, '2016-10-18 16:06:26', '2016-10-18 16:06:26'),
(61, 14, 6, 2, '2016-10-18 16:06:26', '2016-10-18 16:06:26'),
(62, 15, 6, 2, '2016-10-18 16:06:26', '2016-10-18 16:06:26'),
(63, 17, 6, 2, '2016-10-18 16:06:26', '2016-10-18 16:06:26'),
(64, 19, 6, 2, '2016-10-18 16:06:26', '2016-10-18 16:06:26'),
(65, 45, 6, 2, '2016-10-18 16:06:26', '2016-10-18 16:06:26'),
(66, 47, 6, 2, '2016-10-18 16:06:26', '2016-10-18 16:06:26'),
(67, 20, 4, 2, '2016-10-18 16:07:04', '2016-10-18 16:07:04'),
(68, 21, 4, 2, '2016-10-18 16:07:04', '2016-10-18 16:07:04'),
(69, 22, 4, 2, '2016-10-18 16:07:04', '2016-10-18 16:07:04'),
(70, 23, 4, 2, '2016-10-18 16:07:04', '2016-10-18 16:07:04'),
(71, 24, 4, 2, '2016-10-18 16:07:04', '2016-10-18 16:07:04'),
(72, 25, 4, 2, '2016-10-18 16:07:04', '2016-10-18 16:07:04'),
(73, 26, 4, 2, '2016-10-18 16:07:04', '2016-10-18 16:07:04'),
(74, 27, 4, 2, '2016-10-18 16:07:04', '2016-10-18 16:07:04'),
(75, 28, 4, 2, '2016-10-18 16:07:04', '2016-10-18 16:07:04'),
(77, 39, 7, 2, '2016-10-18 16:07:44', '2016-10-18 16:07:44'),
(81, 43, 7, 2, '2016-10-18 16:07:44', '2016-10-18 16:07:44'),
(82, 48, 1, 2, '2016-10-19 23:20:23', '2016-10-19 23:20:23'),
(83, 49, 2, 2, '2016-10-20 13:44:38', '2016-10-20 13:44:38'),
(84, 50, 2, 2, '2016-10-20 13:51:09', '2016-10-20 13:51:09'),
(85, 51, 2, 2, '2016-10-20 13:56:05', '2016-10-20 13:56:05'),
(86, 52, 1, 2, '2016-10-20 13:57:30', '2016-10-20 13:57:30'),
(87, 53, 2, 2, '2016-10-20 13:59:56', '2016-10-20 13:59:56'),
(88, 54, 2, 2, '2016-10-20 14:00:52', '2016-10-20 14:00:52'),
(89, 55, 1, 2, '2016-10-20 14:01:46', '2016-10-20 14:01:46'),
(90, 56, 1, 2, '2016-10-20 14:03:33', '2016-10-20 14:03:33'),
(91, 57, 1, 2, '2016-10-20 14:10:16', '2016-10-20 14:10:16'),
(92, 58, 2, 2, '2016-10-20 14:19:52', '2016-10-20 14:19:52'),
(93, 59, 2, 2, '2016-10-20 14:23:08', '2016-10-20 14:23:08'),
(94, 60, 2, 2, '2016-10-20 21:07:08', '2016-10-20 21:07:08'),
(95, 61, 1, 2, '2016-10-20 21:13:06', '2016-10-20 21:13:06'),
(96, 62, 1, 2, '2016-10-20 21:19:39', '2016-10-20 21:19:39'),
(97, 63, 1, 2, '2016-10-20 21:24:30', '2016-10-20 21:24:30'),
(98, 64, 2, 2, '2016-10-20 21:28:17', '2016-10-20 21:28:17'),
(99, 65, 2, 2, '2016-10-20 21:34:58', '2016-10-20 21:34:58'),
(100, 66, 2, 2, '2016-10-20 21:40:22', '2016-10-20 21:40:22'),
(101, 67, 2, 2, '2016-10-20 21:47:56', '2016-10-20 21:47:56'),
(102, 68, 2, 2, '2016-10-20 22:02:08', '2016-10-20 22:02:08'),
(103, 69, 1, 2, '2016-10-21 13:52:31', '2016-10-21 13:52:31'),
(104, 70, 1, 2, '2016-10-21 13:54:08', '2016-10-21 13:54:08'),
(105, 71, 1, 2, '2016-10-21 13:55:58', '2016-10-21 13:55:58'),
(106, 72, 3, 2, '2016-10-21 13:57:53', '2016-10-21 13:57:53'),
(107, 73, 4, 2, '2016-10-21 14:06:16', '2016-10-21 14:06:16'),
(108, 74, 4, 2, '2016-10-21 14:10:23', '2016-10-21 14:10:23'),
(109, 75, 6, 2, '2016-10-21 14:11:52', '2016-10-21 14:11:52'),
(110, 76, 10, 2, '2016-10-21 14:16:10', '2016-10-21 14:16:10'),
(111, 77, 4, 2, '2016-10-21 14:18:23', '2016-10-21 14:18:23'),
(112, 78, 7, 2, '2016-10-21 14:20:44', '2016-10-21 14:20:44'),
(113, 79, 5, 2, '2016-10-21 14:23:52', '2016-10-21 14:23:52'),
(114, 80, 9, 2, '2016-10-21 14:26:52', '2016-10-21 14:26:52'),
(115, 81, 7, 2, '2016-10-21 14:29:22', '2016-10-21 14:29:22'),
(119, 32, 8, 2, '2016-10-24 18:46:10', '2016-10-24 18:46:10'),
(120, 86, 11, 2, '2016-10-24 20:16:15', '2016-10-24 20:16:15'),
(122, 88, 11, 2, '2016-10-24 20:33:20', '2016-10-24 20:33:20'),
(124, 90, 11, 2, '2016-10-24 20:53:05', '2016-10-24 20:53:05'),
(125, 91, 11, 2, '2016-10-24 20:58:33', '2016-10-24 20:58:33'),
(126, 92, 1, 2, '2016-11-12 01:45:16', '2016-11-12 01:45:16'),
(129, 33, 5, 2, '2016-11-18 19:03:42', '2016-11-18 19:03:42'),
(130, 35, 5, 2, '2016-11-18 19:03:42', '2016-11-18 19:03:42'),
(133, 34, 5, 2, '2016-11-18 19:03:47', '2016-11-18 19:03:47'),
(134, 30, 5, 2, '2016-11-18 19:03:49', '2016-11-18 19:03:49'),
(136, 29, 8, 2, '2016-11-18 19:59:15', '2016-11-18 19:59:15'),
(137, 93, 3, 2, '2016-11-18 21:26:04', '2016-11-18 21:26:04'),
(138, 94, 2, 2, '2016-11-18 22:27:06', '2016-11-18 22:27:06'),
(139, 95, 1, 2, '2016-11-22 17:10:34', '2016-11-22 17:10:34'),
(140, 96, 1, 2, '2016-11-22 17:24:37', '2016-11-22 17:24:37');

-- --------------------------------------------------------

--
-- Table structure for table `student_subjects`
--

CREATE TABLE `student_subjects` (
  `student_id` int(10) UNSIGNED NOT NULL,
  `subject_classroom_id` int(10) UNSIGNED NOT NULL
) ENGINE=InnoDB DEFAULT CHARSET=utf8 COLLATE=utf8_unicode_ci;

--
-- Dumping data for table `student_subjects`
--

INSERT INTO `student_subjects` (`student_id`, `subject_classroom_id`) VALUES
(1, 1),
(1, 2),
(1, 3),
(1, 4),
(1, 5),
(1, 6),
(1, 7),
(1, 8),
(1, 9),
(1, 10),
(1, 11),
(1, 12),
(1, 13),
(1, 14),
(1, 73),
(1, 79),
(1, 80),
(1, 89),
(1, 90),
(1, 91),
(1, 92),
(1, 93),
(1, 94),
(1, 95),
(1, 96),
(1, 97),
(1, 98),
(1, 99),
(1, 100),
(1, 101),
(1, 102),
(1, 157),
(1, 164),
(1, 191),
(1, 192),
(1, 193),
(1, 194),
(1, 195),
(1, 196),
(1, 197),
(1, 198),
(1, 199),
(1, 323),
(1, 330),
(1, 333),
(1, 337),
(1, 342),
(1, 347),
(1, 367),
(1, 373),
(2, 1),
(2, 2),
(2, 3),
(2, 4),
(2, 5),
(2, 6),
(2, 7),
(2, 8),
(2, 9),
(2, 10),
(2, 11),
(2, 12),
(2, 13),
(2, 14),
(2, 73),
(2, 79),
(2, 80),
(2, 89),
(2, 90),
(2, 91),
(2, 92),
(2, 93),
(2, 94),
(2, 95),
(2, 96),
(2, 97),
(2, 98),
(2, 99),
(2, 100),
(2, 101),
(2, 102),
(2, 157),
(2, 164),
(2, 191),
(2, 192),
(2, 193),
(2, 194),
(2, 195),
(2, 196),
(2, 197),
(2, 198),
(2, 199),
(2, 323),
(2, 330),
(2, 333),
(2, 337),
(2, 342),
(2, 347),
(2, 367),
(2, 373),
(4, 1),
(4, 2),
(4, 3),
(4, 4),
(4, 5),
(4, 6),
(4, 7),
(4, 8),
(4, 9),
(4, 10),
(4, 11),
(4, 12),
(4, 13),
(4, 14),
(4, 73),
(4, 79),
(4, 80),
(4, 89),
(4, 90),
(4, 91),
(4, 92),
(4, 93),
(4, 94),
(4, 95),
(4, 96),
(4, 97),
(4, 98),
(4, 99),
(4, 100),
(4, 101),
(4, 102),
(4, 157),
(4, 164),
(4, 191),
(4, 192),
(4, 193),
(4, 194),
(4, 195),
(4, 196),
(4, 197),
(4, 198),
(4, 199),
(4, 323),
(4, 330),
(4, 333),
(4, 337),
(4, 342),
(4, 347),
(4, 367),
(4, 373),
(5, 1),
(5, 2),
(5, 3),
(5, 4),
(5, 5),
(5, 6),
(5, 7),
(5, 8),
(5, 9),
(5, 10),
(5, 11),
(5, 12),
(5, 13),
(5, 14),
(5, 73),
(5, 79),
(5, 80),
(5, 89),
(5, 90),
(5, 91),
(5, 92),
(5, 93),
(5, 94),
(5, 95),
(5, 96),
(5, 97),
(5, 98),
(5, 99),
(5, 100),
(5, 101),
(5, 102),
(5, 157),
(5, 164),
(5, 191),
(5, 192),
(5, 193),
(5, 194),
(5, 195),
(5, 196),
(5, 197),
(5, 198),
(5, 199),
(5, 323),
(5, 330),
(5, 333),
(5, 337),
(5, 342),
(5, 347),
(5, 367),
(5, 373),
(6, 1),
(6, 2),
(6, 3),
(6, 4),
(6, 5),
(6, 6),
(6, 7),
(6, 8),
(6, 9),
(6, 10),
(6, 11),
(6, 12),
(6, 13),
(6, 14),
(6, 73),
(6, 79),
(6, 80),
(6, 89),
(6, 90),
(6, 91),
(6, 92),
(6, 93),
(6, 94),
(6, 95),
(6, 96),
(6, 97),
(6, 98),
(6, 99),
(6, 100),
(6, 101),
(6, 102),
(6, 157),
(6, 164),
(6, 191),
(6, 192),
(6, 193),
(6, 194),
(6, 195),
(6, 196),
(6, 197),
(6, 198),
(6, 199),
(6, 323),
(6, 330),
(6, 333),
(6, 337),
(6, 342),
(6, 347),
(6, 367),
(6, 373),
(7, 1),
(7, 2),
(7, 3),
(7, 4),
(7, 5),
(7, 6),
(7, 7),
(7, 8),
(7, 9),
(7, 10),
(7, 11),
(7, 12),
(7, 13),
(7, 14),
(7, 73),
(7, 79),
(7, 80),
(7, 89),
(7, 90),
(7, 91),
(7, 92),
(7, 93),
(7, 94),
(7, 95),
(7, 96),
(7, 97),
(7, 98),
(7, 99),
(7, 100),
(7, 101),
(7, 102),
(7, 157),
(7, 164),
(7, 191),
(7, 192),
(7, 193),
(7, 194),
(7, 195),
(7, 196),
(7, 197),
(7, 198),
(7, 199),
(7, 323),
(7, 330),
(7, 333),
(7, 337),
(7, 342),
(7, 347),
(7, 367),
(7, 373),
(8, 1),
(8, 2),
(8, 3),
(8, 4),
(8, 5),
(8, 6),
(8, 7),
(8, 8),
(8, 9),
(8, 10),
(8, 11),
(8, 12),
(8, 13),
(8, 14),
(8, 73),
(8, 79),
(8, 80),
(8, 89),
(8, 90),
(8, 91),
(8, 92),
(8, 93),
(8, 94),
(8, 95),
(8, 96),
(8, 97),
(8, 98),
(8, 99),
(8, 100),
(8, 101),
(8, 102),
(8, 157),
(8, 164),
(8, 194),
(8, 198),
(8, 337),
(9, 1),
(9, 2),
(9, 3),
(9, 4),
(9, 5),
(9, 6),
(9, 7),
(9, 8),
(9, 9),
(9, 10),
(9, 11),
(9, 12),
(9, 13),
(9, 14),
(9, 73),
(9, 79),
(9, 80),
(9, 89),
(9, 90),
(9, 91),
(9, 92),
(9, 93),
(9, 94),
(9, 95),
(9, 96),
(9, 97),
(9, 98),
(9, 99),
(9, 100),
(9, 101),
(9, 102),
(9, 157),
(9, 164),
(9, 191),
(9, 192),
(9, 193),
(9, 194),
(9, 195),
(9, 196),
(9, 197),
(9, 198),
(9, 199),
(9, 323),
(9, 330),
(9, 333),
(9, 337),
(9, 342),
(9, 347),
(9, 367),
(9, 373),
(10, 1),
(10, 2),
(10, 3),
(10, 4),
(10, 5),
(10, 6),
(10, 7),
(10, 8),
(10, 9),
(10, 10),
(10, 11),
(10, 12),
(10, 13),
(10, 14),
(10, 73),
(10, 79),
(10, 80),
(10, 89),
(10, 90),
(10, 91),
(10, 92),
(10, 93),
(10, 94),
(10, 95),
(10, 96),
(10, 97),
(10, 98),
(10, 99),
(10, 100),
(10, 101),
(10, 102),
(10, 157),
(10, 164),
(10, 191),
(10, 192),
(10, 193),
(10, 194),
(10, 195),
(10, 196),
(10, 197),
(10, 198),
(10, 199),
(10, 323),
(10, 330),
(10, 333),
(10, 337),
(10, 342),
(10, 347),
(10, 367),
(10, 373),
(11, 15),
(11, 16),
(11, 17),
(11, 18),
(11, 19),
(11, 20),
(11, 21),
(11, 22),
(11, 23),
(11, 24),
(11, 25),
(11, 26),
(11, 27),
(11, 28),
(11, 72),
(11, 81),
(11, 82),
(11, 103),
(11, 104),
(11, 105),
(11, 106),
(11, 107),
(11, 108),
(11, 109),
(11, 110),
(11, 111),
(11, 112),
(11, 113),
(11, 114),
(11, 115),
(11, 116),
(11, 156),
(11, 166),
(11, 200),
(11, 201),
(11, 202),
(11, 203),
(11, 204),
(11, 205),
(11, 206),
(11, 207),
(11, 208),
(11, 324),
(11, 331),
(11, 334),
(11, 338),
(11, 343),
(11, 348),
(11, 368),
(11, 374),
(12, 15),
(12, 16),
(12, 17),
(12, 18),
(12, 19),
(12, 20),
(12, 21),
(12, 22),
(12, 23),
(12, 24),
(12, 25),
(12, 26),
(12, 27),
(12, 28),
(12, 72),
(12, 81),
(12, 82),
(12, 103),
(12, 104),
(12, 105),
(12, 106),
(12, 107),
(12, 108),
(12, 109),
(12, 110),
(12, 111),
(12, 112),
(12, 113),
(12, 114),
(12, 115),
(12, 116),
(12, 156),
(12, 166),
(12, 200),
(12, 201),
(12, 202),
(12, 203),
(12, 204),
(12, 205),
(12, 206),
(12, 207),
(12, 208),
(12, 324),
(12, 331),
(12, 334),
(12, 338),
(12, 343),
(12, 348),
(12, 368),
(12, 374),
(13, 15),
(13, 16),
(13, 17),
(13, 18),
(13, 19),
(13, 20),
(13, 21),
(13, 22),
(13, 23),
(13, 24),
(13, 25),
(13, 26),
(13, 27),
(13, 28),
(13, 72),
(13, 81),
(13, 82),
(13, 103),
(13, 104),
(13, 105),
(13, 106),
(13, 107),
(13, 108),
(13, 109),
(13, 110),
(13, 111),
(13, 112),
(13, 113),
(13, 114),
(13, 115),
(13, 116),
(13, 156),
(13, 166),
(13, 200),
(13, 201),
(13, 202),
(13, 203),
(13, 204),
(13, 205),
(13, 206),
(13, 207),
(13, 208),
(13, 324),
(13, 331),
(13, 334),
(13, 338),
(13, 343),
(13, 348),
(13, 368),
(13, 374),
(14, 15),
(14, 16),
(14, 17),
(14, 18),
(14, 19),
(14, 20),
(14, 21),
(14, 22),
(14, 23),
(14, 24),
(14, 25),
(14, 26),
(14, 27),
(14, 28),
(14, 72),
(14, 81),
(14, 82),
(14, 103),
(14, 104),
(14, 105),
(14, 106),
(14, 107),
(14, 108),
(14, 109),
(14, 110),
(14, 111),
(14, 112),
(14, 113),
(14, 114),
(14, 115),
(14, 116),
(14, 156),
(14, 166),
(14, 200),
(14, 201),
(14, 202),
(14, 203),
(14, 204),
(14, 205),
(14, 206),
(14, 207),
(14, 208),
(14, 324),
(14, 331),
(14, 334),
(14, 338),
(14, 343),
(14, 348),
(14, 368),
(14, 374),
(15, 15),
(15, 16),
(15, 17),
(15, 18),
(15, 19),
(15, 20),
(15, 21),
(15, 22),
(15, 23),
(15, 24),
(15, 25),
(15, 26),
(15, 27),
(15, 28),
(15, 72),
(15, 81),
(15, 82),
(15, 103),
(15, 104),
(15, 105),
(15, 106),
(15, 107),
(15, 108),
(15, 109),
(15, 110),
(15, 111),
(15, 112),
(15, 113),
(15, 114),
(15, 115),
(15, 116),
(15, 156),
(15, 166),
(15, 200),
(15, 201),
(15, 202),
(15, 203),
(15, 204),
(15, 205),
(15, 206),
(15, 207),
(15, 208),
(15, 324),
(15, 331),
(15, 334),
(15, 338),
(15, 343),
(15, 348),
(15, 368),
(15, 374),
(17, 15),
(17, 16),
(17, 17),
(17, 18),
(17, 19),
(17, 20),
(17, 21),
(17, 22),
(17, 23),
(17, 24),
(17, 25),
(17, 26),
(17, 27),
(17, 28),
(17, 72),
(17, 81),
(17, 82),
(17, 103),
(17, 104),
(17, 105),
(17, 106),
(17, 107),
(17, 108),
(17, 109),
(17, 110),
(17, 111),
(17, 112),
(17, 113),
(17, 114),
(17, 115),
(17, 116),
(17, 156),
(17, 166),
(17, 200),
(17, 201),
(17, 202),
(17, 203),
(17, 204),
(17, 205),
(17, 206),
(17, 207),
(17, 208),
(17, 324),
(17, 331),
(17, 334),
(17, 338),
(17, 343),
(17, 348),
(17, 368),
(17, 374),
(19, 15),
(19, 16),
(19, 17),
(19, 18),
(19, 19),
(19, 20),
(19, 21),
(19, 22),
(19, 23),
(19, 24),
(19, 25),
(19, 26),
(19, 27),
(19, 28),
(19, 72),
(19, 81),
(19, 82),
(19, 103),
(19, 104),
(19, 105),
(19, 106),
(19, 107),
(19, 108),
(19, 109),
(19, 110),
(19, 111),
(19, 112),
(19, 113),
(19, 114),
(19, 115),
(19, 116),
(19, 156),
(19, 166),
(19, 200),
(19, 201),
(19, 202),
(19, 203),
(19, 204),
(19, 205),
(19, 206),
(19, 207),
(19, 208),
(19, 324),
(19, 331),
(19, 334),
(19, 338),
(19, 343),
(19, 348),
(19, 368),
(19, 374),
(20, 29),
(20, 30),
(20, 31),
(20, 32),
(20, 33),
(20, 34),
(20, 35),
(20, 36),
(20, 37),
(20, 38),
(20, 39),
(20, 75),
(20, 76),
(20, 77),
(20, 78),
(20, 83),
(20, 84),
(20, 117),
(20, 118),
(20, 119),
(20, 120),
(20, 121),
(20, 122),
(20, 123),
(20, 124),
(20, 125),
(20, 126),
(20, 127),
(20, 159),
(20, 160),
(20, 161),
(20, 162),
(20, 168),
(20, 209),
(20, 210),
(20, 211),
(20, 212),
(20, 213),
(20, 214),
(20, 215),
(20, 216),
(20, 217),
(20, 325),
(20, 332),
(20, 339),
(20, 344),
(20, 349),
(20, 369),
(20, 375),
(20, 376),
(21, 29),
(21, 30),
(21, 31),
(21, 32),
(21, 33),
(21, 34),
(21, 35),
(21, 36),
(21, 37),
(21, 38),
(21, 39),
(21, 75),
(21, 76),
(21, 77),
(21, 78),
(21, 83),
(21, 84),
(21, 117),
(21, 118),
(21, 119),
(21, 120),
(21, 121),
(21, 122),
(21, 123),
(21, 124),
(21, 125),
(21, 126),
(21, 127),
(21, 159),
(21, 160),
(21, 161),
(21, 162),
(21, 168),
(21, 209),
(21, 210),
(21, 211),
(21, 212),
(21, 213),
(21, 214),
(21, 215),
(21, 216),
(21, 217),
(21, 325),
(21, 332),
(21, 339),
(21, 344),
(21, 349),
(21, 369),
(21, 375),
(21, 376),
(22, 29),
(22, 30),
(22, 31),
(22, 32),
(22, 33),
(22, 34),
(22, 35),
(22, 36),
(22, 37),
(22, 38),
(22, 39),
(22, 75),
(22, 76),
(22, 77),
(22, 78),
(22, 83),
(22, 84),
(22, 117),
(22, 118),
(22, 119),
(22, 120),
(22, 121),
(22, 122),
(22, 123),
(22, 124),
(22, 125),
(22, 126),
(22, 127),
(22, 159),
(22, 160),
(22, 161),
(22, 162),
(22, 168),
(22, 209),
(22, 210),
(22, 211),
(22, 212),
(22, 213),
(22, 214),
(22, 215),
(22, 216),
(22, 217),
(22, 325),
(22, 332),
(22, 339),
(22, 344),
(22, 349),
(22, 369),
(22, 375),
(22, 376),
(23, 29),
(23, 30),
(23, 31),
(23, 32),
(23, 34),
(23, 35),
(23, 36),
(23, 37),
(23, 38),
(23, 39),
(23, 75),
(23, 76),
(23, 77),
(23, 78),
(23, 83),
(23, 84),
(23, 117),
(23, 118),
(23, 119),
(23, 120),
(23, 122),
(23, 123),
(23, 124),
(23, 125),
(23, 126),
(23, 127),
(23, 159),
(23, 160),
(23, 161),
(23, 162),
(23, 168),
(23, 209),
(23, 210),
(23, 211),
(23, 212),
(23, 213),
(23, 214),
(23, 215),
(23, 216),
(23, 217),
(23, 325),
(23, 332),
(23, 339),
(23, 344),
(23, 349),
(23, 369),
(23, 375),
(23, 376),
(24, 29),
(24, 30),
(24, 31),
(24, 32),
(24, 33),
(24, 34),
(24, 35),
(24, 36),
(24, 37),
(24, 38),
(24, 39),
(24, 75),
(24, 76),
(24, 77),
(24, 78),
(24, 83),
(24, 84),
(24, 117),
(24, 118),
(24, 119),
(24, 120),
(24, 121),
(24, 122),
(24, 123),
(24, 124),
(24, 125),
(24, 126),
(24, 127),
(24, 159),
(24, 160),
(24, 161),
(24, 162),
(24, 168),
(24, 209),
(24, 210),
(24, 211),
(24, 212),
(24, 213),
(24, 214),
(24, 215),
(24, 216),
(24, 217),
(24, 325),
(24, 332),
(24, 339),
(24, 344),
(24, 349),
(24, 369),
(24, 375),
(24, 376),
(25, 29),
(25, 30),
(25, 31),
(25, 32),
(25, 33),
(25, 34),
(25, 35),
(25, 36),
(25, 37),
(25, 38),
(25, 39),
(25, 75),
(25, 76),
(25, 77),
(25, 78),
(25, 83),
(25, 84),
(25, 117),
(25, 118),
(25, 119),
(25, 120),
(25, 121),
(25, 122),
(25, 123),
(25, 124),
(25, 125),
(25, 126),
(25, 127),
(25, 159),
(25, 160),
(25, 161),
(25, 162),
(25, 168),
(25, 209),
(25, 210),
(25, 211),
(25, 212),
(25, 213),
(25, 214),
(25, 215),
(25, 216),
(25, 217),
(25, 325),
(25, 332),
(25, 339),
(25, 344),
(25, 349),
(25, 369),
(25, 375),
(25, 376),
(26, 29),
(26, 30),
(26, 31),
(26, 32),
(26, 33),
(26, 34),
(26, 35),
(26, 36),
(26, 37),
(26, 38),
(26, 39),
(26, 75),
(26, 76),
(26, 77),
(26, 78),
(26, 83),
(26, 84),
(26, 117),
(26, 118),
(26, 119),
(26, 120),
(26, 121),
(26, 122),
(26, 123),
(26, 124),
(26, 125),
(26, 126),
(26, 127),
(26, 159),
(26, 160),
(26, 161),
(26, 162),
(26, 168),
(26, 209),
(26, 210),
(26, 211),
(26, 212),
(26, 213),
(26, 214),
(26, 215),
(26, 216),
(26, 217),
(26, 325),
(26, 332),
(26, 339),
(26, 344),
(26, 349),
(26, 369),
(26, 375),
(26, 376),
(27, 29),
(27, 30),
(27, 31),
(27, 32),
(27, 33),
(27, 34),
(27, 35),
(27, 36),
(27, 37),
(27, 38),
(27, 39),
(27, 75),
(27, 76),
(27, 77),
(27, 78),
(27, 83),
(27, 84),
(27, 117),
(27, 118),
(27, 119),
(27, 120),
(27, 121),
(27, 122),
(27, 123),
(27, 124),
(27, 125),
(27, 126),
(27, 127),
(27, 159),
(27, 160),
(27, 161),
(27, 162),
(27, 168),
(27, 209),
(27, 210),
(27, 211),
(27, 212),
(27, 213),
(27, 214),
(27, 215),
(27, 216),
(27, 217),
(27, 325),
(27, 332),
(27, 339),
(27, 344),
(27, 349),
(27, 369),
(27, 375),
(27, 376),
(28, 29),
(28, 30),
(28, 31),
(28, 32),
(28, 33),
(28, 34),
(28, 35),
(28, 36),
(28, 37),
(28, 38),
(28, 39),
(28, 75),
(28, 76),
(28, 77),
(28, 78),
(28, 83),
(28, 84),
(28, 117),
(28, 118),
(28, 119),
(28, 120),
(28, 121),
(28, 122),
(28, 123),
(28, 124),
(28, 125),
(28, 126),
(28, 127),
(28, 159),
(28, 160),
(28, 161),
(28, 162),
(28, 168),
(28, 209),
(28, 210),
(28, 211),
(28, 212),
(28, 213),
(28, 214),
(28, 215),
(28, 216),
(28, 217),
(28, 325),
(28, 332),
(28, 339),
(28, 344),
(28, 349),
(28, 369),
(28, 375),
(28, 376),
(29, 43),
(29, 44),
(29, 45),
(29, 46),
(29, 47),
(29, 48),
(29, 49),
(29, 50),
(29, 51),
(29, 52),
(29, 53),
(29, 54),
(29, 55),
(29, 56),
(29, 74),
(29, 85),
(29, 86),
(29, 87),
(29, 128),
(29, 129),
(29, 130),
(29, 131),
(29, 132),
(29, 133),
(29, 134),
(29, 135),
(29, 136),
(29, 137),
(29, 138),
(29, 139),
(29, 140),
(29, 141),
(29, 158),
(29, 170),
(29, 171),
(29, 256),
(29, 257),
(29, 258),
(29, 259),
(29, 260),
(29, 261),
(29, 262),
(29, 263),
(29, 264),
(29, 265),
(29, 266),
(29, 267),
(29, 268),
(29, 269),
(29, 271),
(30, 43),
(30, 44),
(30, 45),
(30, 46),
(30, 47),
(30, 48),
(30, 49),
(30, 50),
(30, 51),
(30, 52),
(30, 53),
(30, 54),
(30, 55),
(30, 56),
(30, 74),
(30, 85),
(30, 86),
(30, 87),
(30, 128),
(30, 129),
(30, 130),
(30, 131),
(30, 133),
(30, 134),
(30, 135),
(30, 136),
(30, 137),
(30, 138),
(30, 139),
(30, 140),
(30, 141),
(30, 158),
(30, 170),
(30, 171),
(30, 221),
(30, 225),
(30, 227),
(30, 228),
(30, 229),
(30, 230),
(30, 231),
(30, 232),
(30, 233),
(30, 234),
(30, 235),
(30, 236),
(30, 238),
(30, 239),
(30, 255),
(32, 43),
(32, 44),
(32, 45),
(32, 46),
(32, 47),
(32, 48),
(32, 49),
(32, 50),
(32, 51),
(32, 52),
(32, 53),
(32, 54),
(32, 55),
(32, 56),
(32, 74),
(32, 85),
(32, 86),
(32, 87),
(32, 128),
(32, 129),
(32, 130),
(32, 131),
(32, 132),
(32, 133),
(32, 134),
(32, 135),
(32, 136),
(32, 137),
(32, 138),
(32, 139),
(32, 140),
(32, 141),
(32, 158),
(32, 170),
(32, 171),
(32, 256),
(32, 257),
(32, 258),
(32, 259),
(32, 260),
(32, 261),
(32, 262),
(32, 263),
(32, 264),
(32, 265),
(32, 266),
(32, 267),
(32, 268),
(32, 269),
(32, 271),
(33, 43),
(33, 44),
(33, 45),
(33, 46),
(33, 47),
(33, 48),
(33, 49),
(33, 50),
(33, 51),
(33, 52),
(33, 53),
(33, 54),
(33, 55),
(33, 56),
(33, 74),
(33, 85),
(33, 86),
(33, 87),
(33, 128),
(33, 129),
(33, 130),
(33, 131),
(33, 132),
(33, 133),
(33, 134),
(33, 135),
(33, 136),
(33, 137),
(33, 138),
(33, 139),
(33, 140),
(33, 141),
(33, 158),
(33, 170),
(33, 171),
(33, 221),
(33, 225),
(33, 227),
(33, 228),
(33, 229),
(33, 230),
(33, 231),
(33, 232),
(33, 233),
(33, 234),
(33, 235),
(33, 236),
(33, 238),
(33, 239),
(33, 255),
(34, 43),
(34, 44),
(34, 45),
(34, 46),
(34, 47),
(34, 48),
(34, 49),
(34, 50),
(34, 51),
(34, 52),
(34, 53),
(34, 54),
(34, 55),
(34, 56),
(34, 74),
(34, 85),
(34, 86),
(34, 87),
(34, 128),
(34, 129),
(34, 130),
(34, 131),
(34, 132),
(34, 133),
(34, 134),
(34, 135),
(34, 136),
(34, 137),
(34, 138),
(34, 139),
(34, 140),
(34, 141),
(34, 158),
(34, 170),
(34, 171),
(34, 221),
(34, 225),
(34, 227),
(34, 228),
(34, 229),
(34, 230),
(34, 231),
(34, 232),
(34, 233),
(34, 234),
(34, 235),
(34, 236),
(34, 238),
(34, 239),
(34, 255),
(35, 43),
(35, 44),
(35, 45),
(35, 46),
(35, 47),
(35, 48),
(35, 49),
(35, 50),
(35, 51),
(35, 52),
(35, 53),
(35, 54),
(35, 55),
(35, 56),
(35, 74),
(35, 85),
(35, 86),
(35, 87),
(35, 128),
(35, 129),
(35, 130),
(35, 131),
(35, 132),
(35, 133),
(35, 134),
(35, 135),
(35, 136),
(35, 137),
(35, 138),
(35, 139),
(35, 140),
(35, 141),
(35, 158),
(35, 170),
(35, 171),
(35, 221),
(35, 225),
(35, 227),
(35, 228),
(35, 229),
(35, 230),
(35, 231),
(35, 232),
(35, 233),
(35, 234),
(35, 235),
(35, 236),
(35, 238),
(35, 239),
(35, 255),
(36, 43),
(36, 44),
(36, 45),
(36, 46),
(36, 47),
(36, 48),
(36, 49),
(36, 50),
(36, 51),
(36, 52),
(36, 53),
(36, 54),
(36, 55),
(36, 56),
(36, 74),
(36, 85),
(36, 86),
(36, 87),
(36, 128),
(36, 129),
(36, 130),
(36, 131),
(36, 132),
(36, 133),
(36, 134),
(36, 135),
(36, 136),
(36, 137),
(36, 138),
(36, 139),
(36, 140),
(36, 141),
(36, 158),
(36, 170),
(36, 171),
(37, 43),
(37, 44),
(37, 45),
(37, 46),
(37, 47),
(37, 48),
(37, 49),
(37, 50),
(37, 51),
(37, 52),
(37, 53),
(37, 54),
(37, 55),
(37, 56),
(37, 74),
(37, 85),
(37, 86),
(37, 87),
(37, 128),
(37, 129),
(37, 130),
(37, 131),
(37, 132),
(37, 133),
(37, 134),
(37, 135),
(37, 136),
(37, 137),
(37, 138),
(37, 139),
(37, 140),
(37, 141),
(37, 158),
(37, 170),
(37, 171),
(38, 57),
(38, 59),
(38, 60),
(38, 61),
(38, 62),
(38, 63),
(38, 64),
(38, 65),
(38, 66),
(38, 67),
(38, 68),
(38, 71),
(38, 88),
(38, 142),
(38, 144),
(38, 145),
(38, 147),
(38, 148),
(38, 150),
(38, 151),
(38, 152),
(38, 153),
(38, 155),
(38, 172),
(39, 57),
(39, 58),
(39, 59),
(39, 60),
(39, 61),
(39, 62),
(39, 63),
(39, 64),
(39, 65),
(39, 67),
(39, 68),
(39, 70),
(39, 71),
(39, 88),
(39, 142),
(39, 143),
(39, 145),
(39, 147),
(39, 148),
(39, 150),
(39, 153),
(39, 154),
(39, 155),
(39, 172),
(39, 272),
(39, 273),
(39, 274),
(39, 275),
(39, 276),
(39, 277),
(39, 278),
(39, 279),
(39, 280),
(39, 281),
(39, 282),
(39, 283),
(39, 284),
(39, 285),
(39, 287),
(40, 57),
(40, 59),
(40, 60),
(40, 61),
(40, 62),
(40, 63),
(40, 64),
(40, 65),
(40, 66),
(40, 67),
(40, 68),
(40, 71),
(40, 88),
(40, 142),
(40, 144),
(40, 145),
(40, 147),
(40, 148),
(40, 150),
(40, 151),
(40, 152),
(40, 153),
(40, 155),
(40, 172),
(41, 57),
(41, 59),
(41, 60),
(41, 61),
(41, 62),
(41, 63),
(41, 64),
(41, 65),
(41, 66),
(41, 67),
(41, 68),
(41, 71),
(41, 88),
(41, 142),
(41, 144),
(41, 145),
(41, 147),
(41, 148),
(41, 150),
(41, 151),
(41, 152),
(41, 153),
(41, 155),
(41, 172),
(42, 57),
(42, 59),
(42, 60),
(42, 61),
(42, 62),
(42, 63),
(42, 64),
(42, 65),
(42, 66),
(42, 67),
(42, 68),
(42, 71),
(42, 88),
(42, 142),
(42, 144),
(42, 145),
(42, 147),
(42, 148),
(42, 150),
(42, 151),
(42, 152),
(42, 153),
(42, 155),
(42, 172),
(43, 57),
(43, 58),
(43, 59),
(43, 60),
(43, 61),
(43, 62),
(43, 63),
(43, 64),
(43, 65),
(43, 67),
(43, 68),
(43, 70),
(43, 71),
(43, 88),
(43, 272),
(43, 273),
(43, 274),
(43, 275),
(43, 276),
(43, 277),
(43, 278),
(43, 279),
(43, 280),
(43, 281),
(43, 282),
(43, 283),
(43, 284),
(43, 285),
(43, 287),
(44, 1),
(44, 2),
(44, 3),
(44, 4),
(44, 5),
(44, 6),
(44, 7),
(44, 8),
(44, 9),
(44, 10),
(44, 11),
(44, 12),
(44, 13),
(44, 14),
(44, 73),
(44, 79),
(44, 80),
(44, 89),
(44, 90),
(44, 91),
(44, 92),
(44, 93),
(44, 94),
(44, 95),
(44, 96),
(44, 97),
(44, 98),
(44, 99),
(44, 100),
(44, 101),
(44, 102),
(44, 157),
(44, 164),
(44, 191),
(44, 192),
(44, 193),
(44, 194),
(44, 195),
(44, 196),
(44, 197),
(44, 198),
(44, 199),
(44, 323),
(44, 330),
(44, 333),
(44, 337),
(44, 342),
(44, 347),
(44, 367),
(44, 373),
(45, 15),
(45, 16),
(45, 17),
(45, 18),
(45, 19),
(45, 20),
(45, 21),
(45, 22),
(45, 23),
(45, 24),
(45, 25),
(45, 26),
(45, 27),
(45, 28),
(45, 72),
(45, 81),
(45, 82),
(45, 103),
(45, 104),
(45, 105),
(45, 106),
(45, 107),
(45, 108),
(45, 109),
(45, 110),
(45, 111),
(45, 112),
(45, 113),
(45, 114),
(45, 115),
(45, 116),
(45, 156),
(45, 166),
(45, 200),
(45, 201),
(45, 202),
(45, 203),
(45, 204),
(45, 205),
(45, 206),
(45, 207),
(45, 208),
(45, 324),
(45, 331),
(45, 334),
(45, 338),
(45, 343),
(45, 348),
(45, 368),
(45, 374),
(47, 15),
(47, 17),
(47, 19),
(47, 21),
(47, 24),
(47, 25),
(47, 27),
(47, 103),
(47, 104),
(47, 105),
(47, 106),
(47, 107),
(47, 108),
(47, 109),
(47, 110),
(47, 111),
(47, 112),
(47, 113),
(47, 114),
(47, 115),
(47, 116),
(47, 156),
(47, 166),
(47, 200),
(47, 201),
(47, 202),
(47, 203),
(47, 204),
(47, 205),
(47, 206),
(47, 207),
(47, 208),
(47, 324),
(47, 331),
(47, 334),
(47, 338),
(47, 343),
(47, 348),
(47, 368),
(47, 374),
(48, 182),
(48, 183),
(48, 184),
(48, 185),
(48, 186),
(48, 187),
(48, 188),
(48, 189),
(48, 190),
(48, 321),
(48, 326),
(48, 328),
(48, 335),
(48, 340),
(48, 345),
(48, 366),
(48, 371),
(49, 173),
(49, 174),
(49, 175),
(49, 176),
(49, 178),
(49, 179),
(49, 180),
(49, 181),
(49, 322),
(49, 327),
(49, 329),
(49, 336),
(49, 341),
(49, 346),
(49, 365),
(49, 370),
(49, 372),
(50, 173),
(50, 174),
(50, 175),
(50, 176),
(50, 178),
(50, 179),
(50, 180),
(50, 181),
(50, 322),
(50, 327),
(50, 329),
(50, 336),
(50, 341),
(50, 346),
(50, 365),
(50, 370),
(50, 372),
(51, 173),
(51, 174),
(51, 175),
(51, 176),
(51, 178),
(51, 179),
(51, 180),
(51, 181),
(51, 322),
(51, 327),
(51, 329),
(51, 336),
(51, 341),
(51, 346),
(51, 365),
(51, 370),
(51, 372),
(52, 182),
(52, 183),
(52, 184),
(52, 185),
(52, 186),
(52, 187),
(52, 188),
(52, 189),
(52, 190),
(52, 321),
(52, 326),
(52, 328),
(52, 335),
(52, 340),
(52, 345),
(52, 366),
(52, 371),
(53, 173),
(53, 174),
(53, 175),
(53, 176),
(53, 178),
(53, 179),
(53, 180),
(53, 181),
(53, 322),
(53, 327),
(53, 329),
(53, 336),
(53, 341),
(53, 346),
(53, 365),
(53, 370),
(53, 372),
(54, 173),
(54, 174),
(54, 175),
(54, 176),
(54, 178),
(54, 179),
(54, 180),
(54, 181),
(54, 322),
(54, 327),
(54, 329),
(54, 336),
(54, 341),
(54, 346),
(54, 365),
(54, 370),
(54, 372),
(55, 182),
(55, 183),
(55, 184),
(55, 185),
(55, 186),
(55, 187),
(55, 188),
(55, 189),
(55, 190),
(55, 321),
(55, 326),
(55, 328),
(55, 335),
(55, 340),
(55, 345),
(55, 366),
(55, 371),
(56, 182),
(56, 183),
(56, 184),
(56, 185),
(56, 186),
(56, 187),
(56, 188),
(56, 189),
(56, 190),
(56, 321),
(56, 326),
(56, 328),
(56, 335),
(56, 340),
(56, 345),
(56, 366),
(56, 371),
(57, 182),
(57, 183),
(57, 184),
(57, 185),
(57, 186),
(57, 187),
(57, 188),
(57, 189),
(57, 190),
(57, 321),
(57, 326),
(57, 328),
(57, 335),
(57, 340),
(57, 345),
(57, 366),
(57, 371),
(58, 173),
(58, 174),
(58, 175),
(58, 176),
(58, 178),
(58, 179),
(58, 180),
(58, 181),
(58, 322),
(58, 327),
(58, 329),
(58, 336),
(58, 341),
(58, 346),
(58, 365),
(58, 370),
(58, 372),
(59, 173),
(59, 174),
(59, 175),
(59, 176),
(59, 178),
(59, 179),
(59, 180),
(59, 181),
(59, 322),
(59, 327),
(59, 329),
(59, 336),
(59, 341),
(59, 346),
(59, 365),
(59, 370),
(59, 372),
(60, 173),
(60, 174),
(60, 175),
(60, 176),
(60, 178),
(60, 179),
(60, 180),
(60, 181),
(60, 322),
(60, 327),
(60, 329),
(60, 336),
(60, 341),
(60, 346),
(60, 365),
(60, 370),
(60, 372),
(61, 182),
(61, 183),
(61, 185),
(61, 186),
(61, 187),
(61, 188),
(61, 189),
(61, 190),
(61, 321),
(61, 326),
(61, 328),
(61, 335),
(61, 340),
(61, 345),
(61, 366),
(61, 371),
(62, 182),
(62, 183),
(62, 184),
(62, 185),
(62, 186),
(62, 187),
(62, 188),
(62, 189),
(62, 190),
(62, 321),
(62, 326),
(62, 328),
(62, 335),
(62, 340),
(62, 345),
(62, 366),
(62, 371),
(63, 182),
(63, 183),
(63, 184),
(63, 185),
(63, 186),
(63, 187),
(63, 188),
(63, 189),
(63, 190),
(63, 321),
(63, 326),
(63, 328),
(63, 335),
(63, 340),
(63, 345),
(63, 366),
(63, 371),
(64, 173),
(64, 174),
(64, 175),
(64, 176),
(64, 178),
(64, 179),
(64, 180),
(64, 181),
(64, 322),
(64, 327),
(64, 329),
(64, 336),
(64, 341),
(64, 346),
(64, 365),
(64, 370),
(64, 372),
(65, 173),
(65, 174),
(65, 175),
(65, 176),
(65, 178),
(65, 179),
(65, 180),
(65, 181),
(65, 322),
(65, 327),
(65, 329),
(65, 336),
(65, 341),
(65, 346),
(65, 365),
(65, 370),
(65, 372),
(66, 173),
(66, 174),
(66, 175),
(66, 176),
(66, 178),
(66, 179),
(66, 180),
(66, 181),
(66, 322),
(66, 327),
(66, 329),
(66, 336),
(66, 341),
(66, 346),
(66, 365),
(66, 370),
(66, 372),
(67, 173),
(67, 174),
(67, 175),
(67, 176),
(67, 178),
(67, 179),
(67, 180),
(67, 181),
(67, 322),
(67, 327),
(67, 329),
(67, 336),
(67, 341),
(67, 346),
(67, 365),
(67, 370),
(67, 372),
(68, 173),
(68, 174),
(68, 175),
(68, 176),
(68, 178),
(68, 179),
(68, 180),
(68, 181),
(68, 322),
(68, 327),
(68, 329),
(68, 336),
(68, 341),
(68, 346),
(68, 365),
(68, 370),
(68, 372),
(69, 182),
(69, 183),
(69, 185),
(69, 186),
(69, 187),
(69, 188),
(69, 189),
(69, 190),
(69, 321),
(69, 326),
(69, 328),
(69, 335),
(69, 340),
(69, 345),
(69, 366),
(69, 371),
(70, 182),
(70, 183),
(70, 184),
(70, 185),
(70, 186),
(70, 187),
(70, 188),
(70, 189),
(70, 190),
(70, 321),
(70, 326),
(70, 328),
(70, 335),
(70, 340),
(70, 345),
(70, 366),
(70, 371),
(71, 182),
(71, 183),
(71, 185),
(71, 186),
(71, 187),
(71, 188),
(71, 189),
(71, 190),
(71, 321),
(71, 326),
(71, 328),
(71, 335),
(71, 340),
(71, 345),
(71, 366),
(71, 371),
(72, 191),
(72, 192),
(72, 193),
(72, 194),
(72, 195),
(72, 196),
(72, 197),
(72, 198),
(72, 199),
(72, 323),
(72, 330),
(72, 333),
(72, 337),
(72, 342),
(72, 347),
(72, 367),
(72, 373),
(73, 209),
(73, 210),
(73, 211),
(73, 212),
(73, 213),
(73, 214),
(73, 215),
(73, 216),
(73, 217),
(73, 325),
(73, 332),
(73, 339),
(73, 344),
(73, 349),
(73, 369),
(73, 375),
(73, 376),
(74, 209),
(74, 210),
(74, 211),
(74, 212),
(74, 213),
(74, 214),
(74, 215),
(74, 216),
(74, 217),
(74, 325),
(74, 332),
(74, 339),
(74, 344),
(74, 349),
(74, 369),
(74, 375),
(74, 376),
(75, 200),
(75, 201),
(75, 202),
(75, 203),
(75, 204),
(75, 205),
(75, 206),
(75, 207),
(75, 208),
(75, 324),
(75, 331),
(75, 334),
(75, 338),
(75, 343),
(75, 348),
(75, 368),
(75, 374),
(76, 288),
(76, 289),
(76, 290),
(76, 291),
(76, 292),
(76, 293),
(76, 294),
(76, 295),
(76, 296),
(76, 297),
(76, 298),
(76, 299),
(76, 300),
(76, 301),
(76, 303),
(77, 209),
(77, 210),
(77, 211),
(77, 212),
(77, 213),
(77, 214),
(77, 215),
(77, 216),
(77, 217),
(77, 325),
(77, 332),
(77, 339),
(77, 344),
(77, 349),
(77, 369),
(77, 375),
(77, 376),
(78, 272),
(78, 273),
(78, 274),
(78, 275),
(78, 276),
(78, 277),
(78, 278),
(78, 279),
(78, 280),
(78, 281),
(78, 282),
(78, 283),
(78, 284),
(78, 285),
(78, 287),
(79, 221),
(79, 225),
(79, 227),
(79, 228),
(79, 229),
(79, 230),
(79, 231),
(79, 232),
(79, 233),
(79, 234),
(79, 235),
(79, 236),
(79, 238),
(79, 239),
(79, 255),
(80, 240),
(80, 241),
(80, 242),
(80, 243),
(80, 244),
(80, 245),
(80, 246),
(80, 247),
(80, 248),
(80, 249),
(80, 251),
(80, 252),
(80, 253),
(80, 254),
(80, 320),
(81, 272),
(81, 273),
(81, 274),
(81, 275),
(81, 276),
(81, 277),
(81, 278),
(81, 279),
(81, 280),
(81, 281),
(81, 282),
(81, 283),
(81, 284),
(81, 285),
(81, 287),
(86, 304),
(86, 305),
(86, 306),
(86, 307),
(86, 308),
(86, 309),
(86, 310),
(86, 311),
(86, 312),
(86, 313),
(86, 314),
(86, 315),
(86, 316),
(86, 317),
(86, 319),
(88, 304),
(88, 305),
(88, 306),
(88, 307),
(88, 308),
(88, 309),
(88, 310),
(88, 311),
(88, 312),
(88, 313),
(88, 314),
(88, 315),
(88, 316),
(88, 317),
(88, 319),
(90, 304),
(90, 305),
(90, 306),
(90, 307),
(90, 308),
(90, 309),
(90, 310),
(90, 311),
(90, 312),
(90, 313),
(90, 314),
(90, 315),
(90, 316),
(90, 317),
(90, 319),
(91, 304),
(91, 305),
(91, 306),
(91, 307),
(91, 308),
(91, 309),
(91, 310),
(91, 311),
(91, 312),
(91, 313),
(91, 314),
(91, 315),
(91, 316),
(91, 317),
(91, 319),
(92, 182),
(92, 183),
(92, 184),
(92, 185),
(92, 186),
(92, 187),
(92, 188),
(92, 189),
(92, 190),
(92, 321),
(92, 326),
(92, 328),
(92, 335),
(92, 340),
(92, 345),
(92, 366),
(92, 371),
(93, 191),
(93, 193),
(93, 194),
(93, 196),
(93, 197),
(93, 198),
(93, 199),
(93, 323),
(93, 333),
(93, 342),
(93, 367),
(93, 373),
(94, 173),
(94, 175),
(94, 176),
(94, 178),
(94, 179),
(94, 180),
(94, 181),
(94, 322),
(94, 327),
(94, 329),
(94, 336),
(94, 341),
(94, 346),
(94, 365),
(94, 370),
(94, 372),
(95, 182),
(95, 185),
(95, 186),
(95, 187),
(95, 188),
(95, 189),
(95, 190),
(95, 321),
(95, 326),
(95, 328),
(95, 335),
(95, 340),
(95, 345),
(95, 366),
(95, 371),
(96, 182),
(96, 185),
(96, 186),
(96, 187),
(96, 188),
(96, 189),
(96, 190),
(96, 321),
(96, 326),
(96, 328),
(96, 335),
(96, 340),
(96, 345),
(96, 366),
(96, 371);

-- --------------------------------------------------------

--
-- Stand-in structure for view `subjects_assessmentsviews`
-- (See below for the actual view)
--
CREATE TABLE `subjects_assessmentsviews` (
`tutor` varchar(91)
,`tutor_id` int(10) unsigned
,`classroom_id` int(10) unsigned
,`subject_classroom_id` int(10) unsigned
,`subject_id` int(10) unsigned
,`subject` varchar(255)
,`subject_group_id` int(10) unsigned
,`academic_term_id` int(10) unsigned
,`academic_term` varchar(100)
,`exam_status_id` int(10) unsigned
,`exam_status` varchar(10)
,`classlevel_id` int(10) unsigned
,`classroom` varchar(255)
,`assessment_id` int(10) unsigned
,`marked` int(10) unsigned
,`assessment_setup_detail_id` int(10) unsigned
,`number` tinyint(4)
,`weight_point` double(8,2) unsigned
,`percentage` int(10) unsigned
,`assessment_setup_id` int(10) unsigned
,`submission_date` date
,`description` varchar(255)
);

-- --------------------------------------------------------

--
-- Stand-in structure for view `subjects_classroomviews`
-- (See below for the actual view)
--
CREATE TABLE `subjects_classroomviews` (
`tutor` varchar(91)
,`tutor_id` int(10) unsigned
,`classroom_id` int(10) unsigned
,`subject_classroom_id` int(10) unsigned
,`subject_id` int(10) unsigned
,`subject` varchar(255)
,`subject_group_id` int(10) unsigned
,`academic_term_id` int(10) unsigned
,`academic_term` varchar(100)
,`exam_status_id` int(10) unsigned
,`exam_status` varchar(10)
,`classlevel_id` int(10) unsigned
,`classroom` varchar(255)
);

-- --------------------------------------------------------

--
-- Table structure for table `subject_classrooms`
--

CREATE TABLE `subject_classrooms` (
  `subject_classroom_id` int(10) UNSIGNED NOT NULL,
  `subject_id` int(10) UNSIGNED NOT NULL,
  `classroom_id` int(10) UNSIGNED NOT NULL,
  `academic_term_id` int(10) UNSIGNED NOT NULL,
  `exam_status_id` int(10) UNSIGNED NOT NULL DEFAULT '2',
  `tutor_id` int(10) UNSIGNED DEFAULT NULL,
  `created_at` timestamp NULL DEFAULT NULL,
  `updated_at` timestamp NULL DEFAULT NULL
) ENGINE=InnoDB DEFAULT CHARSET=utf8 COLLATE=utf8_unicode_ci;

--
-- Dumping data for table `subject_classrooms`
--

INSERT INTO `subject_classrooms` (`subject_classroom_id`, `subject_id`, `classroom_id`, `academic_term_id`, `exam_status_id`, `tutor_id`, `created_at`, `updated_at`) VALUES
(1, 14, 1, 1, 2, 122, '2016-05-18 18:41:54', '2016-05-18 18:41:45'),
(2, 3, 1, 1, 2, 122, '2016-05-18 18:41:54', '2016-05-18 18:41:54'),
(3, 4, 1, 1, 2, 7, '2016-05-18 18:41:54', '2016-05-18 18:16:01'),
(4, 5, 1, 1, 2, 8, '2016-05-18 18:41:54', '2016-05-18 18:16:08'),
(5, 16, 1, 1, 2, 4, NULL, '2016-05-18 18:19:27'),
(6, 38, 1, 1, 2, 6, '2016-05-18 18:41:54', '2016-05-18 18:17:08'),
(7, 9, 1, 1, 2, 3, NULL, '2016-05-18 18:17:07'),
(8, 1, 1, 1, 2, 6, NULL, '2016-05-18 18:17:14'),
(9, 39, 1, 1, 2, 123, NULL, '2016-05-18 18:42:01'),
(10, 15, 1, 1, 2, 3, NULL, '2016-05-18 18:17:32'),
(11, 2, 1, 1, 2, 7, NULL, '2016-05-18 18:19:42'),
(12, 8, 1, 1, 2, 12, NULL, '2016-05-18 18:19:47'),
(13, 6, 1, 1, 2, 4, NULL, '2016-05-18 18:19:50'),
(14, 13, 1, 1, 2, 124, NULL, '2016-05-18 18:42:08'),
(15, 14, 2, 1, 2, 122, NULL, '2016-05-18 18:42:54'),
(16, 3, 2, 1, 2, 122, NULL, '2016-05-18 18:42:58'),
(17, 4, 2, 1, 2, 7, NULL, '2016-05-18 18:43:03'),
(18, 5, 2, 1, 2, 8, NULL, '2016-05-18 18:43:06'),
(19, 16, 2, 1, 2, 4, NULL, '2016-05-18 18:43:12'),
(20, 38, 2, 1, 2, 6, NULL, '2016-05-18 18:43:18'),
(21, 9, 2, 1, 2, 3, NULL, '2016-05-18 18:43:22'),
(22, 1, 2, 1, 2, 6, NULL, '2016-05-18 18:43:26'),
(23, 39, 2, 1, 2, 123, NULL, '2016-05-18 18:43:30'),
(24, 15, 2, 1, 2, 3, NULL, '2016-05-18 18:43:33'),
(25, 2, 2, 1, 2, 7, NULL, '2016-05-18 18:43:40'),
(26, 8, 2, 1, 2, 12, NULL, '2016-05-18 18:43:43'),
(27, 6, 2, 1, 2, 4, NULL, '2016-05-18 18:43:54'),
(28, 13, 2, 1, 2, 124, NULL, '2016-05-18 18:43:58'),
(29, 14, 3, 1, 2, 3, NULL, '2016-05-18 18:49:07'),
(30, 3, 3, 1, 2, 122, NULL, '2016-05-18 18:45:42'),
(31, 4, 3, 1, 2, 7, NULL, '2016-05-18 18:45:49'),
(32, 5, 3, 1, 2, 8, NULL, '2016-05-18 18:46:01'),
(33, 16, 3, 1, 2, 4, NULL, '2016-06-10 19:14:23'),
(34, 38, 3, 1, 2, 4, NULL, '2016-05-18 18:46:20'),
(35, 9, 3, 1, 2, 3, NULL, '2016-05-18 18:46:23'),
(36, 1, 3, 1, 2, 6, NULL, '2016-05-18 18:46:30'),
(37, 39, 3, 1, 2, 123, NULL, '2016-05-18 18:46:36'),
(38, 15, 3, 1, 2, 3, NULL, '2016-05-18 18:46:38'),
(39, 2, 3, 1, 2, 7, NULL, '2016-05-18 18:46:51'),
(43, 14, 4, 1, 2, 122, NULL, '2016-05-18 18:50:43'),
(44, 3, 4, 1, 2, 122, NULL, '2016-05-18 18:50:47'),
(45, 4, 4, 1, 2, 7, NULL, '2016-05-18 18:50:51'),
(46, 5, 4, 1, 2, 8, NULL, '2016-05-18 18:50:59'),
(47, 16, 4, 1, 2, 124, NULL, '2016-05-18 18:51:10'),
(48, 38, 4, 1, 2, 4, NULL, '2016-05-18 18:51:14'),
(49, 9, 4, 1, 2, 3, NULL, '2016-05-18 18:51:17'),
(50, 1, 4, 1, 2, 6, NULL, '2016-05-18 18:51:28'),
(51, 39, 4, 1, 2, 123, NULL, '2016-05-18 18:51:38'),
(52, 15, 4, 1, 2, 3, NULL, '2016-05-18 18:51:41'),
(53, 2, 4, 1, 2, 7, NULL, '2016-05-18 18:51:47'),
(54, 8, 4, 1, 2, 12, NULL, '2016-05-18 18:51:50'),
(55, 6, 4, 1, 2, 4, NULL, '2016-05-18 18:51:56'),
(56, 13, 4, 1, 2, 124, NULL, '2016-05-18 18:52:01'),
(57, 23, 5, 1, 2, 122, NULL, '2016-05-18 18:52:27'),
(58, 22, 5, 1, 2, 122, NULL, '2016-05-18 18:52:31'),
(59, 16, 5, 1, 2, 124, NULL, '2016-05-18 18:52:42'),
(60, 38, 5, 1, 2, 6, NULL, '2016-06-10 19:15:31'),
(61, 9, 5, 1, 2, 3, NULL, '2016-05-18 18:52:54'),
(62, 32, 5, 1, 2, 10, NULL, '2016-05-18 18:52:57'),
(63, 1, 5, 1, 2, 6, NULL, '2016-05-18 18:53:02'),
(64, 24, 5, 1, 2, 3, NULL, '2016-05-18 18:53:12'),
(65, 34, 5, 1, 2, 9, NULL, '2016-05-18 18:53:16'),
(66, 33, 5, 1, 2, 4, NULL, '2016-05-18 18:53:20'),
(67, 19, 5, 1, 2, 6, NULL, '2016-05-18 18:53:31'),
(68, 2, 5, 1, 2, 7, NULL, '2016-05-18 18:53:34'),
(70, 21, 5, 1, 2, 7, NULL, '2016-05-18 18:53:49'),
(71, 13, 5, 1, 2, 124, NULL, '2016-05-18 18:53:52'),
(72, 26, 2, 1, 2, 125, NULL, '2016-05-18 19:03:06'),
(73, 26, 1, 1, 2, 125, NULL, '2016-05-18 19:02:37'),
(74, 26, 4, 1, 2, 125, NULL, '2016-05-18 19:03:53'),
(75, 26, 3, 1, 2, 125, NULL, '2016-05-18 19:03:31'),
(76, 8, 3, 1, 2, 12, NULL, '2016-05-18 18:48:40'),
(77, 6, 3, 1, 2, 4, NULL, '2016-05-18 18:48:44'),
(78, 13, 3, 1, 2, 124, NULL, '2016-05-18 18:48:50'),
(79, 48, 1, 1, 2, NULL, NULL, NULL),
(80, 47, 1, 1, 2, NULL, NULL, NULL),
(81, 48, 2, 1, 2, NULL, NULL, NULL),
(82, 47, 2, 1, 2, NULL, NULL, NULL),
(83, 48, 3, 1, 2, NULL, NULL, NULL),
(84, 47, 3, 1, 2, NULL, NULL, NULL),
(85, 48, 4, 1, 2, NULL, NULL, NULL),
(86, 47, 4, 1, 2, NULL, NULL, NULL),
(87, 7, 4, 1, 2, NULL, NULL, NULL),
(88, 47, 5, 1, 2, NULL, NULL, NULL),
(89, 14, 1, 2, 1, 122, NULL, NULL),
(90, 3, 1, 2, 1, 122, NULL, NULL),
(91, 4, 1, 2, 1, 7, NULL, NULL),
(92, 5, 1, 2, 1, 8, NULL, NULL),
(93, 16, 1, 2, 1, 4, NULL, NULL),
(94, 38, 1, 2, 1, 6, NULL, NULL),
(95, 9, 1, 2, 1, 3, NULL, NULL),
(96, 1, 1, 2, 1, 6, NULL, NULL),
(97, 39, 1, 2, 1, 123, NULL, NULL),
(98, 15, 1, 2, 1, 3, NULL, NULL),
(99, 2, 1, 2, 1, 7, NULL, NULL),
(100, 8, 1, 2, 1, 12, NULL, NULL),
(101, 6, 1, 2, 1, 4, NULL, NULL),
(102, 13, 1, 2, 1, 124, NULL, NULL),
(103, 14, 2, 2, 1, 122, NULL, NULL),
(104, 3, 2, 2, 1, 122, NULL, NULL),
(105, 4, 2, 2, 1, 7, NULL, NULL),
(106, 5, 2, 2, 1, 8, NULL, NULL),
(107, 16, 2, 2, 1, 4, NULL, NULL),
(108, 38, 2, 2, 1, 6, NULL, NULL),
(109, 9, 2, 2, 1, 3, NULL, NULL),
(110, 1, 2, 2, 1, 6, NULL, NULL),
(111, 39, 2, 2, 1, 123, NULL, NULL),
(112, 15, 2, 2, 1, 3, NULL, NULL),
(113, 2, 2, 2, 1, 7, NULL, NULL),
(114, 8, 2, 2, 1, 12, NULL, NULL),
(115, 6, 2, 2, 1, 4, NULL, NULL),
(116, 13, 2, 2, 1, 124, NULL, NULL),
(117, 14, 3, 2, 1, 3, NULL, NULL),
(118, 3, 3, 2, 1, 122, NULL, NULL),
(119, 4, 3, 2, 1, 7, NULL, NULL),
(120, 5, 3, 2, 1, 8, NULL, NULL),
(121, 16, 3, 2, 1, 4, NULL, NULL),
(122, 38, 3, 2, 1, 4, NULL, NULL),
(123, 9, 3, 2, 1, 3, NULL, NULL),
(124, 1, 3, 2, 1, 6, NULL, NULL),
(125, 39, 3, 2, 1, 123, NULL, NULL),
(126, 15, 3, 2, 1, 3, NULL, NULL),
(127, 2, 3, 2, 1, 7, NULL, NULL),
(128, 14, 4, 2, 1, 122, NULL, NULL),
(129, 3, 4, 2, 1, 122, NULL, NULL),
(130, 4, 4, 2, 1, 7, NULL, NULL),
(131, 5, 4, 2, 1, 8, NULL, NULL),
(132, 16, 4, 2, 1, 124, NULL, NULL),
(133, 38, 4, 2, 1, 4, NULL, NULL),
(134, 9, 4, 2, 1, 3, NULL, NULL),
(135, 1, 4, 2, 1, 6, NULL, NULL),
(136, 39, 4, 2, 1, 123, NULL, NULL),
(137, 15, 4, 2, 1, 3, NULL, NULL),
(138, 2, 4, 2, 1, 7, NULL, NULL),
(139, 8, 4, 2, 1, 12, NULL, NULL),
(140, 6, 4, 2, 1, 4, NULL, NULL),
(141, 13, 4, 2, 1, 124, NULL, NULL),
(142, 23, 5, 2, 1, 122, NULL, NULL),
(143, 22, 5, 2, 1, 122, NULL, NULL),
(144, 16, 5, 2, 1, 124, NULL, NULL),
(145, 38, 5, 2, 1, 6, NULL, NULL),
(147, 32, 5, 2, 1, 10, NULL, NULL),
(148, 1, 5, 2, 1, 6, NULL, NULL),
(150, 34, 5, 2, 1, 9, NULL, NULL),
(151, 33, 5, 2, 1, 4, NULL, NULL),
(152, 19, 5, 2, 1, 6, NULL, NULL),
(153, 2, 5, 2, 1, 7, NULL, NULL),
(154, 21, 5, 2, 1, 7, NULL, NULL),
(155, 13, 5, 2, 1, 124, NULL, NULL),
(156, 26, 2, 2, 1, 125, NULL, NULL),
(157, 26, 1, 2, 1, 125, NULL, NULL),
(158, 26, 4, 2, 1, 125, NULL, NULL),
(159, 26, 3, 2, 1, 125, NULL, NULL),
(160, 8, 3, 2, 1, 12, NULL, NULL),
(161, 6, 3, 2, 1, 4, NULL, NULL),
(162, 13, 3, 2, 1, 124, NULL, NULL),
(164, 47, 1, 2, 1, NULL, NULL, NULL),
(166, 47, 2, 2, 1, NULL, NULL, NULL),
(168, 47, 3, 2, 1, NULL, NULL, NULL),
(170, 47, 4, 2, 1, NULL, NULL, NULL),
(171, 7, 4, 2, 1, NULL, NULL, NULL),
(172, 47, 5, 2, 1, NULL, NULL, NULL),
(173, 3, 2, 4, 1, 15, NULL, '2016-11-17 22:57:37'),
(174, 5, 2, 4, 1, 130, NULL, '2016-11-17 23:00:08'),
(175, 16, 2, 4, 1, 12, NULL, '2016-11-17 21:21:45'),
(176, 1, 2, 4, 1, 6, NULL, '2016-10-07 18:31:42'),
(178, 7, 2, 4, 1, 167, NULL, '2016-11-22 18:16:18'),
(179, 15, 2, 4, 1, 2, NULL, '2016-11-17 22:54:30'),
(180, 2, 2, 4, 1, 9, NULL, '2016-11-17 23:05:09'),
(181, 13, 2, 4, 1, 124, NULL, '2016-11-17 23:17:14'),
(182, 3, 1, 4, 1, 15, NULL, '2016-11-17 22:57:40'),
(183, 5, 1, 4, 1, 130, NULL, '2016-11-17 23:00:13'),
(184, 16, 1, 4, 1, 12, NULL, '2016-11-17 21:22:09'),
(185, 1, 1, 4, 1, 6, NULL, '2016-11-17 21:56:44'),
(186, 39, 1, 4, 1, 123, NULL, '2016-11-17 23:21:02'),
(187, 7, 1, 4, 1, 167, NULL, '2016-11-23 21:10:39'),
(188, 15, 1, 4, 1, 2, NULL, '2016-11-17 22:54:35'),
(189, 2, 1, 4, 1, 9, NULL, '2016-11-17 23:05:16'),
(190, 13, 1, 4, 1, 124, NULL, '2016-11-17 23:18:01'),
(191, 3, 3, 4, 1, 15, NULL, '2016-11-17 22:57:53'),
(192, 5, 3, 4, 1, 130, NULL, '2016-11-17 23:00:36'),
(193, 16, 3, 4, 1, 12, NULL, '2016-11-17 21:22:44'),
(194, 1, 3, 4, 1, 6, NULL, '2016-11-17 21:57:49'),
(195, 39, 3, 4, 1, 123, NULL, '2016-11-17 23:21:22'),
(196, 7, 3, 4, 1, 167, NULL, '2016-11-23 21:12:01'),
(197, 15, 3, 4, 1, 2, NULL, '2016-11-17 22:54:56'),
(198, 2, 3, 4, 1, 15, NULL, '2016-11-23 21:12:08'),
(199, 13, 3, 4, 1, 124, NULL, '2016-11-17 23:17:32'),
(200, 3, 6, 4, 1, 15, NULL, '2016-11-17 22:57:55'),
(201, 5, 6, 4, 1, 130, NULL, '2016-11-17 23:00:43'),
(202, 16, 6, 4, 1, 12, NULL, '2016-11-17 21:22:51'),
(203, 1, 6, 4, 1, 6, NULL, '2016-11-17 21:57:54'),
(204, 39, 6, 4, 1, 123, NULL, '2016-11-17 23:21:26'),
(205, 7, 6, 4, 1, 167, NULL, '2016-11-23 21:13:01'),
(206, 15, 6, 4, 1, 2, NULL, '2016-11-17 22:54:59'),
(207, 2, 6, 4, 1, 15, NULL, '2016-11-23 21:13:37'),
(208, 13, 6, 4, 1, 124, NULL, '2016-11-17 23:17:47'),
(209, 3, 4, 4, 1, 15, NULL, '2016-11-17 22:58:09'),
(210, 5, 4, 4, 1, 130, NULL, '2016-11-17 23:01:02'),
(211, 16, 4, 4, 1, 12, NULL, '2016-11-17 21:21:32'),
(212, 1, 4, 4, 1, 6, NULL, '2016-11-17 21:58:26'),
(213, 39, 4, 4, 1, 123, NULL, '2016-11-17 23:21:48'),
(214, 7, 4, 4, 1, 167, NULL, '2016-11-23 20:50:27'),
(215, 15, 4, 4, 1, 2, NULL, '2016-11-17 22:55:15'),
(216, 2, 4, 4, 1, 15, NULL, '2016-11-23 20:50:38'),
(217, 13, 4, 4, 1, 124, NULL, '2016-11-17 23:18:28'),
(221, 1, 5, 4, 1, 6, NULL, '2016-11-17 21:58:47'),
(225, 2, 5, 4, 1, 9, NULL, '2016-11-17 23:05:42'),
(227, 14, 5, 4, 1, 9, NULL, '2016-11-17 23:16:33'),
(228, 22, 5, 4, 1, 15, NULL, '2016-11-17 22:59:23'),
(229, 38, 5, 4, 1, 4, NULL, '2016-11-11 16:53:54'),
(230, 9, 5, 4, 1, 15, NULL, '2016-11-23 21:15:00'),
(231, 47, 5, 4, 1, 168, NULL, '2016-11-23 21:15:12'),
(232, 32, 5, 4, 1, 130, NULL, '2016-11-17 23:01:37'),
(233, 24, 5, 4, 1, 2, NULL, '2016-11-17 22:56:59'),
(234, 34, 5, 4, 1, 9, NULL, '2016-11-17 23:05:47'),
(235, 18, 5, 4, 1, 15, NULL, '2016-11-17 22:58:35'),
(236, 21, 5, 4, 1, 9, NULL, '2016-11-17 23:12:49'),
(238, 23, 5, 4, 1, 2, NULL, '2016-11-17 22:55:37'),
(239, 26, 5, 4, 1, 125, NULL, '2016-11-17 23:25:34'),
(240, 14, 9, 4, 1, 9, NULL, '2016-11-17 23:16:51'),
(241, 23, 9, 4, 1, 2, NULL, '2016-11-17 22:55:40'),
(242, 9, 9, 4, 1, 15, NULL, '2016-11-23 21:16:21'),
(243, 47, 9, 4, 1, 168, NULL, '2016-11-23 21:16:29'),
(244, 32, 9, 4, 1, 130, NULL, '2016-11-17 23:01:41'),
(245, 1, 9, 4, 1, 6, NULL, '2016-11-17 21:58:51'),
(246, 24, 9, 4, 1, 2, NULL, '2016-11-17 22:57:01'),
(247, 34, 9, 4, 1, 9, NULL, '2016-11-17 23:05:51'),
(248, 19, 9, 4, 1, 6, NULL, '2016-11-17 21:59:01'),
(249, 2, 9, 4, 1, 9, NULL, '2016-11-17 23:05:54'),
(251, 13, 9, 4, 1, 124, NULL, '2016-11-17 23:19:10'),
(252, 16, 9, 4, 1, 12, NULL, '2016-11-17 21:23:35'),
(253, 33, 9, 4, 1, 4, NULL, '2016-11-11 16:47:03'),
(254, 26, 9, 4, 1, 125, NULL, '2016-11-17 23:25:37'),
(255, 13, 5, 4, 1, 124, NULL, '2016-11-17 23:19:14'),
(256, 31, 8, 4, 1, 130, NULL, '2016-11-17 23:02:12'),
(257, 14, 8, 4, 1, 9, NULL, '2016-11-17 23:16:54'),
(258, 23, 8, 4, 1, 2, NULL, '2016-11-17 22:55:43'),
(259, 38, 8, 4, 1, 4, NULL, '2016-11-11 22:54:40'),
(260, 30, 8, 4, 1, 4, NULL, '2016-11-11 22:53:53'),
(261, 9, 8, 4, 1, 15, NULL, '2016-11-23 21:17:18'),
(262, 47, 8, 4, 1, 168, NULL, '2016-11-23 21:17:27'),
(263, 32, 8, 4, 1, 130, NULL, '2016-11-17 23:01:46'),
(264, 1, 8, 4, 1, 6, NULL, '2016-11-17 21:59:04'),
(265, 24, 8, 4, 1, 2, NULL, '2016-11-17 22:57:08'),
(266, 34, 8, 4, 1, 9, NULL, '2016-11-17 23:05:58'),
(267, 33, 8, 4, 1, 4, NULL, '2016-11-11 22:51:57'),
(268, 2, 8, 4, 1, 9, NULL, '2016-11-17 23:06:02'),
(269, 26, 8, 4, 1, 125, NULL, '2016-11-17 23:25:42'),
(271, 13, 8, 4, 1, 124, NULL, '2016-11-17 23:19:18'),
(272, 14, 7, 4, 1, 130, NULL, '2016-11-22 19:46:09'),
(273, 23, 7, 4, 1, 2, NULL, '2016-11-17 22:56:06'),
(274, 22, 7, 4, 1, 15, NULL, '2016-11-17 22:59:09'),
(275, 38, 7, 4, 1, 6, NULL, '2016-11-22 19:44:42'),
(276, 9, 7, 4, 1, 15, NULL, '2016-11-22 19:45:20'),
(277, 47, 7, 4, 1, 168, NULL, '2016-11-22 19:45:32'),
(278, 32, 7, 4, 1, 130, NULL, '2016-11-17 23:02:32'),
(279, 1, 7, 4, 1, 6, NULL, '2016-11-17 22:53:38'),
(280, 24, 7, 4, 1, 2, NULL, '2016-11-17 22:56:31'),
(281, 34, 7, 4, 1, 9, NULL, '2016-11-17 23:06:21'),
(282, 18, 7, 4, 1, 15, NULL, '2016-11-17 22:58:53'),
(283, 2, 7, 4, 1, 9, NULL, '2016-11-17 23:06:24'),
(284, 26, 7, 4, 1, 125, NULL, '2016-11-17 23:26:21'),
(285, 21, 7, 4, 1, 9, NULL, '2016-11-17 23:12:29'),
(287, 13, 7, 4, 1, 124, NULL, '2016-11-17 23:19:39'),
(288, 31, 10, 4, 1, 130, NULL, '2016-11-17 23:02:52'),
(289, 14, 10, 4, 1, 130, NULL, '2016-11-22 19:47:44'),
(290, 23, 10, 4, 1, 2, NULL, '2016-11-17 22:56:09'),
(291, 38, 10, 4, 1, 6, NULL, '2016-11-22 19:47:28'),
(292, 30, 10, 4, 1, 4, NULL, '2016-11-11 22:53:29'),
(293, 9, 10, 4, 1, 15, NULL, '2016-11-23 21:20:09'),
(294, 47, 10, 4, 1, 168, NULL, '2016-11-22 19:47:02'),
(295, 32, 10, 4, 1, 130, NULL, '2016-11-17 23:02:36'),
(296, 1, 10, 4, 1, 6, NULL, '2016-11-17 22:53:44'),
(297, 24, 10, 4, 1, 2, NULL, '2016-11-17 22:56:35'),
(298, 34, 10, 4, 1, 9, NULL, '2016-11-17 23:06:28'),
(299, 33, 10, 4, 1, 4, NULL, '2016-11-11 22:52:39'),
(300, 2, 10, 4, 1, 9, NULL, '2016-11-17 23:06:31'),
(301, 26, 10, 4, 1, 125, NULL, '2016-11-17 23:26:27'),
(303, 13, 10, 4, 1, 124, NULL, '2016-11-17 23:19:42'),
(304, 14, 11, 4, 1, 130, NULL, '2016-11-22 19:49:25'),
(305, 23, 11, 4, 1, 2, NULL, '2016-11-17 22:56:11'),
(306, 16, 11, 4, 1, 12, NULL, '2016-11-17 21:24:01'),
(307, 38, 11, 4, 1, 6, NULL, '2016-11-22 19:49:02'),
(308, 9, 11, 4, 1, 15, NULL, '2016-11-23 21:19:33'),
(309, 47, 11, 4, 1, 168, NULL, '2016-11-22 19:49:14'),
(310, 32, 11, 4, 1, 130, NULL, '2016-11-17 23:02:39'),
(311, 1, 11, 4, 1, 6, NULL, '2016-11-17 22:53:49'),
(312, 24, 11, 4, 1, 2, NULL, '2016-11-17 22:56:41'),
(313, 34, 11, 4, 1, 9, NULL, '2016-11-17 23:06:38'),
(314, 33, 11, 4, 1, 4, NULL, '2016-11-11 16:49:53'),
(315, 19, 11, 4, 1, 6, NULL, '2016-11-17 22:53:52'),
(316, 2, 11, 4, 1, 9, NULL, '2016-11-17 23:06:41'),
(317, 26, 11, 4, 1, 125, NULL, '2016-11-17 23:26:32'),
(319, 13, 11, 4, 1, 124, NULL, '2016-11-17 23:19:46'),
(320, 38, 9, 4, 1, 4, NULL, '2016-11-11 22:59:56'),
(321, 8, 1, 4, 1, 12, NULL, '2016-11-17 21:19:05'),
(322, 8, 2, 4, 1, 12, NULL, '2016-11-17 21:19:11'),
(323, 8, 3, 4, 1, 12, NULL, '2016-11-17 21:20:42'),
(324, 8, 6, 4, 1, 12, NULL, '2016-11-17 21:20:49'),
(325, 8, 4, 4, 1, 12, NULL, '2016-11-17 21:21:08'),
(326, 14, 1, 4, 1, 12, NULL, '2016-11-17 21:25:14'),
(327, 14, 2, 4, 1, 12, NULL, '2016-11-17 21:25:18'),
(328, 38, 1, 4, 1, 3, NULL, '2016-11-17 21:27:03'),
(329, 38, 2, 4, 1, 3, NULL, '2016-11-17 21:27:07'),
(330, 38, 3, 4, 1, 3, NULL, '2016-11-18 18:48:19'),
(331, 38, 6, 4, 1, 3, NULL, '2016-11-18 18:48:26'),
(332, 38, 4, 4, 1, 3, NULL, '2016-11-17 21:56:11'),
(333, 14, 3, 4, 1, 9, NULL, '2016-11-17 23:16:13'),
(334, 14, 6, 4, 1, 9, NULL, '2016-11-17 23:15:59'),
(335, 26, 1, 4, 1, 125, NULL, '2016-11-17 23:22:55'),
(336, 26, 2, 4, 1, 125, NULL, '2016-11-17 23:22:58'),
(337, 26, 3, 4, 1, 125, NULL, '2016-11-17 23:24:51'),
(338, 26, 6, 4, 1, 125, NULL, '2016-11-17 23:24:55'),
(339, 26, 4, 4, 1, 125, NULL, '2016-11-17 23:25:17'),
(340, 6, 1, 4, 1, 4, NULL, '2016-11-18 18:31:24'),
(341, 6, 2, 4, 1, 4, NULL, '2016-11-18 18:31:29'),
(342, 6, 3, 4, 1, 4, NULL, '2016-11-18 18:32:07'),
(343, 6, 6, 4, 1, 4, NULL, '2016-11-18 18:32:10'),
(344, 6, 4, 4, 1, 4, NULL, '2016-11-18 18:32:39'),
(345, 47, 1, 4, 1, 168, NULL, '2016-11-23 21:10:25'),
(346, 47, 2, 4, 1, 168, NULL, '2016-11-23 21:11:24'),
(347, 47, 3, 4, 1, 168, NULL, '2016-11-23 21:12:27'),
(348, 47, 6, 4, 1, 168, NULL, '2016-11-23 21:13:46'),
(349, 47, 4, 4, 1, 168, NULL, '2016-11-23 21:14:30'),
(365, 4, 2, 4, 1, 9, NULL, '2016-11-28 17:46:51'),
(366, 4, 1, 4, 1, 9, NULL, '2016-11-28 17:48:08'),
(367, 4, 3, 4, 1, 9, NULL, '2016-11-28 17:48:57'),
(368, 4, 6, 4, 1, 9, NULL, '2016-11-28 17:49:38'),
(369, 4, 4, 4, 1, 9, NULL, '2016-12-06 17:25:18'),
(370, 9, 2, 4, 1, 15, NULL, '2016-11-28 17:46:57'),
(371, 9, 1, 4, 1, 15, NULL, '2016-11-28 17:48:14'),
(372, 39, 2, 4, 1, 123, NULL, '2016-11-28 17:47:21'),
(373, 9, 3, 4, 1, 15, NULL, '2016-11-28 17:49:06'),
(374, 9, 6, 4, 1, 15, NULL, '2016-11-28 17:49:44'),
(375, 14, 4, 4, 1, 9, NULL, '2016-12-06 17:25:29'),
(376, 9, 4, 4, 1, 15, NULL, '2016-12-06 17:25:35');

-- --------------------------------------------------------

--
-- Table structure for table `users`
--

CREATE TABLE `users` (
  `user_id` int(10) UNSIGNED NOT NULL,
  `password` varchar(150) COLLATE utf8_unicode_ci NOT NULL,
  `phone_no` varchar(20) COLLATE utf8_unicode_ci DEFAULT NULL,
  `email` varchar(255) COLLATE utf8_unicode_ci NOT NULL,
  `first_name` varchar(45) COLLATE utf8_unicode_ci NOT NULL,
  `last_name` varchar(45) COLLATE utf8_unicode_ci NOT NULL,
  `middle_name` varchar(45) COLLATE utf8_unicode_ci DEFAULT NULL,
  `gender` varchar(10) COLLATE utf8_unicode_ci DEFAULT NULL,
  `dob` date DEFAULT NULL,
  `phone_no2` varchar(20) COLLATE utf8_unicode_ci DEFAULT NULL,
  `user_type_id` int(10) UNSIGNED NOT NULL,
  `lga_id` int(10) UNSIGNED DEFAULT NULL,
  `salutation_id` int(10) UNSIGNED DEFAULT NULL,
  `verified` int(10) UNSIGNED NOT NULL DEFAULT '0',
  `status` int(10) UNSIGNED NOT NULL DEFAULT '1',
  `avatar` varchar(255) COLLATE utf8_unicode_ci DEFAULT NULL,
  `verification_code` varchar(255) COLLATE utf8_unicode_ci DEFAULT NULL,
  `remember_token` varchar(100) COLLATE utf8_unicode_ci DEFAULT NULL,
  `created_at` timestamp NULL DEFAULT NULL,
  `updated_at` timestamp NULL DEFAULT NULL
) ENGINE=InnoDB DEFAULT CHARSET=utf8 COLLATE=utf8_unicode_ci;

--
-- Dumping data for table `users`
--

INSERT INTO `users` (`user_id`, `password`, `phone_no`, `email`, `first_name`, `last_name`, `middle_name`, `gender`, `dob`, `phone_no2`, `user_type_id`, `lga_id`, `salutation_id`, `verified`, `status`, `avatar`, `verification_code`, `remember_token`, `created_at`, `updated_at`) VALUES
(1, '$2y$10$r7i.xoOrQP6n0B5JQLtmCuaY.MvCuNoEsinb6ALaNjov4Ck2Nfnx.', '08011223344', 'admin@gmail.com', 'Emma', 'Okafor', '', 'Male', '2016-04-05', '', 1, 0, 1, 1, 1, '1_avatar.jpg', NULL, 'UjBgnaCb0nKdKYdYsu4GsMoiU0HwEd0Ot38NyiDrR61twxYUUNX8VVsA3zmk', NULL, '2016-11-24 00:48:20'),
(2, '$2y$10$Pc9CBBOKkpbTAlnoxc0iveGkS5xRKREBYlwyPRzxSUxsb.9nNJ9cS', '07030944545', 'sandraokekeogochukwu@gmail.com', 'SANDRA', 'OGOCHUKWU', 'OKEKE', 'Female', '1920-12-29', '', 4, 79, 2, 1, 1, '2_avatar.png', 'x9pxH08aB60ZKwe12DDKbiD3V5628TyGMd1v8Q5I', 'II7ryYSFsq0WpAQExQ1jP4BXiarAh4PqukdXb6VVOFAQ9oqZUqea2rpLFGeU', '2016-04-28 22:21:05', '2016-12-07 18:33:43'),
(3, '$2y$10$Pc9CBBOKkpbTAlnoxc0iveGkS5xRKREBYlwyPRzxSUxsb.9nNJ9cS', '08128132154', 'onegirl2004@yahoo.com', 'Omolara', 'Oriolowo', '', 'Female', '2007-05-02', '', 4, 0, 4, 1, 1, '3_avatar.png', 'sJkNJULOX0XDBVHoG929c8zOuHvuQJ8taqOE4MK7', 'gaJ6qomXs2mLRdpfg0Qe2PmyCHIOlEQTLLF1clemPAD7I3kGoObVi51lHHJE', '2016-05-05 19:29:34', '2016-12-07 18:09:29'),
(4, '$2y$10$eouumWL7oBFrGRwQLcPRe.uv5CRlFKFNSLvni8eLBM4n3Lb9al/Wm', '08032492560', 'agiebabe2003@yahoo.comk', 'Agetu', 'Agnes', 'Oluchi', 'Female', '1960-05-05', '08154458141', 4, 266, 2, 1, 1, NULL, 'mBFoXfYp7feFMhsnzYWkh616IV2wq2e5LdtOOYRl', 'W8fjyn2J1yfMWn80PKjqDvVD3ZUQN4kflHHJhlCqdtjVKsHiLpfIKVgzfscI', '2016-05-05 19:30:48', '2016-12-08 14:20:17'),
(5, '$2y$10$08ymddnGq3lEWheZSMe3Puc/fLtGo7pDZ5dm1Pmh9CupX3AV/KvO6', '08138281504', 'thesuccessor2020@yahoo.com', 'Akinremi', 'omobolaji', NULL, NULL, NULL, NULL, 4, NULL, NULL, 1, 1, NULL, 'kmmCEClYr018UobxCFrOHmDVVOaz1eaD60Nn2ow9', NULL, '2016-05-05 19:32:16', '2016-05-05 19:32:16'),
(6, '$2y$10$r7i.xoOrQP6n0B5JQLtmCuaY.MvCuNoEsinb6ALaNjov4Ck2Nfnx.', '08032984249', 'chukwuonyelilian@gmail.com', 'Chukwuka', 'Lilian', '', 'Female', '1960-08-08', '', 4, 778, 2, 1, 1, NULL, 'rPp9ofMqUMCat73BPt0Pod2v2Rg362iUtO5QNzU0', 'INZCAsZ7XSIu7wmQAt2PFPDfJaaTU8h3Z7T9HAiQU8KyIZYYg52EY3m4SPKZ', '2016-05-05 19:34:16', '2016-12-07 23:09:44'),
(7, '$2y$10$yU3fs8oE9zx..Fr5ufiKt.yMFoWZwd5iTk5d8v4.MGtQImd2q/KvO', '08066451585', 'soldemo20042001@yahoo.com', 'Ademola', 'Solomon', NULL, 'Male', NULL, NULL, 2, NULL, NULL, 1, 1, NULL, 'MZXJDhTOSnwR0ZXphZLBScldsf880b3vzyoHTrfK', '7BwxMnQvqhLcg05qd6u8EHDfmn0NiKKC8BpFaY3ZiBTY29ZR7omo2wDOc3ej', '2016-05-05 19:36:04', '2016-12-07 23:24:40'),
(8, '$2y$10$.8x6F9cBdIHCbgy1WwT.nOZk7w5LDa75jATtatuORkejMemmr35yG', '07062175334', 'peroski4chuks@yahoo.com', 'Peter', 'Okuagu', NULL, NULL, NULL, NULL, 4, NULL, NULL, 1, 1, NULL, 'b8M3Gs5lGycCX3cYnH44gkUxmRxoVBCWLOQGDNK8', NULL, '2016-05-05 19:37:13', '2016-05-05 19:37:13'),
(9, '$2y$10$jtTQLE0Yf5Ctz0WHxb2A5OR0YG/cUjuVXAHMWoNhBJ50WJn2CrlLy', '08090948734', 'okelolaademola@yahoo.com', 'Okelola', 'Ademola', NULL, NULL, NULL, NULL, 4, NULL, NULL, 1, 1, NULL, 'EbvbXeWe5EKkK4b7zKn6EWGZmbsNvGbAlRQIGI1S', 'yJspS0Xeni7UhJ23d3w318PaQqZxV17DaBHfPQIVjKAQ1fit2Z1ErbMqKPoH', '2016-05-05 19:38:23', '2016-12-07 22:15:51'),
(10, '$2y$10$q5U4WE68xHhbqVK3gwkYjezapu3g/aB1nYTqhyRPHRFjXy9OpVpaS', '08035255510', 'allanzah5525@yahoo.com', 'Allanzah', 'Oluwabunmi', NULL, NULL, NULL, NULL, 4, NULL, NULL, 1, 1, NULL, 'rjcdhR2WJW27XocmNwoORcfERnQV1qoh3mTT3dK5', NULL, '2016-05-05 19:43:28', '2016-05-05 19:43:28'),
(11, '$2y$10$6xA35RW0HJcsAr9Bs9LfSO3wA8opLWEyZ1ztgypeC1ET1r73tuC7.', '08028167155', 'oluwatosinaroomotosho@yahoo.com', 'Omotosho', 'oluwatosin', NULL, NULL, NULL, NULL, 4, NULL, NULL, 1, 1, NULL, 'BPNbWERr3zwJMKVetEjUDc6akSLVQrnhPhRvwAg2', NULL, '2016-05-05 19:45:11', '2016-05-05 19:45:11'),
(12, '$2y$10$5dGmkChzVeFNuFie2vPDWO9X0k5PtafYoFVydeUtLR8NDwYMjFErW', '08121680473', 'kateokolie@yahoo.com', 'Okolie', 'Kate', 'Onyekachukwu', 'Female', '1975-07-23', '', 4, 188, 2, 1, 1, NULL, 'Di4CWeDOgqXqB4XbJdiDS16NjzrYVbBo9NJMLT5y', 'WmAckT5KgSez5bmn9tbwJynh6bYhDvXkqTzn2NT3Xn2Xxh6QUIXoOyAPeTym', '2016-05-05 19:46:24', '2016-12-07 20:00:27'),
(13, '$2y$10$.x6aocbaec7cJgHxJlFTL.V7sSoWirznKVc61rgp/D68jon93oDvK', '08060633784', 'divinebazunu@yahoo.com', 'Oshoma', 'Angela', NULL, NULL, NULL, NULL, 4, NULL, NULL, 1, 1, NULL, 'sTFKNF2E2T3Cz5AM10B0G8Pz3s4jt5CX7gcJfzdW', NULL, '2016-05-05 19:47:38', '2016-05-05 19:47:38'),
(14, '$2y$10$3MShBlke130ZlDOi8cA/Yu2YixDiYVvPL9DqrJP/FJjed6r6PojGe', '08025307294', 'relatingus@yahoo.com', 'Adekoya', 'Biola', NULL, NULL, NULL, NULL, 4, NULL, NULL, 1, 1, NULL, 'xTJDhUgrzH5ywWfzHkbwKFs3ZgLrueRA3cXxzK2S', NULL, '2016-05-05 19:48:33', '2016-06-06 01:20:13'),
(15, '$2y$10$mHGVCK0SD64BStKexdr/2O8iSCJmk/qOGx6kMP17nv1RyWd.lbgE2', '+2348032485951', 'dongostanley@yahoo.com', 'Stanley', 'Dongo', 'Uduzeli', 'Male', '1988-10-10', '+2348152199382', 4, 770, 1, 1, 1, NULL, 'CAwD6crBPhv8WdtOrvrxHe5efULPZiObNcmkwIuM', '4wt6lxf6yVxN5yKg2VPteHFYwhTXBxRJcp5kCJfB4nTRaKqyNf4MAgswKf4O', '2016-05-05 19:49:33', '2016-12-07 23:41:08'),
(16, '$2y$10$KY9ccp6tm/85Iibc3lpAXeOVUtOiVGjmVqITVDJPHtYBXdzUKYE2q', '08020705912', 'olabisi_motunrayo@yahoo.com', 'Sobukanla', 'Olabisi', NULL, NULL, NULL, NULL, 4, NULL, NULL, 1, 1, '16_avatar.png', 'xq55STVDEya0pNSUnsYAyj5x68iPuC1ieBFmRYSc', NULL, '2016-05-05 19:50:41', '2016-05-10 03:36:31'),
(17, '$2y$10$.z5L2MNbvDG2of0jTpU0KONZXSj6Zrbq525c4p6yPNknjBxODppUq', '07037746048', 'solidstepsch@yahoo.com', 'Okpor', 'Julianah', NULL, NULL, NULL, NULL, 4, NULL, NULL, 1, 1, NULL, '5a9v460AasF26HHSh59ewkK3JZ6M0nmKlYvd0xzO', 'Zblv6AgLZd7pPToYfoxFcB1NgSbEA2TRMP8untXOtUKwkOalipCzDuUQUIwW', '2016-05-05 19:52:07', '2016-05-17 19:24:02'),
(18, '$2y$10$JUNQaU7D.PNaYtQLFfACHePT6F6y1mNHRKTpwKQgHqGSDQGkJ0tW.', '08035423767', 'abayomi@yahoo.com', 'Abayomi', 'Abayomi', NULL, NULL, NULL, NULL, 3, NULL, NULL, 1, 1, NULL, 'h9vO4igUqSOLJl1MgI9Zl8hVIgMQSkxtuPjCVxB5', NULL, '2016-05-10 19:04:01', '2016-05-10 19:04:01'),
(19, '$2y$10$bJjJRYzohk2vF5DUZZfOjeSOvITzu654hN2DYMoPu/GNLLtp7c0M.', '08034811290', 'adebayo@yahoo.com', 'adebayo', 'adebayo', NULL, NULL, NULL, NULL, 3, NULL, NULL, 1, 1, NULL, 'tDvbmB4nNhENIbvbT5mwj9v4MOsY4NEl0PKW2WUC', NULL, '2016-05-10 19:05:04', '2016-05-10 19:05:04'),
(20, '$2y$10$ka1poX6/MRQMppAMmsthhOHJcqB9kXcw1u.WnZoXIKMyj7PPSM5pS', '08055163667', 'bcomfort@yahoo.com', 'ADESANYA ADESANYA', 'MORAYO', 'MOBOLAJI', 'Male', '2007-03-05', '08055163667', 3, 574, 1, 1, 1, NULL, 'JHZJEPT3cNjjp1dlWlX8XJWoJAUJNvKg6fg25wSt', NULL, '2016-05-10 19:06:39', '2016-10-19 23:07:30'),
(21, '$2y$10$VkOuEo.sWHGSuqKCU8iff.NJ2G2Bq3TuYUxXUY7sdSR984A9pSIhu', '08036000828', 'adelola@yahoo.com', 'adelola', 'adelola', NULL, NULL, NULL, NULL, 3, NULL, NULL, 1, 1, NULL, 'KXnd6uuSsfXRLmRHeq9i3TkgVZYihrXScCXsxaMB', NULL, '2016-05-10 19:08:26', '2016-05-10 19:08:26'),
(22, '$2y$10$QNj7V0BJg34D2CdIsd8A3.IgsQiB.NP31ICjv80C6.DsBFoYzPqB6', '08112000692', 'adesida@yahoo.com', 'adesida', 'adesida', NULL, NULL, NULL, NULL, 3, NULL, NULL, 1, 1, NULL, 'LsSAlLsp9awyMemCbabGP255Ag1OAFelXPKYk4ZA', NULL, '2016-05-10 19:09:15', '2016-05-10 19:09:15'),
(23, '$2y$10$o.I3jxl6b0fLlOq6j7i.ruFe8YWuvhbHU0k.SUG6K84he.BdF0W6a', '08035711891', 'fridayigbe@gmail', 'igbe', 'igbe', '', NULL, '2016-10-27', '090924608', 3, 233, 1, 1, 1, NULL, 'LMEFt232rTF9xZ73Krv6BBwXVMPpXCh3rb2TMTxw', NULL, '2016-05-10 19:10:17', '2016-10-19 22:37:21'),
(24, '$2y$10$tCo6l397eJvSXNX2mHRw6.513v7dnIOFasAk2DwBXDlhaNxNTxGLK', '08034225445', 'nifesofowoke@gmail\'com', 'sofowoke', 'sofowoke', '', NULL, '2016-10-07', '08054600679', 3, 574, 1, 1, 1, NULL, 'IWRH6Ij4Mh7qzaA0HQ208NcLTbJehSFUvgUxp0b7', 's5XlidLxWiahBfe0egJBGdDBGF1tPgIoiGr1lPoKF92aWGNKFvKRpkRWO2ce', '2016-05-10 19:11:43', '2016-10-19 22:50:23'),
(25, '$2y$10$uag5F5RE9WauCOzbEr44g.dfTkxV.JBJwF2gWV1wqAw.qj5gavzFG', '08034730900', 'adeyemi1@yahoo.com', 'adeyemi', 'adeyemi', NULL, NULL, NULL, NULL, 3, NULL, NULL, 1, 1, NULL, 'qpZEX3b04G4EhTAixG5U21SOpdat5FbwQiKsvsYI', NULL, '2016-05-10 19:14:01', '2016-05-10 19:14:01'),
(26, '$2y$10$zCmlJws2.7GNyeLTjLVKherZd2faZl9W8FoJcxwQP/TVai4pdlvna', '08038666239', 'adeyemi2@yahoo.com', 'adeyemi', 'adeyemi', NULL, NULL, NULL, NULL, 3, NULL, NULL, 1, 1, NULL, 'uZEZIJvQioqHfboZwjYzozKNk3nSBdiPrNZtBwNj', NULL, '2016-05-10 19:15:18', '2016-05-10 19:15:18'),
(27, '$2y$10$2hFNokJGmVd82yeHfmcIY.AjgcYMWNhTUDfiv6x72hHx27Zx/QmdS', '08034133636', 'adoye@yahoo.com', 'adoye', 'adoye', NULL, NULL, NULL, NULL, 3, NULL, NULL, 1, 1, NULL, 'cHaVWYEZAAGISfPs9s2qenYJPhnZIDrfzeQfTmVr', NULL, '2016-05-10 19:16:24', '2016-05-10 19:16:24'),
(28, '$2y$10$th.a78j6wsAgZLQxt1jel.UzBudpc.sTxsDssREp5HLUvMq7HbAWi', '07039691870', 'afolabi@yahoo.com', 'afolabi', 'Damilola', '', NULL, '2003-06-05', '', 3, 649, 1, 1, 1, NULL, 'mYFmbJLKnlr2epos1u3p5LWq92SF6NKub14y5VPp', NULL, '2016-05-10 19:24:01', '2016-10-14 19:38:43'),
(29, '$2y$10$IPusZZItK7vJLLR9fDwMJu5HGEkWyY/P3hcK2jjOZukw1XrudtgEu', '08033596270', 'yinka_oladepo@yahoo.com', 'OLADEPO', 'OLADEPO', '', NULL, '2016-10-07', '', 3, 650, 1, 1, 1, NULL, 'mbSCBmd7uq5QlDyXday6XWmyDeHqf5Ua19gYSGhy', NULL, '2016-05-10 19:26:30', '2016-10-19 23:28:47'),
(30, '$2y$10$waV0OGh/L4pa2B31vOh9ZuinCRDuhbONTLbvvcySB4UBoVkapJvG.', '08055802718', 'akinbunu@yahoo.com', 'akinbinu', 'akinbunu', NULL, NULL, NULL, NULL, 3, NULL, NULL, 1, 1, NULL, 'HMChYqs4vyx6gDvY93Lpu1v7qqG0gZId44tvcEcN', NULL, '2016-05-10 19:30:19', '2016-05-10 19:30:19'),
(31, '$2y$10$pNq5CjlYXD1ZJco3cszVGuSyGUwYD6.4zBfeMwS49BEcTfDJME8I6', '08035131207', 'akinyosoye@yahoo.com', 'Michael ', 'Akinyosoye', 'Sunday', NULL, '2015-05-23', '', 3, 594, 1, 1, 1, NULL, 'Qbw5ZuxWcnLHfuemMx9nJs1HqRVDfUn9LQhkBgZ8', NULL, '2016-05-10 19:32:11', '2016-10-24 18:44:32'),
(32, '$2y$10$6LsehSGgyGr3q1YqLdjAgu3POHj7qU0R7AiGtH2Cs7ufN5trc4o3W', '08058044900', 'alabi@yahoo.com', 'alabi', 'alabi', NULL, NULL, NULL, NULL, 3, NULL, NULL, 1, 1, NULL, 'GUQ03ULqXdikZudKvHlqY2U4bD4eO5ztSkmB6iTf', NULL, '2016-05-10 19:37:53', '2016-05-10 19:37:53'),
(33, '$2y$10$nrIpQLpZ8bOMijlp2sjWO.BOMloOqHZ0A4X8hQXAROCAHVYq1QzXu', '08034750375', 'anaele@yahoo.com', 'Chidera', 'Anaele', '', NULL, '2005-10-28', '', 3, 307, 4, 1, 1, NULL, 'fb84h2u0bJNqiG9oHed5rAmcU6U09VArk6R9bYs1', NULL, '2016-05-10 19:39:12', '2016-10-14 19:43:01'),
(34, '$2y$10$/mlX27x3JB/UDLFNj4y.aO36/LEARXpT1GqxAYn2BSH2fLZyKpKcy', '08023029379', 'animashaun@yahoo.com', 'animashaun', 'animashaun', NULL, NULL, NULL, NULL, 3, NULL, NULL, 1, 1, NULL, 'Z4csXQZI8Zbd4VNCJHYrm4FjJXqkUFF9LDpsJH0y', NULL, '2016-05-10 19:40:27', '2016-05-10 19:40:27'),
(35, '$2y$10$rQq2j2zB3pJkU8PRDu5r3O9yrI5syRgOWNFEc4IJX92jAxEb0NKJi', '08027563905', 'anomkfueme@yahoo.com', 'anomfueme', 'anomfueme', NULL, NULL, NULL, NULL, 3, NULL, NULL, 1, 1, NULL, 'k6QjpShgv8C2h3VSWzOjpnhI2Veuw9l6hAKSpYtz', NULL, '2016-05-10 19:44:56', '2016-05-10 19:44:56'),
(36, '$2y$10$8BpkSKRmSDmQ6nCmjvDwEOs29JLBUW69pChelaO1D0PloMqWo12dy', '08052900879', 'ayanleke@yahoo.com', 'ayanleke', 'ayanleke', NULL, NULL, NULL, NULL, 3, NULL, NULL, 1, 1, NULL, '3b9DrSNrPtOqJQi9sE1syUXa90Dj6ZhTi2KsS07h', NULL, '2016-05-10 19:45:53', '2016-05-10 19:45:53'),
(37, '$2y$10$jTWopfaPWBZNWScQ/gmpFuHTy46WICNXnRSUhIKnfddX9Xi34feuW', '08025224666', 'ayeni@yahoo.com', 'ayeni', 'ayeni', NULL, NULL, NULL, NULL, 3, NULL, NULL, 1, 1, NULL, 'xv5NI55Ac1lUgCwfjg98hwITrYCKZCjVBp3KKrNU', NULL, '2016-05-10 19:47:18', '2016-05-10 19:47:18'),
(38, '$2y$10$yvfrq7C3S8EaIrrvCVcXm.Q/VvjmpsjUKtr5qYLuuCEsxbGnj7VGK', '08096473502', 'badmus@yahoo.com', 'badmus', 'badmus', NULL, NULL, NULL, NULL, 3, NULL, NULL, 1, 1, NULL, 'lof3V3KVjZZMHYnJIgM0YTNXW1oO4O5mkowegS96', NULL, '2016-05-10 19:49:14', '2016-05-10 19:49:14'),
(39, '$2y$10$ql3eCFR2s85XmkmQCc5b0.bbKCuSaGDWQrgn8fE/2h.xIrFEyW8qu', '08039268308', 'bakare@yahoo.com', 'Ibukunoluwa', 'Bakare', '', NULL, '2007-05-22', '', 3, 246, 1, 1, 1, NULL, '49PBJZUvyduz6vanCscWObn8L1jfq0vEl4pEKqej', NULL, '2016-05-10 19:50:00', '2016-10-14 19:50:49'),
(40, '$2y$10$kcGSAt7BrFHaxqMhRVBSueHhXTc.JVMyZE6K6Vu5zN4hS68MdN0b6', '08132188828', 'bashorun@yahoo.com', 'bashorun', 'bashorun', NULL, NULL, NULL, NULL, 3, NULL, NULL, 1, 1, NULL, '3WFgSvYPvV163r7YOBtron6ytFbKaOD0GF4bH01Y', NULL, '2016-05-10 19:50:57', '2016-05-10 19:50:57'),
(41, '$2y$10$PhweNSMhK90zrSJ7MP27sucJAKA6sTpu465lt1RrCCLnZvdNC.RvC', '08034813126', 'bello@yahoo.com', 'bello', 'bello', NULL, NULL, NULL, NULL, 3, NULL, NULL, 1, 1, NULL, 'A2DBJVt31zPmVY4UwY2HLzViDa1nrtndzHy2LTAO', NULL, '2016-05-10 19:51:47', '2016-05-10 19:51:47'),
(42, '$2y$10$QQF0WWbNYAgN1XIlS1rC/OFT8MdY/4tHvO367G1t7aOj0kewNohiW', '07083940215', 'biobaku@yahoo.com', 'Ayobami', 'biobaku', '', NULL, '2004-07-21', '', 3, 562, 1, 1, 1, NULL, 'rW7TOBT67LeMH7SCWHNdVd5KpvXxjERQiJd5BPw0', NULL, '2016-05-10 19:52:40', '2016-10-19 23:17:19'),
(43, '$2y$10$ckC.qCqdZJzZgfL.ByGpVueDrHv.5N6wTVPQFiA8J9x4AAYXlQaK6', '08172677798', 'brain@yahoo.com', 'brain', 'brain', NULL, NULL, NULL, NULL, 3, NULL, NULL, 1, 1, NULL, 'qUb4UwWcrYbHRusZG79HIYXqsW83Yq1lUJxKJhiM', NULL, '2016-05-10 19:53:49', '2016-05-10 19:53:49'),
(44, '$2y$10$qp2XtyrQBQsTDSi9YoXtKOdIzZpVN0eWBwyhy.vYF8jL1a23jq4qW', '07063617473', 'bruce@yahoo.com', 'bruce', 'bruce', NULL, NULL, NULL, NULL, 3, NULL, NULL, 1, 1, NULL, 'V8QuL3PG1GJaTIPuaZoG8lLXg3M5coX9hIIyouKI', NULL, '2016-05-10 19:55:16', '2016-05-10 19:55:16'),
(45, '$2y$10$DP1dEwtOnF.XMQb9GMBOougSh9v6o6lrmZaNLvjWC35q9myLm8t4i', '08034296363', 'chidiebere@yahoo.com', 'chidiebere', 'chidiebere', NULL, NULL, NULL, NULL, 3, NULL, NULL, 1, 1, NULL, 'zjnGBFkgdsCsqVLWQqw63PErBhqnHcfBHlwJDnyJ', NULL, '2016-05-10 20:25:39', '2016-05-10 20:25:39'),
(46, '$2y$10$5ukDHYe12ODSN3HQgQop3.WncXbm3Nwt3mhKka2sG3wHR0Wi1UM2G', '07083207650', 'chima@yahoo.com', 'chima', 'chima', NULL, NULL, NULL, NULL, 3, NULL, NULL, 1, 1, NULL, 'e4Y28mn2re0Yt5eeNjBAldR0Y5oZ8cvbDRPiQfU2', NULL, '2016-05-10 20:26:32', '2016-05-10 20:26:32'),
(47, '$2y$10$xB98h9pIi.h1mlbNHjPQSeideB/gKc46jbkx7/KLTDcE5iZxfLh5S', '08023285514', 'durojaiye@yahoo.com', ' Tejumola', 'Durojaiye', '', NULL, '2007-05-18', '', 3, 272, 4, 1, 1, NULL, 'jgDK9RyS0cIRCwCP7lzZCa288qtzqpQeBqiHPwUD', NULL, '2016-05-10 20:34:17', '2016-10-14 19:52:09'),
(48, '$2y$10$Wgouy2/T9v5IxU5uyyPL8OZTIVvn6hmlytEikeS6drQ/OeHP826/6', '08126274482', 'ebukanson@yahoo.com', 'ebukanson', 'ebukanson', NULL, NULL, NULL, NULL, 3, NULL, NULL, 1, 1, NULL, 'qUqTcEpMpsAAQYk7SoIUJTCtv1WgaXE8qIVbLhqd', NULL, '2016-05-10 20:35:13', '2016-05-10 20:35:13'),
(49, '$2y$10$ZhQkomsaVc2A2VLwYFRp5Oe48XlOzqVnMeGm7WUybRu0pzSlkWXMm', '08033809777', 'echika@yahoo.com', 'echika', 'echika', NULL, NULL, NULL, NULL, 3, NULL, NULL, 1, 1, NULL, 'khBBYujZ5pPiuQJrFprmkYb4sO0x5PfXGeuIkORZ', NULL, '2016-05-10 20:35:55', '2016-05-10 20:35:55'),
(50, '$2y$10$W4K8cP4l.l8HOX3yhM6EZOw4satUWhka3R57vYSUyAB35aC1sFWOW', '08033142304', 'edeh@yahoo.com', 'edeh', 'edeh', NULL, NULL, NULL, NULL, 3, NULL, NULL, 1, 1, NULL, '4hFcwgwhtC8vwvFPSjLRWQDQ9GQ9kC4WAST6MYwy', NULL, '2016-05-10 20:36:38', '2016-05-10 20:36:38'),
(51, '$2y$10$pF6QOxqTB7J/w9AyppMVFOSNUVV.0Q.OY4quNkxuNkIKPRClxt8oe', '08073144124', 'ediae@yahoo.com', 'ediae', 'ediae', NULL, NULL, NULL, NULL, 3, NULL, NULL, 1, 1, NULL, 'Gae0BO0nzd5f2Ehj3KnvGOBCR0gLXgjjlsZDfKyq', NULL, '2016-05-10 20:37:37', '2016-05-10 20:37:37'),
(52, '$2y$10$qyBxG.7NX32BlG7U8h0y7OIAlzhkZcPZIbHiR2vxhlFHhcVdmdy32', '08133602886', 'mobosoldolapo512@gmail.com', 'alayande', 'modinat', 'olabisi', NULL, '2016-09-29', '08115569881', 3, 647, 2, 1, 1, NULL, '7t4whVIXO7dZdJyQKTTnTu2FqDHT2qkJn7DUFH2B', NULL, '2016-05-10 20:38:25', '2016-10-19 22:45:47'),
(53, '$2y$10$d7ljeq19C.2CVOfBCCr3nuAECKB1Txk8yit5NcK.ez3TdYdP7dpMm', '08056078540', 'efurhievwe@yahoo.com', 'Nicole', 'Chen', '', NULL, '2003-09-03', '', 3, 308, 4, 1, 1, NULL, 'm5ofdmU3icPkqyUxoFlbTjMfgxS0uL31yuAKO0At', NULL, '2016-05-10 20:40:00', '2016-10-14 20:09:17'),
(54, '$2y$10$D5sAmPuRd.INbeYbFHbSQO.8Oazamo0g.sQBn8FrMRswz8kPg02PO', '08057356449', 'ejeh@yahoo.com', 'ejeh', 'ejeh', NULL, NULL, NULL, NULL, 3, NULL, NULL, 1, 1, NULL, 'LsSLsgSo7ROLXfKq4v5FwzIWGOfPGUpbK92sBCqC', NULL, '2016-05-10 20:42:24', '2016-05-10 20:42:24'),
(55, '$2y$10$RCtsJRjW/C5gPsXb2wL5tebyPUYqhW5RDeGHrjH0bE1D5UFzVi9fG', '08094410200', 'ekaIdara@yahoo.com', 'eka - Idara', 'eka - Idara', NULL, NULL, NULL, NULL, 3, NULL, NULL, 1, 1, NULL, '6dBZEOoPcodWmKwz0K1tgon7s1OLFpl0WkzkEixV', NULL, '2016-05-10 20:43:34', '2016-05-10 20:43:34'),
(56, '$2y$10$0oe.sOh1fHivHMZpb8VMQeQXeaFGOYRAuMdHfOEbKCHIfxtXbaeRi', '08033717878', 'yakubu@yahoo.com', 'Kamal', 'Yakubu', '', NULL, '2007-05-23', '', 3, 458, 1, 1, 1, NULL, 'S1UzLule8v5OWyS0Hjz2PRqdVndrlsKLMMzyrrJH', NULL, '2016-05-10 20:47:13', '2016-10-14 20:04:22'),
(57, '$2y$10$9oVxmSPf.gh3nwJuZWVASu2ZyQ39IVu3JsjUOEZK/t5AE/19qEYZG', '080223425178', 'emissiri@yahoo.com', 'emissiri', 'emissiri', NULL, NULL, NULL, NULL, 3, NULL, NULL, 1, 1, NULL, 'SWcFgLU4tpJw3DMHkQTzLwPCVE65KKhywFtwAPky', NULL, '2016-05-10 20:48:05', '2016-05-10 20:48:05'),
(58, '$2y$10$m.pjNtzG9d4JBK5AfO0v8eSdGn2BaMOceU2Jg8iiZ98Nu0Qk8aciW', '08035832784', 'emina@yahoo.com', 'Agbetoye', 'Funmilayo', '', NULL, '2003-06-05', '', 3, 779, 4, 1, 1, NULL, 'Z5o2zl1k2ZACMVQq4NG16r4Wsw3Urk0pBszz7jJj', NULL, '2016-05-10 20:51:01', '2016-10-14 20:03:39'),
(59, '$2y$10$SsmzDvx5P12MqR5LmGWJfOhdP17y31tEdQpBOqq3RsJc/75D/40Fa', '07086722363', 'enifeni@yahoo.com', 'enifeni', 'enifeni', NULL, NULL, NULL, NULL, 3, NULL, NULL, 1, 1, NULL, '3d0dqPKzdDtvwHqSNnIiurgTzZamiFEo7T4SiZy0', NULL, '2016-05-10 20:51:47', '2016-05-10 20:51:47'),
(60, '$2y$10$2ZPjTUNby7Cw8WRaFrm1be42wF4vIAq4g/FuIU7zfH3KCXn2M/voe', '08033607182', 'enugo@yahoo.com', 'enugo', 'enugo', NULL, NULL, NULL, NULL, 3, NULL, NULL, 1, 1, NULL, 'Tfhh6UbZHRf00b27eTkbfsM3YXmIRJ8mY0ksRktk', NULL, '2016-05-10 20:52:57', '2016-05-10 20:52:57'),
(61, '$2y$10$Iwa0cRYYB5bqRP6k6rnAMeCYIkApwx3zuoty.LvXY3/Eckk7rNG2e', '08081763407', 'eyoita@yahoo.com', 'Edema', 'Edema', '', NULL, '2005-06-03', '', 3, 592, 1, 1, 1, NULL, 'FIbNeX9T1LxSHl4jSyMc1JHdOZMR1RYAY8BpdJ1e', NULL, '2016-05-10 20:53:56', '2016-10-21 14:04:20'),
(62, '$2y$10$hFPbPodAc16lP0nQfB6jTen17BCeLO4eUVjjPjdsXkmO4zzEemtOq', '08023656161', 'ezechinyere@yahoo.com', 'ezechinyere', 'ezechinyere', NULL, NULL, NULL, NULL, 3, NULL, NULL, 1, 1, NULL, 'ZSLXnQrFSLtarQQN75tjnhLGKbLyWajwsaOX0vnJ', NULL, '2016-05-10 20:55:21', '2016-05-10 20:55:21'),
(63, '$2y$10$a9V5hvnwJtVngL13DPD01ubIyoUKWspbz7MaPMTnZ.9MhoXOo0v3a', '08052519669', 'ezelie@yahoo.com', 'ezelie', 'ezelie', NULL, NULL, NULL, NULL, 3, NULL, NULL, 1, 1, NULL, '5zjXL1XBHQ2uw508NDKeoqQA6d58WCpgxxhUbsuj', NULL, '2016-05-10 20:56:18', '2016-05-10 20:56:18'),
(64, '$2y$10$IKWLQ9u7qebUFa8fqJkeIeUmfBFVG3cN4DF.VabLkh3kikGPnyAj6', '08146228602', 'fawale@yahoo.com', 'fawale', 'fawale', NULL, NULL, NULL, NULL, 3, NULL, NULL, 1, 1, NULL, 'dpfOQe1GGOfmAKmk4xsjb12lFUr3n1Oe4xDiTA7x', NULL, '2016-05-10 20:57:41', '2016-05-10 20:57:41'),
(65, '$2y$10$JoYRvIbWX1zSXYzMhV2Mm.9zOidTFQP6dvu.Pk8KGU2zA4EdjduHK', '08029184841', 'fayemiwo@yahoo.com', 'fayemiwo', 'fayemiwo', NULL, NULL, NULL, NULL, 3, NULL, NULL, 1, 1, NULL, 'SkfLbeToScPk5eRTkAw6A34R1akkEYI9FSj967bN', NULL, '2016-05-10 20:58:34', '2016-05-10 20:58:34'),
(66, '$2y$10$jHDLhhUQ32NTxJm/YSstUO7gz220leRxMc2ING50o1kVbhT/22DgS', '08033005954', 'gbadamosi@yahoo.com', 'gbadamosi', 'gbadamosi', NULL, NULL, NULL, NULL, 3, NULL, NULL, 1, 1, NULL, 'vqY9UjzBNVN970mD0giGzkSB2AYtZxASuDqXrqIt', NULL, '2016-05-10 20:59:40', '2016-05-10 20:59:40'),
(67, '$2y$10$QysusTE6lbxBcuZ7/an69uiDCHJi4TRiFhLCgfQKKd50NK0PAP6x2', '08066669355', 'george@yahoo.com', 'george', 'george', NULL, NULL, NULL, NULL, 3, NULL, NULL, 1, 1, NULL, 'JSB4UbHynn9HLUTZtouglImPZwtv1FWXqAQJhhiF', NULL, '2016-05-10 21:00:38', '2016-05-10 21:00:38'),
(68, '$2y$10$EbRPRr6k7agvz/LwABDlHext4zRnEJUNWIR.P5nXdOpFSuBgzq4/2', '08036147829', 'george2@yahoo.com', 'george', 'george', NULL, NULL, NULL, NULL, 3, NULL, NULL, 1, 1, NULL, '77e9haqMYHv2lu05V5lBwc2Yz572Y88KbAymYAsW', NULL, '2016-05-10 21:02:05', '2016-05-10 21:02:05'),
(69, '$2y$10$vZnah5noa7rINQCsRMWaAOlvEgQCKSODLMCouW.mOfeeFqLkgOwHC', '08187212908', 'hundeyin@yahoo.com', 'hundeyin', 'hundeyin', NULL, NULL, NULL, NULL, 3, NULL, NULL, 1, 1, NULL, 'RERZgbNsXhlyM7WNvQ367pQpQaU1ehyZlpJJABau', NULL, '2016-05-10 21:03:46', '2016-05-10 21:03:46'),
(70, '$2y$10$.dqY0bkizxlnpbBYBbrc6OvDyMdkLhwljYXlrBxzBL4jAr/6UelpG', '08138241771', 'ibiam@yahoo.com', 'ibiam', 'ibiam', NULL, NULL, NULL, NULL, 3, NULL, NULL, 1, 1, NULL, 'POLFCnzHNG4qxEvgLExY0svr3fDmVaJnj7iU9SRN', NULL, '2016-05-10 21:05:09', '2016-05-10 21:05:09'),
(71, '$2y$10$esH08gF0915EQWf7KzRGXuUZi5bYs.TBJKc7IauTCG.V.MbGAUvBC', '08034720645', 'idahosa@yahoo.com', 'Queen', 'Idahosa', '', NULL, '2007-05-23', '', 3, 231, 4, 1, 1, NULL, 'VmVnWXMWOtK0iTwOsdRrYLT8rxhxei3YQTQnapRz', NULL, '2016-05-10 21:06:07', '2016-10-14 19:53:07'),
(72, '$2y$10$xY0ftJPdgpm3oOwPOBAv.e2jeGEK.3d.snETxPmGQvBErZB.hgC6C', '08036739601', 'ifedayoadesida@yahoo.com', 'ifedayo', 'adesida', NULL, NULL, NULL, NULL, 3, NULL, NULL, 1, 1, NULL, 'vvmJzzqs3GytTq4QUTzGeBF75Cei8LtUFvnv11Wg', NULL, '2016-05-10 21:07:40', '2016-05-10 21:07:40'),
(73, '$2y$10$T85f487R2du0rm3CzXYg6udLAmt9eiDLaZYgIWpNYjAwph.Zsf5ja', '08028317642', 'igure@yahoo.com', 'igure', 'igure', NULL, NULL, NULL, NULL, 3, NULL, NULL, 1, 1, NULL, 'fSj7BCxE5NRoP9eMHIkBBNgUuiz9WIIexXoi3C0p', NULL, '2016-05-10 21:10:26', '2016-05-10 21:10:26'),
(74, '$2y$10$9pb/leHA3ehRg1pueFpmAewxB/1ho9Zif8gKvJFAGiVM4undoPF/.', '08055679974', 'igweonwu@yahoo.com', 'igweonwu', 'igweonwu', NULL, NULL, NULL, NULL, 3, NULL, NULL, 1, 1, NULL, 'vXFSjGTydHAyTFMMYwcwRP1gqym8flzXsWc8i3Gk', NULL, '2016-05-10 21:11:21', '2016-05-10 21:11:21'),
(75, '$2y$10$F75owQiktNMMXrXdp2xRl.KbzbPnRCyogsxgMWvD0aT54/6BBmydm', '07066162027', 'iheoma@yahoo.com', 'Chidozie', 'Iheoma', '', NULL, '2007-05-23', '', 3, 305, 1, 1, 1, NULL, 'lgLdeNmp6RfOPDyj2UjcNo1Hnls77xASMzp3jjW3', NULL, '2016-05-10 21:13:53', '2016-10-14 19:54:26'),
(76, '$2y$10$Lsym346pUquXjlUaSdVwA.qR63fR.xTOtiMtSYAuy/34CeQtPut6.', '08165474936', 'ita2@yahoo.com', 'ita', 'ita', NULL, NULL, NULL, NULL, 3, NULL, NULL, 1, 1, NULL, 'adlxxQnevd4SMGKrOfAr9iieYmCzY9nQETiKD5j6', NULL, '2016-05-10 21:15:13', '2016-05-10 21:15:13'),
(77, '$2y$10$NYo.LZyeeBPK7m3DLm3Gr.KE9R9R8dsa.xlKAF0cWWAtT4EWCwKnK', '08023002650', 'komolafe@yahoo.com', 'komolafe', 'komolafe', NULL, NULL, NULL, NULL, 3, NULL, NULL, 1, 1, NULL, 'UM43G82UjylzNcoDbCcB3Fq9vFjO09Ihf7DFrmcG', NULL, '2016-05-10 21:18:48', '2016-05-10 21:18:48'),
(78, '$2y$10$Cxq67yMz/UOLRZrgaLKEju3vjpC2e2PBdqYXD02OAajctnBf76Tn2', '07032096056', 'lewis@yahoo.com', 'lewis', 'lewis', 'Emmanuella', NULL, '2005-03-16', '', 3, 206, 4, 1, 1, NULL, 'jwv5HisFhdY94QFsTSbzr8xJgaC21bwSwo6jQVK2', NULL, '2016-05-10 21:19:57', '2016-10-14 19:47:56'),
(79, '$2y$10$mXtUW1DL4r2CCohhsIvLT.c4RmDXrbbubxxW9sdJiCuaROgLlC5tC', '08167550222', 'mabinuori@yahoo.com', 'mabinuori', 'mabinuori', '', NULL, '2004-07-17', '', 3, 562, 1, 1, 1, NULL, 'MomoFIx3tbKjzGlInEUBS2vgJx9VnWXnH9VLVYyw', NULL, '2016-05-10 21:21:16', '2016-10-14 19:49:39'),
(80, '$2y$10$afSKfOl/vqexeDIhsGV6vO0ym3ArjfUL8kBk.NPfmthSMHLfsAM3y', '08063977980', 'madu@yahoo.com', 'madu', 'madu', NULL, NULL, NULL, NULL, 3, NULL, NULL, 1, 1, NULL, 'CRUUN94B7Norh7MvflRmandjTbeIGzZn1mfPg6Nf', NULL, '2016-05-10 21:22:07', '2016-05-10 21:22:07'),
(81, '$2y$10$XpakwwBkQFsBMnmNAi7Z3.k8Ha2SS9Nz/7KAyJnzaX1ZN0hgWyexK', '08038024291', 'mmadu@yahoo.com', 'mmadu', 'mmadu', NULL, NULL, NULL, NULL, 3, NULL, NULL, 1, 1, NULL, 'hibJgGKd4ZDBzyUXZHLX7vt0YXxvxeUU9c7SBkDS', NULL, '2016-05-10 21:23:09', '2016-05-10 21:23:09'),
(82, '$2y$10$zPRR.ipwWcrE0ddcXBOZSOtB5yY5tkRsDkaTEPA1TFHFVrVWgxK9i', '08033776967', 'nnaji@yahoo.com', 'Amaka', 'Nnaji', '', NULL, '2007-05-26', '', 3, 246, 4, 1, 1, NULL, 'A5DA56uQNcr2Mtm32D4IalX85DScp9hC1O48EDT4', NULL, '2016-05-10 21:23:55', '2016-10-14 19:55:42'),
(83, '$2y$10$1ToqVcVtu56CS27LvXGZRODc8iiS0cOhfTs8OcctWwkVt9xt4EKEC', '09098837414', 'nwachukwu@yahoo.com', 'nwachukwu', 'nwachukwu', NULL, NULL, NULL, NULL, 3, NULL, NULL, 1, 1, NULL, 'xXX6BoNhTLoTvYCekcz4XWnX18GHhAPmVHPuU4JX', NULL, '2016-05-10 21:24:50', '2016-05-10 21:24:50'),
(84, '$2y$10$HSVOCw35bKO0/jbP0bmvxOQcqvSze4PPZ/p1YuSdNUwxLNiDYXCzu', '08035747450', 'nwokedi@yahoo.com', 'nwokedi', 'nwokedi', NULL, NULL, NULL, NULL, 3, NULL, NULL, 1, 1, NULL, 'Nub23jEA57quQtXA8NrjZpMP6zcQpT7Jtng3hxaJ', NULL, '2016-05-10 21:25:33', '2016-05-10 21:25:33'),
(85, '$2y$10$yR3N.s1FuOJ4gNgHeqUqFOWcJqOYc8JuwEI5PGzWieiKSdbgvNvBO', '08035034468', 'nwoko@yahoo.com', 'nwoko', 'nwoko', NULL, NULL, NULL, NULL, 3, NULL, NULL, 1, 1, NULL, '4UQ9KGagHFvX6svhvUCfdi2rKOW6TBx6w2cjsfJc', NULL, '2016-05-10 21:26:14', '2016-05-10 21:26:14'),
(86, '$2y$10$WRS6Nx9me1/vIb18Qog6D.lOvkxuBKtP0a94GUulpD6NCvNBN40FS', '08037166828', 'nwokolo@yahoo.com', 'Donald', 'nwokolo', '', NULL, '2003-05-04', '', 3, 206, 1, 1, 1, NULL, 'LNIrhXe5JviimpWGwno5BJMv6Gey6VTjNMTUUJjY', NULL, '2016-05-10 21:26:58', '2016-10-14 19:56:36'),
(87, '$2y$10$Nbrv9yyfe1DQfppBYy9QAuv1QWxZtcBEyUMCPr4I7m3/DV/DbNP8S', '08109588383', 'obi@yahoo.com', 'obi', 'obi', NULL, NULL, NULL, NULL, 3, NULL, NULL, 1, 1, NULL, 'fAbxjpSxkNFTaI93ETPlW7LeoAdyHuYBT4dWAP8T', NULL, '2016-05-10 21:27:47', '2016-05-10 21:27:47'),
(88, '$2y$10$034w0cXpEXdxx4OHXS6RfervxXn2bOrcwdyeKL1b547KAtLTZ75Wu', '08037143393', 'obialo@yahoo.com', 'obialo', 'obialo', NULL, NULL, NULL, NULL, 3, NULL, NULL, 1, 1, NULL, 'M6iaN4GfYXctTrRjvMnlERGjUDuvMdahmsB97tJF', NULL, '2016-05-10 21:28:24', '2016-05-10 21:28:24'),
(89, '$2y$10$tURfIshQ7E1ka39L.BHG9efO7G9dxlBatWdFvoNDMVsH168BAs9e.', '07033507011', 'oboh@yahoo.com', 'oboh', 'oboh', NULL, NULL, NULL, NULL, 3, NULL, NULL, 1, 1, NULL, 'mrpKWz0VvG75QNy8hMi4mYgfo7LKA312CzKDlWU6', NULL, '2016-05-10 21:29:05', '2016-05-10 21:29:05'),
(90, '$2y$10$QSdgZ1rf5BhuPw.XbaXgzu1RC8LCMwpvhFKT4Br2sv.4nJZhKmtMi', '08064428179', 'odubanjo@yahoo.com', 'odubanjo', 'odubanjo', NULL, NULL, NULL, NULL, 3, NULL, NULL, 1, 1, NULL, 'mr4APScaNyWhGHJwocPjxTDpe7VqTKPy86lPDqSK', NULL, '2016-05-10 21:29:54', '2016-05-10 21:29:54'),
(91, '$2y$10$Bt2fnterlvSOXRANihB5pOwzxeSFs0b.Dr1LUY/W9mPGV9NxjEile', '08033040413', 'ogale@yahoo.com', 'ogale', 'ogale', '', NULL, '2004-11-15', '', 3, 129, 4, 1, 1, NULL, '4wGxEGsOTGVek0MkhajsMY7P38IdUUl6JD6zXP7I', NULL, '2016-05-10 21:30:37', '2016-10-14 19:54:07'),
(92, '$2y$10$0vBArfICPrbz.h.OKvpdzuW/IFxUwebUlpgtRT/9.3k47x3VNKnCq', '08034166664', 'ogunleye@yahoo.com', 'ogunleye', 'ogunleye', NULL, NULL, NULL, NULL, 3, NULL, NULL, 1, 1, NULL, 'ZseLgmMne0o4e1ux7RyiH80hsxPdwSQaTYR1pg56', NULL, '2016-05-10 21:31:26', '2016-05-10 21:31:26'),
(93, '$2y$10$PJZslNw3Ggp0fPzgfdPCAO65v5lzwE9S.0HxqX.ZxUsc0MddpRiU6', '08131081768', 'ogunmuko@yahoo.com', 'ogunmuko', 'ogunmuko', NULL, NULL, NULL, NULL, 3, NULL, NULL, 1, 1, NULL, 'kCqBSLrd5Zjg6sW4z4QaW0Fff5E8xsf0pOy0kY4n', NULL, '2016-05-10 21:32:25', '2016-05-10 21:32:25'),
(94, '$2y$10$obNKrxuLo0Qvt3qF9R.ZSOMkhwr7C3CtmCJ1wOlCTbwyZ3NGlxofu', '08131964766', 'ojopoke@yahoo.com', 'ojopoke', 'ojopoke', NULL, NULL, NULL, NULL, 3, NULL, NULL, 1, 1, NULL, 'mpzhsjT334G1utH9CIDpzV0d2OleADL09dlv9Her', NULL, '2016-05-10 21:33:29', '2016-05-10 21:33:29'),
(95, '$2y$10$wM/fYuLo3GzgzMHt4jFTWefGUk.QS3QwzcWVLhct4.b3ZKCYd2Yz2', '08032235812', 'okoye@yahoo.com', 'okoye', 'okoye', NULL, NULL, NULL, NULL, 3, NULL, NULL, 1, 1, NULL, 'WrTNoCx1goU29Ty6oRpEvLigdJBfqE0fZHTM2sOn', NULL, '2016-05-10 21:34:13', '2016-05-10 21:34:13'),
(96, '$2y$10$MCCRd0.LYhttAbaD6/HsDukBclgjUa/qw/.s6wXimASYggQxM407C', '08023180841', 'okpor@yahoo.com', 'Julianah', 'Okpor', '', NULL, '2005-03-15', '', 3, 198, 2, 1, 1, NULL, 'hJrtzyVjGSbhpbbmDbpiYsW1JGjfs13T1lW44B10', NULL, '2016-05-10 21:35:16', '2016-10-24 18:33:20'),
(97, '$2y$10$m/7SO5VCIUsZcx7A4zsED.vlhKuIiUrCA72Yb5zYPPF9C1UI6eb4e', '08023388331', 'okunola@yahoo.com', 'okunola', 'okunola', NULL, NULL, NULL, NULL, 3, NULL, NULL, 1, 1, NULL, 'ANjJmznLrz2gF5urPXrRw4Wwmxm5MvMlUO9BhAlV', NULL, '2016-05-10 21:36:00', '2016-05-10 21:36:00'),
(98, '$2y$10$Ah1KsPN.zF/jD.ERJaTVYu2B9..ek.GIBzyviTF6tZDdztaKpR1RG', '08096742166', 'oladele@yahoo.com', 'oladele', 'oladele', NULL, NULL, NULL, NULL, 3, NULL, NULL, 1, 1, NULL, 'Q1CIRvfnBtlUdAk0hE4n2CqZK8KhrRxPAxLtl4Ww', NULL, '2016-05-10 21:36:45', '2016-05-10 21:36:45'),
(99, '$2y$10$ulv1vRUM86q31wddB95FkOP.s/T2itRZjxOXBc6PbfK5sZJy3YfCS', '08037158695', 'oloye@yahoo.com', 'oloye', 'oloye', NULL, NULL, NULL, NULL, 3, NULL, NULL, 1, 1, NULL, 'f2ZN6BnmQjoanoeUYh25zzVPQoCdTRUHHYYk1hRu', NULL, '2016-05-10 21:37:31', '2016-05-10 21:37:31'),
(100, '$2y$10$vs8jMJifrQ.H9XUaL2N2i.qo0FSUndfwBkwxuXSm75JjTZur083Ca', '07062058069', 'olugbemi@yahoo.com', 'olugbemi', 'olugbemi', NULL, NULL, NULL, NULL, 3, NULL, NULL, 1, 1, NULL, '30hOWgyTlP6zbgvNffMLU5b8x5KUCi7qLmM14cIH', NULL, '2016-05-10 21:38:22', '2016-05-10 21:38:22'),
(101, '$2y$10$cnELvjRsjuCTPvbr5jbbYeQlzq.yPUyxqUCEDyQhFP.216TgxyJMu', '08038277868', 'oluwamola@yahoo.com', 'oluwamola', 'oluwamola', NULL, NULL, NULL, NULL, 3, NULL, NULL, 1, 1, NULL, 'EqGpTFUyxqu4ShcMoPIpv0xd6zuRkT07MiaPBvz7', NULL, '2016-05-10 21:39:19', '2016-05-10 21:39:19'),
(102, '$2y$10$3biRDHGpctFP/5BzFiIEYOPaDpvycUa.JcB.b1WB3b4wDB018QvrS', '08028343733', 'omotosho@yahoo.com', 'omotosho', 'omotosho', NULL, NULL, NULL, NULL, 3, NULL, NULL, 1, 1, NULL, 'I4JRvK4hjIPZdxMwRtiDVxudB8YOLLNiXNW9m4Y2', NULL, '2016-05-10 21:40:10', '2016-05-10 21:40:10'),
(103, '$2y$10$IRxifIL/6T282LSe0xslueXOadGrTT/6H2FK6SxfXu.Kx1.CFLQJm', '08038182294', 'omotosho2@yahoo.com', 'omotosho', 'omotosho', NULL, NULL, NULL, NULL, 3, NULL, NULL, 1, 1, NULL, 'cNfxgq0VGCixpld2lnH4i1Ty4KfRGws6KFUvcUN9', NULL, '2016-05-10 21:42:08', '2016-05-10 21:42:08'),
(104, '$2y$10$p9f.cWLK/MbSBPZGxUEfrumiarCgkVlOFH5G8Z5j7hZWX1KGlhe2a', '08034486444', 'onuisile@yahoo.com', 'onisile', 'onisile', NULL, NULL, NULL, NULL, 3, NULL, NULL, 1, 1, NULL, '81uvddfKtf0T5w2bGsFreDaN2nNArGE5i2HHnBvU', NULL, '2016-05-10 21:44:29', '2016-05-10 21:44:29'),
(105, '$2y$10$fZodq0NSjz3lxbYwBxN7QeNgkhvKt/lgQ9BtzNYoOW4QjTsjLhzDS', '08038071133', 'onyemaechi@yahoo.com', 'onyemaechi', 'onyemaechi', NULL, NULL, NULL, NULL, 3, NULL, NULL, 1, 1, NULL, 'ELWUGgCkNKBWfxDC4PbvPWi2an8oWQ42EOUncnpy', NULL, '2016-05-10 21:45:22', '2016-05-10 21:45:22'),
(106, '$2y$10$kobFC86aIeaIixUoGXn01e6yyAZ/GdRz2WcFp3CqIO/suc5eCl.46', '08023324754', 'orisunmibare@yahoo.com', 'orisunmibare', 'orisunmibare', NULL, NULL, NULL, NULL, 3, NULL, NULL, 1, 1, NULL, 'pE6Xm0FqxuhNRlzk1L8xrkSYLmv3yTNZU7P6g7si', NULL, '2016-05-10 21:46:05', '2016-05-10 21:46:05'),
(107, '$2y$10$BxSU.Awvy3V0pZLKYBdazegLA.Baad3Pmy8Xi080Y1nwu6LkY.xnW', '08024791052', 'osariemen@yahoo.com', 'Agnes', 'Osariemien', '', NULL, '2003-12-21', '', 3, 234, 2, 1, 1, NULL, 'okMHN1fJVnB766aRzD16XazOn4DfwhGzAoLoF3p8', NULL, '2016-05-10 21:47:25', '2016-10-24 19:09:01'),
(108, '$2y$10$iow7IWkhLFW11f12F0lTgOfpmL/Ph/oASRdXDZ9PmFFrMePnllYAW', '08022315335', 'oshinonwu@yahoo.com', 'oshinonwu', 'oshinonwu', NULL, NULL, NULL, NULL, 3, NULL, NULL, 1, 1, NULL, 'vYeq2bXgEacKnmdUT0W3ZeEeA35S8QqyFLM4GXiP', NULL, '2016-05-10 21:48:33', '2016-05-10 21:48:33'),
(109, '$2y$10$vsCUD81G.ElTVKAP3ioeg.qRWbALH1EJoB6te0vsNYQrJQCx0SayW', '08026952105', 'oyewunmi@yahoo.com', 'Damilola', 'oyewunmi', '', NULL, '2004-09-06', '', 3, 582, 4, 1, 1, NULL, 'vew419QwTwTTxuK2IdVRrTJIAanDkxIqMXcZT3P7', NULL, '2016-05-10 21:49:39', '2016-10-14 19:52:27'),
(110, '$2y$10$2T6WLdiIGG23e3owNgfMxOdOIZKrVB8r9bqTy2jSLu0x0TyETgPhW', '08062061635', 'rahmon@yahoo.com', 'rahmon', 'rahmon', NULL, NULL, NULL, NULL, 3, NULL, NULL, 1, 1, NULL, 'bB06ZyxbpCyCMdZxMqdN04HMBVnkrXOO1wwFpr1Y', NULL, '2016-05-10 21:50:30', '2016-05-10 21:50:30'),
(111, '$2y$10$9jqLLPY8mEnr6c71ejfMkObDq3UsjzB0aS.AmWulDCoo3he6xBuYO', '08057564138', 'sanusi@yahoo.com', 'Kazeem', 'Sanusi', '', NULL, '2016-10-06', '', 3, 618, 1, 1, 1, NULL, '78PlzgmXUBVtEpjbQQcUUQZs39j0oi9pCUxPMlVk', NULL, '2016-05-10 21:51:12', '2016-10-24 18:28:40'),
(112, '$2y$10$YKL9IhtC84cnxOQXnn/ZP.crbaipX.7EvM7jI0cCgUKK9gl9rbvAK', '08034905466', 'shittu@yahoo.com', 'Suliamon', 'Shittu', '', NULL, '2007-05-23', '', 3, 261, 1, 1, 1, NULL, 'DM5GY8Kv9KOHriZlIlKW6bSVxHoEkvQlDkS0nXta', NULL, '2016-05-10 21:51:58', '2016-10-14 19:59:30'),
(113, '$2y$10$wo0m1..N1ek27j2cVUsdpeZJEZj1LJ/Sd4fOuro6kn.hKgFdUrZ2u', '08149095219', 'shotolu@yahoo.com', 'shotolu', 'shotolu', NULL, NULL, NULL, NULL, 3, NULL, NULL, 1, 1, NULL, 'S7k4nvCEAnWwIo6OMsUivb3L5iCZKOWXDbOruNwM', NULL, '2016-05-10 21:52:57', '2016-05-10 21:52:57'),
(114, '$2y$10$iePQAszmX8CgoJlC7rPJLu.4GoExn6VDbzptRTQuAVvCnwDcCJcOO', '07064484612', 'tamunokubie@yahoo.com', 'tamunokubie', 'tamunokubie', NULL, NULL, NULL, NULL, 3, NULL, NULL, 1, 1, NULL, '9k2aOQAAagCtbO86vVp1g19Vii0IVC5VVALtmwTS', NULL, '2016-05-10 21:54:00', '2016-05-10 21:54:00'),
(115, '$2y$10$5KRaqzDxxpnrQYZVdr.zLONqLsbam20UqzubMrwVhEWr/EkRbaLyi', '08023068758', 'uba@yahoo.com', 'Benita', 'Uba', '', NULL, '2007-05-29', '', 3, 200, 4, 1, 1, NULL, 'e7ljS1H9iNSAAq65IpOQaq7RoR04JNIa1x3oMpH7', NULL, '2016-05-10 21:54:46', '2016-10-14 19:57:16'),
(116, '$2y$10$bFhrlo3THpxlm1OaxYsZdOWxZKoeLVvV7VF.nvoJZ6w/Upn3bjEE.', '08030612120', 'ubah@yahoo.com', 'ubah', 'ubah', NULL, NULL, NULL, NULL, 3, NULL, NULL, 1, 1, NULL, '2SO3D3XjKW6ptnNq4HosflkVYAkE9AOfk1Vt8hD9', NULL, '2016-05-10 21:55:51', '2016-05-10 21:55:51'),
(117, '$2y$10$jutfWA1dK4HIFO6wQ8r1V.G2HZ5pS/hM1cvcVFEakXrPX5b5Xx672', '08132321240', 'udemgba@yahoo.com', 'udemgba', 'udemgba', NULL, NULL, NULL, NULL, 3, NULL, NULL, 1, 1, NULL, 'OOhu19mmZoQQn3H92hB91srj1jEcKLzPE0w2crEH', NULL, '2016-05-10 21:57:11', '2016-05-10 21:57:11'),
(118, '$2y$10$Me.kHoPOaxYLLDVb17HExeTZvf8pdPCYLwMqodrSJ3PfkI4Q6nSyi', '08037207868', 'udensi@yahoo.com', 'Chiamaka', 'Udensi', '', NULL, '2007-06-01', '', 3, 356, 4, 1, 1, NULL, 'VzeEqfJS3NJU9ceMXDmP1lxdzLKuabQKjbrxGOsA', NULL, '2016-05-10 21:58:06', '2016-10-14 20:00:35'),
(119, '$2y$10$H/QJfNMJIEFGONs6vSR0/eJO34ahWABVQYM/kDK1gTtyLJfzkpcZa', '08032007206', 'umoh@yahoo.com', 'umoh', 'umoh', NULL, NULL, NULL, NULL, 3, NULL, NULL, 1, 1, NULL, '1aE5zy8qppj0bTym67IRbnx1cIRZqcOGIlHxPO6u', NULL, '2016-05-10 21:58:52', '2016-05-10 21:58:52'),
(120, '$2y$10$YGGwwLlc7IfX5zvLFuSrfOPZ28dpvwl8K9V0vAi1xXsXublfDVQjW', '08037090486', 'woko@yaho.com', 'Austine', 'Woko', '', NULL, '2016-10-03', '08037450252', 3, 685, 1, 1, 1, NULL, '08YV7FIuJQvQH3eP21onJM0Jqg6DEgZjjmXp5nbh', NULL, '2016-05-10 21:59:31', '2016-10-24 18:39:35'),
(121, '$2y$10$znjpgI3jhGeGCkWn3nPiluHHFbSsiLIwBI313XRQd4g1/BVAWzIk2', '08028676935', 'yusuf@yahoo.com', 'yusuf', 'yusuf', NULL, NULL, NULL, NULL, 3, NULL, NULL, 1, 1, NULL, '85xGYILEtZVW5L9vhh09X5jUlSewy3opGOBAkiPF', NULL, '2016-05-10 22:00:16', '2016-05-10 22:00:16'),
(122, '$2y$10$WgHQSaszEOSJpz2HsoUToeJoyCxh7fGuc3ZoLJA.NubXU42L6E3SG', '08136969411', 'akinwaletaiwo@yahoo.com', 'Akinwale', 'Taiwo', 'oluwakemi', 'Female', '2016-11-14', '08022019851', 4, 624, 2, 1, 1, NULL, 'L9SmifbnzA0q9gLAzRPXnLW8u0FkpblHKzoOYjJu', 'aWtcopdIr5TVYxzKMS4mMOX0p9NToFQo6gQTW4CU9gzHyolBskcgjzjiVV3P', '2016-05-18 18:36:29', '2016-06-28 17:26:32'),
(123, '$2y$10$gCkX.1F71ET93FD9YDjoH.T.xjzk4U19ouUEQBqKE0QDbA3hXmShu', '08171344786', 'adenayasamson@yahoo.com', 'Adenaya', 'Samson', NULL, NULL, NULL, NULL, 4, NULL, NULL, 1, 1, NULL, 'FF1etPRq12Fz7Q6JPyQoeaIO8eepSORxodYzP5j4', 'CcDrhior9cesHKrj6MmO9lExkdHgSxxeMqTRGA9ssbMzjOMjPgYkSOwsBjML', '2016-05-18 18:39:13', '2016-12-07 23:51:33'),
(124, '$2y$10$VHtEZrUSJ3MurEgK7bD2neeaNNvhy3KpyJHfdOh0XqJLV1DQsZy0W', '08062101137', 'ogunlekeolufunke@yahoo.com', 'Ogunleke', 'Olufunke', NULL, NULL, NULL, NULL, 4, NULL, NULL, 1, 1, NULL, 'txTzSbMdu025aynsR6LqzChsOWAqsAZn5ulmUrOp', 'LgoQdtdSNTnu86UsZJPpxrF8NVEXM36SVmgzkliWDBNyxqMYl3HgxLGEVtnq', '2016-05-18 18:40:12', '2016-12-07 21:13:01'),
(125, '$2y$10$lkgkw77NXaKqnFSRJx51.ub5Y/XYDZIFAtyS0TAXSNNrJHVScxLke', '08039404007', 'princekehinde@yahoo.com', 'Ifaturoti', 'Kehinde', 'prince', 'Male', '2007-05-01', '', 4, 643, 1, 1, 1, NULL, 'hIGpSYzf0hM32ulRD8cWiJR43hyNxnLHHlCpFFsF', 'OKJ8T94wSh4oQdVWAiFK0AaMSQfH4aMtoPx8B7rAtsAHu4X5i2RJHj8khyoL', '2016-05-18 19:01:40', '2016-12-07 22:14:50'),
(126, '$2y$10$EYrAlY/Inycw1yvTWcEOmOfDl/pNEr25HkKl8fHJqZGSm/2nw3eDa', '08028820979', 'sanni@yahoo.com', 'Sanni', 'Sanni', NULL, NULL, NULL, NULL, 3, NULL, NULL, 1, 1, NULL, '7YqtlQxqWz9dak1O7RD63rcN1jsDfPbUWThctugu', NULL, '2016-05-31 17:51:19', '2016-05-31 17:51:19'),
(127, '$2y$10$637kwDy8t8pDxUrNz0IR7e5s2Jt.KEQafMSX2A3NliGSc8D5yqHwa', '08033018178', 'adesope@yahoo.com', 'Adesope', 'Adesope', '', NULL, '1978-03-26', '', 3, 515, 1, 1, 1, NULL, 'Pa7LlEouJd3c00984C2F0JUScBYe6YGpnM58dnbc', NULL, '2016-05-31 17:56:59', '2016-05-31 18:15:16'),
(128, '$2y$10$mXa.IWAgm6iz3kG7PBqU1.y6DtRlMZ0b6i15niz4qx1KKtJCiVZkm', '08033018176', 'adegbite@yahoo.com', 'Adegbite', 'Adegbite', NULL, NULL, NULL, NULL, 3, NULL, NULL, 1, 1, NULL, 'DVr5D8TpCqjMkU00UhvMbRGjIpDDA6vK8QnxrBrD', NULL, '2016-05-31 18:16:49', '2016-05-31 18:16:49'),
(129, '$2y$10$CWuOBtsmptgMhFkcQx/4muBWXy3Sd8dPbzkwPYo3SVe6qrsmX1wDK', '07088392632', 'oluwagbemileke.ayeloja@gmail.com', 'Oluwagbemileke', 'Ayeloja', NULL, NULL, NULL, NULL, 2, NULL, NULL, 1, 1, NULL, 'jw5ILYJjeDOYuYIYOKGxRnF9RHmsziETFIuoLjku', 'J85P5aVazQnUdzqeHfTj9s3G5bu9luNBzVlPUTK44LrmykISAXMrylKaiyY5', '2016-10-07 17:17:11', '2016-12-07 23:53:35'),
(130, '$2y$10$lKDcatyCVMdy0goptF64ZOyr/4rqPVdiQ9NswgNeu723Ym6QJGBqK', '08055275709', 'ajokotolavictor@gmail.com', 'Victor', 'Ajokotola', 'Olusoji', 'Male', '1988-11-18', '08069515832', 4, 579, 1, 1, 1, NULL, 'yQYqS8oVumT2s5TRuOOylUZ8ZbVKz9I6HUqt8pUD', 'YucH8Dbl34wKnvRRGcko2Cm6IZpELUXkfJixs8z65EidQlBPXbsf3MXJ9Esj', '2016-10-14 18:26:12', '2016-12-07 19:20:09'),
(131, '$2y$10$AQM1hNu7f79tn4cqTQtB8eER8RmDxN13FBrdM3MAiE7xaoV.is5Hi', '08093187554', 'anthonyikunna@hotmail.co.uk', 'ANTHONY', 'IKUNNAH', '', NULL, '2016-10-19', '', 3, 311, 1, 1, 1, NULL, '1fkYGJdgYaMzDYFsAyZYEzag7nQO9VJvVUfSyJRm', NULL, '2016-10-19 23:19:08', '2016-10-19 23:27:32'),
(132, '$2y$10$BFHt51GcALid162fEwHFnuxuDRPEu.QibuniMyE.rQzRFVhlFuhWq', '08022910116', 'amosesoluwasayo@yahoo.com', 'adeleye', 'adeleye', NULL, NULL, NULL, NULL, 3, NULL, NULL, 1, 1, NULL, 'AloNwXcujOjiauLqf0i41FS8djPW5elyVz6JCOPZ', NULL, '2016-10-19 23:35:00', '2016-10-19 23:35:00'),
(133, '$2y$10$1ZhgxdigH3Q5d5UtWar/4.0KJTo4cUPAM0lDC8k5fjnoLK0JVxmvq', '08166065928', 'beatriceadenekan@yahoo.com', 'adenekan', 'beatrice', NULL, NULL, NULL, NULL, 3, NULL, NULL, 1, 1, NULL, 'N8NfTXOyaAx6PWA3kYqpfQ1ett53Jb6M8SgbMceX', NULL, '2016-10-20 13:39:12', '2016-10-20 13:39:12'),
(134, '$2y$10$SogGhQSiAZwpG7ItypeQs.5Txx8DXnv1NkDljrHh9zYp95U.d1/Vm', '07030858864', 'muyi-deen@yahoo.com', 'ayanda', 'muyideen', NULL, NULL, NULL, NULL, 3, NULL, NULL, 1, 1, NULL, '4oLEd0GQjHl5OW94tHpI9ihnzxLT3ifthHky12Ej', NULL, '2016-10-20 13:47:17', '2016-10-20 13:47:17'),
(135, '$2y$10$co8vDv7m.5QM9XodYBgvAePbzm827ofyYtVVq7zj6nXpUByeXao1q', '08033306080', 'banjoko@yahoo.com', 'banjoko', 'banjoko', NULL, NULL, NULL, NULL, 3, NULL, NULL, 1, 1, NULL, 'yliLetlcq9n3ZpaYfLPV3eIRmNS3iiqRnoi6SDuo', NULL, '2016-10-20 13:53:49', '2016-10-20 13:53:49'),
(136, '$2y$10$mgQBMdqY1xbs/bd50ESoveqlhnNR5tJrOFUwqmSid9/3vxcDfMgCu', '08143226417', 'tinuke.oloajide@gmail.com', 'olajide', 'olajide', NULL, NULL, NULL, NULL, 3, NULL, NULL, 1, 1, NULL, 'VMdX5XIfKt8DQc6PfK0OevOz60PqnT4OFozP7Nbn', NULL, '2016-10-20 14:00:26', '2016-10-20 14:00:26'),
(137, '$2y$10$yO0DH9LdFW13o3u.13Un8Oc1hcNiOX.tJ/gAYNY.nzrI1jm5SASki', '08034342646', 'opsylu07@yahoo.com', 'bamidele', 'jimoh', NULL, NULL, NULL, NULL, 3, NULL, NULL, 1, 1, NULL, 'askouRN8KWl8NkyHEXv3HHNI499xH9LcZ9YND3Li', NULL, '2016-10-20 14:04:16', '2016-10-20 14:04:16'),
(138, '$2y$10$9NxIie5SmYTWdXU337p7BOoBtpHVsEkGYDruYu2lxSyr3T.dRuylW', '08033454449', 'irika@yahoo.com', 'irika', 'nkwocha', NULL, NULL, NULL, NULL, 3, NULL, NULL, 1, 1, NULL, '7xjYN7AjN3Pn3jveCnQkhcrrNgZQI2V0Y14OHdke', NULL, '2016-10-20 14:17:11', '2016-10-20 14:17:11'),
(139, '$2y$10$/auGUipa3z.KTpjBy8eVhetF9m9kMKnROVdD.8ooGG0X1kd2W.m2O', '08133693101', 'sharonedema@gmail.com', 'Edema ', 'Edema', NULL, NULL, NULL, NULL, 3, NULL, NULL, 1, 1, NULL, 'VdFCOWj3YkIF4pGeC83rQbasJxK6bmXa6hiZ2ZWg', NULL, '2016-10-20 14:19:02', '2016-10-20 14:19:02'),
(140, '$2y$10$K4f.5EVJBh6qamMhAHxCd.yQ1Kxl5oAdW9MXbab0fkW0GT.Q3Y73.', '08022313707', '1ujadughele@gmail.com', 'ujadughele ', 'ignatius', NULL, 'Male', NULL, NULL, 3, NULL, NULL, 1, 1, NULL, 'oK8XN7uSdfZkXru3rz93PVKUKelKtTQBnq5SRMlV', NULL, '2016-10-20 20:59:18', '2016-11-25 20:11:34'),
(141, '$2y$10$m7ihSKQ/dL.yJaxGHmglneLpkeze1qIu68hBfJXjHqpl669FdMFq2', '08080690595', 'amosesoluwasogo@yahoo.com', 'adeleye', 'moses', NULL, NULL, NULL, NULL, 3, NULL, NULL, 1, 1, NULL, 'y1sb4OmRzzl9W9ZEgw1hbNoyzObU5S0P1o6qL2Ec', NULL, '2016-10-20 21:11:23', '2016-10-20 21:11:23'),
(142, '$2y$10$WjG60YyA.s7xayDMkrsO9uHCgy5x5x80l2PSa775djLvq792eEWfG', '+2348130720503', 'egueyemoses@yahoo.com', 'egueye', 'moses', NULL, NULL, NULL, NULL, 3, NULL, NULL, 1, 1, NULL, 'BGzatfpSaF3h1O7v84zV0TGUst2lf7mhXntdHr0T', NULL, '2016-10-20 21:17:08', '2016-10-20 21:17:08'),
(143, '$2y$10$4URK1ly4Vfg.dgNuAx4ov..Iv5kmBtj9rvQ/SJBOIeEejjqarRrI6', '08033602566', 'adeniran.adebiyi1@gmail.com', 'adeniran', 'biyi', NULL, NULL, NULL, NULL, 3, NULL, NULL, 1, 1, NULL, 'Jb8dHrSq2u3byMTuBgS6eJ6bV7gKEyaNlNXrep2d', NULL, '2016-10-20 21:22:50', '2016-10-20 21:22:50'),
(144, '$2y$10$Wel//ZGR3wi5bULDB4EW3OUOX26YCVoUYr4dOwn2G5RHYZRc2t7bm', '08033432458', 'nta.charles@yahoo.com', 'charles', 'kelechi', NULL, NULL, NULL, NULL, 3, NULL, NULL, 1, 1, NULL, 'pLIiZlFDrDU7CqX8TdqWEGNFbbYJ7VyN6LCSli8I', NULL, '2016-10-20 21:27:02', '2016-10-20 21:27:02'),
(145, '$2y$10$o2eIpf/TNuupcNxjOFBdq.cBy7b98U.bnNnNgoYDkyXGPPSg6iJiu', '07067241815', 'uwegba@yahoo.com', 'uwegba', 'uwegba', NULL, NULL, NULL, NULL, 3, NULL, NULL, 1, 1, NULL, 'IwEEMgiS8IbpLVPpWo6yRxqXNKlt3pkjHhLG6ycI', NULL, '2016-10-20 21:30:47', '2016-10-20 21:30:47'),
(146, '$2y$10$qRVY9vMVDZtOq3e/YjzOle.eSC4t8zk6PQHpWTRK44Ss.Dzhg0stO', '08094779087', 'bholee2003@yahoo.com', 'dawodu', 'bolanle', NULL, NULL, NULL, NULL, 3, NULL, NULL, 1, 1, NULL, 'HJ4Gs2eFlkjCk5Yv4gzNSIOZubEgXkEp8lKtmQbZ', NULL, '2016-10-20 21:37:42', '2016-10-20 21:37:42'),
(147, '$2y$10$0xfxhIynNPPtRQxc6evM7ufpjXKDXhW6F1k5upH18nnvrZqyQq.E2', '08144992426', 'bunmitomi@yahoo.com', 'obayemi', 'oluwabukunmi', NULL, NULL, NULL, NULL, 3, NULL, NULL, 1, 1, NULL, '8aZIzzBxP0jDwYTNv1RCQ5UcfGXs9QaUR8M4sF9a', NULL, '2016-10-20 21:43:28', '2016-10-20 21:43:28'),
(148, '$2y$10$TXI9a2NCeWtZJNCy/WWSG.Hy1.b6F6RDaD.b7s3XdXggJ2UR6MdiW', '08065550880', 'nzegold@yahoo.com', 'chiazor', 'batholomew', NULL, NULL, NULL, NULL, 3, NULL, NULL, 1, 1, NULL, 'FlTPY4odUtndMgaGpJrsNymutfHb9l2txVZPQXTs', NULL, '2016-10-20 21:59:36', '2016-10-20 21:59:36'),
(149, '$2y$10$uM9VGfYeBTTO12ludC8alOgdiLK5iiCQGJMhTTmcxbbzbjc9O5n8y', '08083262331', 'mabinuoriolarenwaju@yahoo.com', 'mabinuori', 'olarenwaju', NULL, NULL, NULL, NULL, 3, NULL, NULL, 1, 1, NULL, 'oFuMzhW8F5P63QlL8AqGaVwMNlPdJkgceBmfCFwV', NULL, '2016-10-21 13:51:08', '2016-10-21 13:51:08'),
(150, '$2y$10$5pBI2YPPGRl6QXU.BlsFjOeu.dQTSxDG2zhS3CAeASVkpTgdMkTb2', '08035644489', 'afolabi@gmail.com', 'Afolabi', 'Afolabi', NULL, NULL, NULL, NULL, 3, NULL, NULL, 1, 1, NULL, '2GORSbUb77vnp3R6v6Q3RZhRPCOkvHlzVa1fKNkz', NULL, '2016-10-21 13:52:46', '2016-10-21 13:52:46'),
(151, '$2y$10$n9kjZcHJdZnEAodV/uB3Yel.O7L9SlPVvtbzIunb53oNe2nxlT2b6', '08052546096', 'adelolasegun@yahoo.com', 'adelola', 'segun', NULL, NULL, NULL, NULL, 3, NULL, NULL, 1, 1, NULL, 'yRkLp8QiW7xc1rZSiAH3T6sQnNpjrR5WvXolCKpd', NULL, '2016-10-21 13:54:58', '2016-10-21 13:54:58'),
(152, '$2y$10$ZdmO86Xbaih938tFME0xweCu5F8IhRuCaTb46iFpbPujT4Yr30Ufa', '08023270783', 'goodwayprint@yahoo.com', 'Oluwagbenga ', 'Akinrehinote', NULL, NULL, NULL, NULL, 3, NULL, NULL, 1, 1, NULL, 'FislRbrGSRoJlCFsSCLIcCJyy2PP9zE0n1ftxPiu', NULL, '2016-10-21 13:55:59', '2016-10-21 13:55:59'),
(153, '$2y$10$rpsoYWLSzLr/y/q/9buHBuVxfSKuTKYU5EJb/Yb9OwrQbYqIVxJkm', '08023164088', 'samsonagbetoye75@yahoo.com', 'Samson Oluwaseyi', 'Agbetoye', NULL, NULL, NULL, NULL, 3, NULL, NULL, 1, 1, NULL, 'V9oolnEba3LRXErcrfCbhzLD4OgUGs4OvMLdzeLx', NULL, '2016-10-21 14:08:48', '2016-10-21 14:08:48'),
(154, '$2y$10$QT65wGa/W0ewhHaPuaMRiO4g1CMBJ1pSuaouqtBzJV0NwKMGDwOE2', '08033131545', 'taphaolad@gmail.com', 'yakubu', 'yakubu', NULL, NULL, NULL, NULL, 3, NULL, NULL, 1, 1, NULL, 'tt9rWhWiQ42rD6iqrGDTsNriDKq6inoGKkwJICIw', NULL, '2016-10-21 14:09:55', '2016-10-21 14:09:55'),
(155, '$2y$10$cacGxV01H0BJyEXZsBrM6OimfS0ddJW/c4gpVBopm0XdDU0aTpt9O', '08038789637', 'florencechennightingale@gmail.com', 'chen', 'florence', NULL, NULL, NULL, NULL, 3, NULL, NULL, 1, 1, NULL, 'GIjNdAKDaLASK9R923DIS52pqnusShTaNv4N417b', NULL, '2016-10-21 14:15:52', '2016-10-21 14:15:52'),
(156, '$2y$10$CurD0q1Ged7ahO1fG7Or7OgSzUkwFgITI2WEAsv9ynOyLVh782JmO', '08071885753', 'danielomobola@gmail.com', 'Daniel', 'Daniel', NULL, NULL, NULL, NULL, 3, NULL, NULL, 1, 1, NULL, 'evZqt4R8qttccp3mT1ATEMskXMJo0GNtsyGJt7IR', NULL, '2016-10-21 14:19:44', '2016-10-21 14:19:44'),
(157, '$2y$10$tabWFubla3PizTYOvHmbuOCzrqW3yvMFlDpH.kPzD47NDALkkdKsu', '08137543559', 'tonyhalla2000@yahoo.com', 'enwenma', 'tony', NULL, NULL, NULL, NULL, 3, NULL, NULL, 1, 1, NULL, '4AaF98zStxOTR0ulBpNUw2mSV74dyiILJzFXEa6o', NULL, '2016-10-21 14:21:41', '2016-10-21 14:21:41'),
(158, '$2y$10$GLmH3ar/W95hOpk01VJgHeUFDhfDlYrTtgMXBGVouFywBrmVeMQla', '08023453508', 'obiben@yahoo.com', 'obi', 'ben', NULL, NULL, NULL, NULL, 3, NULL, NULL, 1, 1, NULL, 'bFpvkoG1ceGieiUUpJyfdT8wYJXHCjymOwmUi12m', NULL, '2016-10-21 14:25:50', '2016-10-21 14:25:50'),
(159, '$2y$10$humdwDhQ8yl9dr.UL/W2Gu.FKguddcGOyOD/DOzTvuQXNm273h6Ie', '08060309054', 'beemigultemple@gmail.com', 'Pius Chukwuma', '- Dr. Iyoke Temple', NULL, NULL, NULL, NULL, 3, NULL, NULL, 1, 1, NULL, 'UAqvrEoAIrWi3TXDPOg5yyZpk3hI5OJcKeExDfsg', NULL, '2016-10-21 14:26:41', '2016-10-21 14:26:41'),
(160, '$2y$10$x3WaTwNF6zA69w8sY03PFOaeHJiHfOrHVZf9Aru1PmpQYQOi15sEq', '07031377964', 'osariemien@gmail.com', 'osariemien', 'lovina', NULL, NULL, NULL, NULL, 3, NULL, NULL, 1, 1, NULL, 'XHQ7uayhVAQ1sVwyYE8EveakJo44XwLbHj2voxIz', NULL, '2016-10-24 20:13:33', '2016-10-24 20:13:33'),
(161, '$2y$10$dWeiDUZFAYhLfZL4UDikseeT/NfKSVnqaAu51kgcbR6q0F.x2dx.y', '09073154080', 'akinbinu@yahoo.com', 'israel', 'akinbinu', NULL, NULL, NULL, NULL, 3, NULL, NULL, 1, 1, NULL, '4VBcVR6gOqiDI3T5xzgKkRCUce0Hh7mJUeLGzipB', NULL, '2016-10-24 20:24:49', '2016-10-24 20:24:49'),
(162, '$2y$10$IXWJHALMEWodUvRSMCKP0e5f8fLN/znRjPxS7W9B1C1K8.KzIdmwK', '08032108025', 'temiolanike98@gmail.com', 'temitope', 'sanni', NULL, NULL, NULL, NULL, 3, NULL, NULL, 1, 1, NULL, 'hsoW64csyaLFUltFNQZTzuuHBHHWOfF30f9UdNV3', NULL, '2016-10-24 20:37:39', '2016-10-24 20:37:39'),
(163, '$2y$10$XvqqnnnbfcYDD3/PgJNM2ugy8w2KJTtHGaO4zjm4VGRc8omHyZz0K', '09030256035', 'ejeh@gmail.com', 'uche', 'ejeh', NULL, NULL, NULL, NULL, 3, NULL, NULL, 1, 1, NULL, 'ju2YGPqoIM20wZGofxQ0elBR9Ff5pTGqP9LuoHpU', NULL, '2016-10-24 20:46:43', '2016-10-24 20:46:43'),
(164, '$2y$10$ISrLw9DYYHWxgWJtzyPtLOYAiXNrgQDh1SRXpERAS3kHZi9Hii4Ge', '09086117269', 'larakomo100@gmail.com', 'gbenga', 'komolafe', NULL, NULL, NULL, NULL, 3, NULL, NULL, 1, 1, NULL, 'SeyxOG2B3OFzJBCTMnhSBSBsuENbM4uFkGyOUF6D', NULL, '2016-10-24 20:56:43', '2016-10-24 20:56:43'),
(165, '$2y$10$gYlX.CsT4Z0Uv8xvn5jZD.xgA3cCe2vasWnqwDpO2W8bKi67g.a0a', '08033487957', 'frankikpesu@yahoo.com', 'Frank', 'Ikpesu', NULL, NULL, NULL, NULL, 3, NULL, NULL, 1, 1, NULL, '8tQgAcC1jVXe8QKFgQIHbdMMVqW5vrtKjYF6ZpXw', NULL, '2016-11-18 21:23:40', '2016-11-18 21:23:40'),
(166, '$2y$10$vOrkD15Oqb9P46FIzH4IQO2.c1waQ6xFqNeXXxK3ifU7FCOx3If..', '08037043366', 'aatonyes@yahoo.co.uk', 'Anthony Anyakoha', 'Onyebunie', '', NULL, '2016-11-09', '', 3, 0, 1, 1, 1, NULL, 'p5NgQGgJWzwsmALrYsRaRnlnrChXftdZQExYwXLs', NULL, '2016-11-18 21:30:21', '2016-11-18 22:25:20'),
(167, '$2y$10$FVdE3rtti4OMxJ8G3jiXfuixr6yALEK6WAwh1aBX.y22Hv0CFrvFS', '08063796458', 'vital@yahoo.com', 'vital', 'vital', NULL, NULL, NULL, NULL, 4, NULL, NULL, 1, 1, NULL, 'yIObf4VUFs7CyxIYQi4U7jM2Ue4MTwyqD6YEPLcF', 'bpYeSY273qgzrgttIIts8t8JBwvNK0d9RLA33LdQlXvg4Yv4EEk3CPVaqct7', '2016-11-18 21:42:11', '2016-12-07 20:49:07'),
(168, '$2y$10$OnM5KvyrlKnAEqGxQKdrS.b8Abx.FHayQUbvFXU3fLKjK5nBuk2zu', '07086726712', 'toyinojeikere@yahoo.com', 'toyin', 'ojeikere', '', 'Male', '2016-11-23', '', 4, 226, 1, 1, 1, NULL, 'aq6gO9KjRsuOqV6uTxTF0124OJ0mMAnu0GYOX4Vi', 'no0FyiwWQq7nQjnNVeLnGaGeybfMY6D4ClOCrgpifYkvKqkbkT3sNr6pcPWu', '2016-11-22 16:39:48', '2016-12-07 23:53:31'),
(169, '$2y$10$TiyBwQCByMkTYCkiW94FqOvsnVRmujWqSgbToa2epyE17ge5dkVWK', '08038449922', 'olaore@yahoo.com', 'olaore', 'olaore', NULL, NULL, NULL, NULL, 3, NULL, NULL, 1, 1, NULL, 'QbW5AWqQRpyh2FUd0GVcoVHzSQEIeOvDf2kVWvvG', NULL, '2016-11-22 17:02:53', '2016-11-22 17:02:53'),
(170, '$2y$10$QPgkEN6pKPwcVJsz2dGnY.7/GX2aGfusgrI5Nd7j4KUvyfmQerqFW', '08097082240', 'sofowoke@yahoo.com', 'sofowoke', 'sofowoke', NULL, NULL, NULL, NULL, 3, NULL, NULL, 1, 1, NULL, 'IzvtHspEpK7xy8RMFMVBRTQpkCVc6Ts4rCY1bXGO', NULL, '2016-11-22 17:22:25', '2016-11-22 17:22:25');

-- --------------------------------------------------------

--
-- Table structure for table `user_types`
--

CREATE TABLE `user_types` (
  `user_type_id` int(10) UNSIGNED NOT NULL,
  `user_type` varchar(150) COLLATE utf8_unicode_ci NOT NULL,
  `type` int(11) NOT NULL DEFAULT '1',
  `created_at` timestamp NULL DEFAULT NULL,
  `updated_at` timestamp NULL DEFAULT NULL
) ENGINE=InnoDB DEFAULT CHARSET=utf8 COLLATE=utf8_unicode_ci;

--
-- Dumping data for table `user_types`
--

INSERT INTO `user_types` (`user_type_id`, `user_type`, `type`, `created_at`, `updated_at`) VALUES
(1, 'Developer', 1, NULL, NULL),
(2, 'Super Admin', 2, NULL, NULL),
(3, 'Sponsor', 2, '2016-04-28 21:35:55', '2016-04-28 21:35:55'),
(4, 'Staff', 2, '2016-04-28 21:35:15', '2016-04-28 21:35:15');

-- --------------------------------------------------------

--
-- Structure for view `assessment_detailsviews`
--
DROP TABLE IF EXISTS `assessment_detailsviews`;

CREATE ALGORITHM=UNDEFINED DEFINER=`solidsteps_user`@`%` SQL SECURITY DEFINER VIEW `assessment_detailsviews`  AS  select `f`.`assessment_id` AS `assessment_id`,`f`.`subject_classroom_id` AS `subject_classroom_id`,`f`.`assessment_setup_detail_id` AS `assessment_setup_detail_id`,`f`.`marked` AS `marked`,`g`.`assessment_detail_id` AS `assessment_detail_id`,`g`.`student_id` AS `student_id`,`j`.`student_no` AS `student_no`,concat(`j`.`first_name`,' ',`j`.`last_name`) AS `student_name`,`j`.`gender` AS `gender`,`g`.`score` AS `score`,`h`.`weight_point` AS `weight_point`,`h`.`number` AS `number`,`h`.`percentage` AS `percentage`,`h`.`description` AS `description`,`h`.`submission_date` AS `submission_date`,`i`.`assessment_setup_id` AS `assessment_setup_id`,`i`.`assessment_no` AS `assessment_no`,`m`.`ca_weight_point` AS `ca_weight_point`,`m`.`exam_weight_point` AS `exam_weight_point`,`j`.`sponsor_id` AS `sponsor_id`,`k`.`phone_no` AS `phone_no`,`k`.`email` AS `email`,concat(`k`.`first_name`,' ',`k`.`last_name`) AS `sponsor_name`,`a`.`subject_id` AS `subject_id`,`a`.`classroom_id` AS `classroom_id`,`a`.`tutor_id` AS `tutor_id`,concat(`n`.`first_name`,' ',`n`.`last_name`) AS `tutor`,`c`.`classroom` AS `classroom`,`c`.`classlevel_id` AS `classlevel_id`,`d`.`classlevel` AS `classlevel`,`d`.`classgroup_id` AS `classgroup_id`,`a`.`academic_term_id` AS `academic_term_id`,`e`.`academic_term` AS `academic_term` from (((((((((((`subject_classrooms` `a` join `classrooms` `c` on((`a`.`classroom_id` = `c`.`classroom_id`))) join `classlevels` `d` on((`c`.`classlevel_id` = `d`.`classlevel_id`))) join `academic_terms` `e` on((`a`.`academic_term_id` = `e`.`academic_term_id`))) join `assessments` `f` on((`a`.`subject_classroom_id` = `f`.`subject_classroom_id`))) join `assessment_details` `g` on((`f`.`assessment_id` = `g`.`assessment_id`))) join `assessment_setup_details` `h` on((`f`.`assessment_setup_detail_id` = `h`.`assessment_setup_detail_id`))) join `assessment_setups` `i` on((`h`.`assessment_setup_id` = `i`.`assessment_setup_id`))) join `students` `j` on((`g`.`student_id` = `j`.`student_id`))) left join `users` `k` on((`j`.`sponsor_id` = `k`.`user_id`))) join `classgroups` `m` on((`d`.`classgroup_id` = `m`.`classgroup_id`))) left join `users` `n` on((`a`.`tutor_id` = `n`.`user_id`))) ;

-- --------------------------------------------------------

--
-- Structure for view `exams_detailsviews`
--
DROP TABLE IF EXISTS `exams_detailsviews`;

CREATE ALGORITHM=UNDEFINED DEFINER=`solidsteps_user`@`%` SQL SECURITY DEFINER VIEW `exams_detailsviews`  AS  select `exam_details`.`exam_detail_id` AS `exam_detail_id`,`exams`.`exam_id` AS `exam_id`,`subject_classrooms`.`subject_classroom_id` AS `subject_classroom_id`,`subject_classrooms`.`subject_id` AS `subject_id`,`subject_classrooms`.`tutor_id` AS `tutor_id`,`classrooms`.`classlevel_id` AS `classlevel_id`,`student_classes`.`classroom_id` AS `classroom_id`,`students`.`student_id` AS `student_id`,`classrooms`.`classroom` AS `classroom`,concat(ucase(`students`.`first_name`),' ',lcase(`students`.`last_name`)) AS `fullname`,`students`.`gender` AS `student_gender`,`students`.`student_no` AS `student_no`,`exam_details`.`ca` AS `ca`,`exam_details`.`exam` AS `exam`,(`exam_details`.`exam` + `exam_details`.`ca`) AS `student_total`,`classgroups`.`ca_weight_point` AS `ca_weight_point`,`classgroups`.`exam_weight_point` AS `exam_weight_point`,(`classgroups`.`exam_weight_point` + `classgroups`.`ca_weight_point`) AS `weight_point_total`,`academic_terms`.`academic_term_id` AS `academic_term_id`,`academic_terms`.`academic_term` AS `academic_term`,`exams`.`marked` AS `marked`,`academic_terms`.`academic_year_id` AS `academic_year_id`,`academic_years`.`academic_year` AS `academic_year`,`classlevels`.`classlevel` AS `classlevel`,`classlevels`.`classgroup_id` AS `classgroup_id` from (((((((((`exams` join `exam_details` on((`exams`.`exam_id` = `exam_details`.`exam_id`))) join `subject_classrooms` on((`exams`.`subject_classroom_id` = `subject_classrooms`.`subject_classroom_id`))) join `students` on((`exam_details`.`student_id` = `students`.`student_id`))) join `academic_terms` on((`subject_classrooms`.`academic_term_id` = `academic_terms`.`academic_term_id`))) join `academic_years` on((`academic_years`.`academic_year_id` = `academic_terms`.`academic_year_id`))) join `student_classes` on((`students`.`student_id` = `student_classes`.`student_id`))) join `classrooms` on((`student_classes`.`classroom_id` = `classrooms`.`classroom_id`))) join `classlevels` on((`classrooms`.`classlevel_id` = `classlevels`.`classlevel_id`))) join `classgroups` on((`classgroups`.`classgroup_id` = `classlevels`.`classgroup_id`))) ;

-- --------------------------------------------------------

--
-- Structure for view `exams_subjectviews`
--
DROP TABLE IF EXISTS `exams_subjectviews`;

CREATE ALGORITHM=UNDEFINED DEFINER=`solidsteps_user`@`%` SQL SECURITY DEFINER VIEW `exams_subjectviews`  AS  select `a`.`exam_id` AS `exam_id`,`f`.`classroom_id` AS `classroom_id`,`f`.`classroom` AS `classroom`,`b`.`subject_id` AS `subject_id`,`a`.`subject_classroom_id` AS `subject_classroom_id`,`b`.`tutor_id` AS `tutor_id`,concat(ucase(`j`.`first_name`),' ',`j`.`last_name`) AS `tutor`,`h`.`ca_weight_point` AS `ca_weight_point`,`h`.`exam_weight_point` AS `exam_weight_point`,`a`.`marked` AS `marked`,`f`.`classlevel_id` AS `classlevel_id`,`g`.`classlevel` AS `classlevel`,`b`.`academic_term_id` AS `academic_term_id`,`d`.`academic_term` AS `academic_term`,`d`.`academic_year_id` AS `academic_year_id`,`e`.`academic_year` AS `academic_year` from ((((((`exams` `a` join `subject_classrooms` `b` on((`a`.`subject_classroom_id` = `b`.`subject_classroom_id`))) left join (`classlevels` `g` join `classrooms` `f` on((`f`.`classlevel_id` = `g`.`classlevel_id`))) on((`b`.`classroom_id` = `f`.`classroom_id`))) join `academic_terms` `d` on((`b`.`academic_term_id` = `d`.`academic_term_id`))) join `academic_years` `e` on((`d`.`academic_year_id` = `e`.`academic_year_id`))) join `classgroups` `h` on((`g`.`classgroup_id` = `h`.`classgroup_id`))) left join `users` `j` on((`b`.`tutor_id` = `j`.`user_id`))) ;

-- --------------------------------------------------------

--
-- Structure for view `students_classroomviews`
--
DROP TABLE IF EXISTS `students_classroomviews`;

CREATE ALGORITHM=UNDEFINED DEFINER=`solidsteps_user`@`%` SQL SECURITY DEFINER VIEW `students_classroomviews`  AS  select concat(ucase(`students`.`first_name`),' ',`students`.`last_name`) AS `fullname`,`students`.`student_no` AS `student_no`,`classrooms`.`classroom` AS `classroom`,`classrooms`.`classroom_id` AS `classroom_id`,`students`.`student_id` AS `student_id`,`classlevels`.`classlevel` AS `classlevel`,`classrooms`.`classlevel_id` AS `classlevel_id`,`students`.`sponsor_id` AS `sponsor_id`,concat(ucase(`users`.`first_name`),' ',`users`.`last_name`) AS `sponsor_name`,`student_classes`.`academic_year_id` AS `academic_year_id`,`academic_years`.`academic_year` AS `academic_year`,`students`.`status_id` AS `status_id` from (((((`students` join `student_classes` on((`student_classes`.`student_id` = `students`.`student_id`))) join `classrooms` on((`student_classes`.`classroom_id` = `classrooms`.`classroom_id`))) join `classlevels` on((`classlevels`.`classlevel_id` = `classrooms`.`classlevel_id`))) join `academic_years` on((`student_classes`.`academic_year_id` = `academic_years`.`academic_year_id`))) join `users` on((`students`.`sponsor_id` = `users`.`user_id`))) ;

-- --------------------------------------------------------

--
-- Structure for view `subjects_assessmentsviews`
--
DROP TABLE IF EXISTS `subjects_assessmentsviews`;

CREATE ALGORITHM=UNDEFINED DEFINER=`solidsteps_user`@`%` SQL SECURITY DEFINER VIEW `subjects_assessmentsviews`  AS  select `a`.`tutor` AS `tutor`,`a`.`tutor_id` AS `tutor_id`,`a`.`classroom_id` AS `classroom_id`,`a`.`subject_classroom_id` AS `subject_classroom_id`,`a`.`subject_id` AS `subject_id`,`a`.`subject` AS `subject`,`a`.`subject_group_id` AS `subject_group_id`,`a`.`academic_term_id` AS `academic_term_id`,`a`.`academic_term` AS `academic_term`,`a`.`exam_status_id` AS `exam_status_id`,`a`.`exam_status` AS `exam_status`,`a`.`classlevel_id` AS `classlevel_id`,`a`.`classroom` AS `classroom`,`b`.`assessment_id` AS `assessment_id`,`b`.`marked` AS `marked`,`c`.`assessment_setup_detail_id` AS `assessment_setup_detail_id`,`c`.`number` AS `number`,`c`.`weight_point` AS `weight_point`,`c`.`percentage` AS `percentage`,`c`.`assessment_setup_id` AS `assessment_setup_id`,`c`.`submission_date` AS `submission_date`,`c`.`description` AS `description` from ((`subjects_classroomviews` `a` left join `assessments` `b` on((`a`.`subject_classroom_id` = `b`.`subject_classroom_id`))) left join `assessment_setup_details` `c` on((`b`.`assessment_setup_detail_id` = `c`.`assessment_setup_detail_id`))) ;

-- --------------------------------------------------------

--
-- Structure for view `subjects_classroomviews`
--
DROP TABLE IF EXISTS `subjects_classroomviews`;

CREATE ALGORITHM=UNDEFINED DEFINER=`solidsteps_user`@`%` SQL SECURITY DEFINER VIEW `subjects_classroomviews`  AS  select concat(ucase(`e`.`first_name`),' ',`e`.`last_name`) AS `tutor`,`e`.`user_id` AS `tutor_id`,`a`.`classroom_id` AS `classroom_id`,`a`.`subject_classroom_id` AS `subject_classroom_id`,`a`.`subject_id` AS `subject_id`,`d`.`subject` AS `subject`,`d`.`subject_group_id` AS `subject_group_id`,`a`.`academic_term_id` AS `academic_term_id`,`b`.`academic_term` AS `academic_term`,`a`.`exam_status_id` AS `exam_status_id`,(case `a`.`exam_status_id` when 1 then 'Marked' when 2 then 'Not Marked' end) AS `exam_status`,`c`.`classlevel_id` AS `classlevel_id`,`c`.`classroom` AS `classroom` from ((((`subject_classrooms` `a` join `academic_terms` `b` on((`a`.`academic_term_id` = `b`.`academic_term_id`))) join `classrooms` `c` on((`a`.`classroom_id` = `c`.`classroom_id`))) join `smartschools`.`subjects` `d` on((`d`.`subject_id` = `a`.`subject_id`))) left join `users` `e` on((`a`.`tutor_id` = `e`.`user_id`))) ;

--
-- Indexes for dumped tables
--

--
-- Indexes for table `academic_terms`
--
ALTER TABLE `academic_terms`
  ADD PRIMARY KEY (`academic_term_id`),
  ADD KEY `academic_terms_status_index` (`status`),
  ADD KEY `academic_terms_academic_year_id_index` (`academic_year_id`),
  ADD KEY `academic_terms_term_type_id_index` (`term_type_id`);

--
-- Indexes for table `academic_years`
--
ALTER TABLE `academic_years`
  ADD PRIMARY KEY (`academic_year_id`),
  ADD KEY `academic_years_status_index` (`status`);

--
-- Indexes for table `assessments`
--
ALTER TABLE `assessments`
  ADD PRIMARY KEY (`assessment_id`),
  ADD KEY `assessments_subject_classroom_id_index` (`subject_classroom_id`),
  ADD KEY `assessments_assessment_setup_detail_id_index` (`assessment_setup_detail_id`),
  ADD KEY `assessments_marked_index` (`marked`);

--
-- Indexes for table `assessment_details`
--
ALTER TABLE `assessment_details`
  ADD PRIMARY KEY (`assessment_detail_id`),
  ADD KEY `assessment_details_student_id_index` (`student_id`),
  ADD KEY `assessment_details_assessment_id_index` (`assessment_id`);

--
-- Indexes for table `assessment_setups`
--
ALTER TABLE `assessment_setups`
  ADD PRIMARY KEY (`assessment_setup_id`),
  ADD KEY `assessment_setups_classgroup_id_index` (`classgroup_id`),
  ADD KEY `assessment_setups_academic_term_id_index` (`academic_term_id`);

--
-- Indexes for table `assessment_setup_details`
--
ALTER TABLE `assessment_setup_details`
  ADD PRIMARY KEY (`assessment_setup_detail_id`),
  ADD KEY `assessment_setup_details_assessment_setup_id_index` (`assessment_setup_id`);

--
-- Indexes for table `classgroups`
--
ALTER TABLE `classgroups`
  ADD PRIMARY KEY (`classgroup_id`);

--
-- Indexes for table `classlevels`
--
ALTER TABLE `classlevels`
  ADD PRIMARY KEY (`classlevel_id`),
  ADD KEY `classlevels_classgroup_id_index` (`classgroup_id`);

--
-- Indexes for table `classrooms`
--
ALTER TABLE `classrooms`
  ADD PRIMARY KEY (`classroom_id`),
  ADD KEY `classrooms_classlevel_id_index` (`classlevel_id`);

--
-- Indexes for table `class_masters`
--
ALTER TABLE `class_masters`
  ADD PRIMARY KEY (`class_master_id`),
  ADD KEY `class_masters_user_id_index` (`user_id`),
  ADD KEY `class_masters_classroom_id_index` (`classroom_id`),
  ADD KEY `class_masters_academic_year_id_index` (`academic_year_id`);

--
-- Indexes for table `domains`
--
ALTER TABLE `domains`
  ADD PRIMARY KEY (`domain_id`);

--
-- Indexes for table `domain_assessments`
--
ALTER TABLE `domain_assessments`
  ADD PRIMARY KEY (`domain_assessment_id`),
  ADD KEY `domain_assessments_student_id_index` (`student_id`),
  ADD KEY `domain_assessments_academic_term_id_index` (`academic_term_id`);

--
-- Indexes for table `domain_details`
--
ALTER TABLE `domain_details`
  ADD PRIMARY KEY (`domain_detail_id`),
  ADD KEY `domain_details_domain_id_index` (`domain_id`),
  ADD KEY `domain_details_domain_assessment_id_index` (`domain_assessment_id`),
  ADD KEY `domain_details_option_index` (`option`);

--
-- Indexes for table `exams`
--
ALTER TABLE `exams`
  ADD PRIMARY KEY (`exam_id`),
  ADD KEY `exams_subject_classroom_id_index` (`subject_classroom_id`),
  ADD KEY `exams_marked_index` (`marked`);

--
-- Indexes for table `exam_details`
--
ALTER TABLE `exam_details`
  ADD PRIMARY KEY (`exam_detail_id`),
  ADD KEY `exam_details_exam_id_index` (`exam_id`),
  ADD KEY `exam_details_student_id_index` (`student_id`);

--
-- Indexes for table `grades`
--
ALTER TABLE `grades`
  ADD PRIMARY KEY (`grade_id`),
  ADD KEY `grades_classgroup_id_index` (`classgroup_id`);

--
-- Indexes for table `menus`
--
ALTER TABLE `menus`
  ADD PRIMARY KEY (`menu_id`),
  ADD KEY `menus_parent_id_index` (`parent_id`),
  ADD KEY `menus_lft_index` (`lft`),
  ADD KEY `menus_rgt_index` (`rgt`),
  ADD KEY `menus_sequence_index` (`sequence`),
  ADD KEY `menus_type_index` (`type`);

--
-- Indexes for table `menus_roles`
--
ALTER TABLE `menus_roles`
  ADD KEY `menus_roles_menu_id_index` (`menu_id`),
  ADD KEY `menus_roles_role_id_index` (`role_id`);

--
-- Indexes for table `permissions`
--
ALTER TABLE `permissions`
  ADD PRIMARY KEY (`permission_id`),
  ADD UNIQUE KEY `permissions_name_unique` (`name`);

--
-- Indexes for table `permission_role`
--
ALTER TABLE `permission_role`
  ADD PRIMARY KEY (`permission_id`,`role_id`),
  ADD KEY `permission_role_role_id_foreign` (`role_id`);

--
-- Indexes for table `pins`
--
ALTER TABLE `pins`
  ADD PRIMARY KEY (`pin_id`),
  ADD UNIQUE KEY `pins_pin_unique` (`pin`),
  ADD UNIQUE KEY `pins_serial_unique` (`serial`);

--
-- Indexes for table `pin_numbers`
--
ALTER TABLE `pin_numbers`
  ADD PRIMARY KEY (`pin_number_id`),
  ADD UNIQUE KEY `pin_numbers_pin_number_unique` (`pin_number`),
  ADD UNIQUE KEY `pin_numbers_serial_number_unique` (`serial_number`),
  ADD KEY `pin_numbers_status_index` (`status`);

--
-- Indexes for table `remarks`
--
ALTER TABLE `remarks`
  ADD PRIMARY KEY (`remark_id`),
  ADD KEY `remarks_student_id_index` (`student_id`),
  ADD KEY `remarks_academic_term_id_index` (`academic_term_id`),
  ADD KEY `remarks_user_id_index` (`user_id`);

--
-- Indexes for table `result_checkers`
--
ALTER TABLE `result_checkers`
  ADD PRIMARY KEY (`result_checker_id`),
  ADD KEY `result_checkers_student_id_index` (`student_id`),
  ADD KEY `result_checkers_classroom_id_index` (`classroom_id`),
  ADD KEY `result_checkers_academic_term_id_index` (`academic_term_id`),
  ADD KEY `result_checkers_pin_number_id_index` (`pin_number_id`);

--
-- Indexes for table `roles`
--
ALTER TABLE `roles`
  ADD PRIMARY KEY (`role_id`),
  ADD UNIQUE KEY `roles_name_unique` (`name`),
  ADD KEY `roles_user_type_id_index` (`user_type_id`);

--
-- Indexes for table `role_user`
--
ALTER TABLE `role_user`
  ADD PRIMARY KEY (`user_id`,`role_id`),
  ADD KEY `role_user_role_id_foreign` (`role_id`);

--
-- Indexes for table `sponsors`
--
ALTER TABLE `sponsors`
  ADD PRIMARY KEY (`sponsor_id`),
  ADD KEY `sponsors_lga_id_index` (`lga_id`),
  ADD KEY `sponsors_salutation_id_index` (`salutation_id`),
  ADD KEY `sponsors_created_by_index` (`created_by`);

--
-- Indexes for table `staffs`
--
ALTER TABLE `staffs`
  ADD PRIMARY KEY (`staff_id`),
  ADD KEY `staffs_lga_id_index` (`lga_id`),
  ADD KEY `staffs_salutation_id_index` (`salutation_id`),
  ADD KEY `staffs_created_by_index` (`created_by`);

--
-- Indexes for table `students`
--
ALTER TABLE `students`
  ADD PRIMARY KEY (`student_id`),
  ADD KEY `students_sponsor_id_index` (`sponsor_id`),
  ADD KEY `students_classroom_id_index` (`classroom_id`),
  ADD KEY `students_status_id_index` (`status_id`),
  ADD KEY `students_admitted_term_id_index` (`admitted_term_id`),
  ADD KEY `students_lga_id_index` (`lga_id`),
  ADD KEY `students_created_by_index` (`created_by`);

--
-- Indexes for table `student_classes`
--
ALTER TABLE `student_classes`
  ADD PRIMARY KEY (`student_class_id`),
  ADD KEY `student_classes_student_id_index` (`student_id`),
  ADD KEY `student_classes_classroom_id_index` (`classroom_id`),
  ADD KEY `student_classes_academic_year_id_index` (`academic_year_id`);

--
-- Indexes for table `student_subjects`
--
ALTER TABLE `student_subjects`
  ADD PRIMARY KEY (`student_id`,`subject_classroom_id`),
  ADD KEY `student_subjects_student_id_index` (`student_id`),
  ADD KEY `student_subjects_subject_classroom_id_index` (`subject_classroom_id`);

--
-- Indexes for table `subject_classrooms`
--
ALTER TABLE `subject_classrooms`
  ADD PRIMARY KEY (`subject_classroom_id`),
  ADD KEY `subject_classrooms_subject_id_index` (`subject_id`),
  ADD KEY `subject_classrooms_classroom_id_index` (`classroom_id`),
  ADD KEY `subject_classrooms_academic_term_id_index` (`academic_term_id`),
  ADD KEY `subject_classrooms_exam_status_id_index` (`exam_status_id`),
  ADD KEY `subject_classrooms_tutor_id_index` (`tutor_id`);

--
-- Indexes for table `users`
--
ALTER TABLE `users`
  ADD PRIMARY KEY (`user_id`),
  ADD UNIQUE KEY `users_email_unique` (`email`),
  ADD UNIQUE KEY `phone_no` (`phone_no`),
  ADD KEY `users_user_type_id_index` (`user_type_id`),
  ADD KEY `salutation_id` (`salutation_id`),
  ADD KEY `lga_id` (`lga_id`);

--
-- Indexes for table `user_types`
--
ALTER TABLE `user_types`
  ADD PRIMARY KEY (`user_type_id`);

--
-- AUTO_INCREMENT for dumped tables
--

--
-- AUTO_INCREMENT for table `academic_terms`
--
ALTER TABLE `academic_terms`
  MODIFY `academic_term_id` int(10) UNSIGNED NOT NULL AUTO_INCREMENT, AUTO_INCREMENT=5;
--
-- AUTO_INCREMENT for table `academic_years`
--
ALTER TABLE `academic_years`
  MODIFY `academic_year_id` int(10) UNSIGNED NOT NULL AUTO_INCREMENT, AUTO_INCREMENT=3;
--
-- AUTO_INCREMENT for table `assessments`
--
ALTER TABLE `assessments`
  MODIFY `assessment_id` int(10) UNSIGNED NOT NULL AUTO_INCREMENT, AUTO_INCREMENT=702;
--
-- AUTO_INCREMENT for table `assessment_details`
--
ALTER TABLE `assessment_details`
  MODIFY `assessment_detail_id` int(10) UNSIGNED NOT NULL AUTO_INCREMENT, AUTO_INCREMENT=7488;
--
-- AUTO_INCREMENT for table `assessment_setups`
--
ALTER TABLE `assessment_setups`
  MODIFY `assessment_setup_id` int(10) UNSIGNED NOT NULL AUTO_INCREMENT, AUTO_INCREMENT=11;
--
-- AUTO_INCREMENT for table `assessment_setup_details`
--
ALTER TABLE `assessment_setup_details`
  MODIFY `assessment_setup_detail_id` int(10) UNSIGNED NOT NULL AUTO_INCREMENT, AUTO_INCREMENT=18;
--
-- AUTO_INCREMENT for table `classgroups`
--
ALTER TABLE `classgroups`
  MODIFY `classgroup_id` int(10) UNSIGNED NOT NULL AUTO_INCREMENT, AUTO_INCREMENT=3;
--
-- AUTO_INCREMENT for table `classlevels`
--
ALTER TABLE `classlevels`
  MODIFY `classlevel_id` int(10) UNSIGNED NOT NULL AUTO_INCREMENT, AUTO_INCREMENT=6;
--
-- AUTO_INCREMENT for table `classrooms`
--
ALTER TABLE `classrooms`
  MODIFY `classroom_id` int(10) UNSIGNED NOT NULL AUTO_INCREMENT, AUTO_INCREMENT=12;
--
-- AUTO_INCREMENT for table `class_masters`
--
ALTER TABLE `class_masters`
  MODIFY `class_master_id` int(10) UNSIGNED NOT NULL AUTO_INCREMENT, AUTO_INCREMENT=12;
--
-- AUTO_INCREMENT for table `domains`
--
ALTER TABLE `domains`
  MODIFY `domain_id` int(10) UNSIGNED NOT NULL AUTO_INCREMENT, AUTO_INCREMENT=5;
--
-- AUTO_INCREMENT for table `domain_assessments`
--
ALTER TABLE `domain_assessments`
  MODIFY `domain_assessment_id` int(10) UNSIGNED NOT NULL AUTO_INCREMENT, AUTO_INCREMENT=5;
--
-- AUTO_INCREMENT for table `domain_details`
--
ALTER TABLE `domain_details`
  MODIFY `domain_detail_id` int(10) UNSIGNED NOT NULL AUTO_INCREMENT, AUTO_INCREMENT=9;
--
-- AUTO_INCREMENT for table `exams`
--
ALTER TABLE `exams`
  MODIFY `exam_id` int(10) UNSIGNED NOT NULL AUTO_INCREMENT, AUTO_INCREMENT=356;
--
-- AUTO_INCREMENT for table `exam_details`
--
ALTER TABLE `exam_details`
  MODIFY `exam_detail_id` int(10) UNSIGNED NOT NULL AUTO_INCREMENT, AUTO_INCREMENT=2864;
--
-- AUTO_INCREMENT for table `grades`
--
ALTER TABLE `grades`
  MODIFY `grade_id` int(10) UNSIGNED NOT NULL AUTO_INCREMENT, AUTO_INCREMENT=16;
--
-- AUTO_INCREMENT for table `menus`
--
ALTER TABLE `menus`
  MODIFY `menu_id` int(10) UNSIGNED NOT NULL AUTO_INCREMENT, AUTO_INCREMENT=79;
--
-- AUTO_INCREMENT for table `permissions`
--
ALTER TABLE `permissions`
  MODIFY `permission_id` int(10) UNSIGNED NOT NULL AUTO_INCREMENT, AUTO_INCREMENT=116;
--
-- AUTO_INCREMENT for table `pins`
--
ALTER TABLE `pins`
  MODIFY `pin_id` int(10) UNSIGNED NOT NULL AUTO_INCREMENT, AUTO_INCREMENT=201;
--
-- AUTO_INCREMENT for table `pin_numbers`
--
ALTER TABLE `pin_numbers`
  MODIFY `pin_number_id` int(10) UNSIGNED NOT NULL AUTO_INCREMENT, AUTO_INCREMENT=201;
--
-- AUTO_INCREMENT for table `remarks`
--
ALTER TABLE `remarks`
  MODIFY `remark_id` int(10) UNSIGNED NOT NULL AUTO_INCREMENT;
--
-- AUTO_INCREMENT for table `result_checkers`
--
ALTER TABLE `result_checkers`
  MODIFY `result_checker_id` int(10) UNSIGNED NOT NULL AUTO_INCREMENT;
--
-- AUTO_INCREMENT for table `roles`
--
ALTER TABLE `roles`
  MODIFY `role_id` int(10) UNSIGNED NOT NULL AUTO_INCREMENT, AUTO_INCREMENT=6;
--
-- AUTO_INCREMENT for table `sponsors`
--
ALTER TABLE `sponsors`
  MODIFY `sponsor_id` int(10) UNSIGNED NOT NULL AUTO_INCREMENT;
--
-- AUTO_INCREMENT for table `staffs`
--
ALTER TABLE `staffs`
  MODIFY `staff_id` int(10) UNSIGNED NOT NULL AUTO_INCREMENT;
--
-- AUTO_INCREMENT for table `students`
--
ALTER TABLE `students`
  MODIFY `student_id` int(10) UNSIGNED NOT NULL AUTO_INCREMENT, AUTO_INCREMENT=97;
--
-- AUTO_INCREMENT for table `student_classes`
--
ALTER TABLE `student_classes`
  MODIFY `student_class_id` int(10) UNSIGNED NOT NULL AUTO_INCREMENT, AUTO_INCREMENT=141;
--
-- AUTO_INCREMENT for table `subject_classrooms`
--
ALTER TABLE `subject_classrooms`
  MODIFY `subject_classroom_id` int(10) UNSIGNED NOT NULL AUTO_INCREMENT, AUTO_INCREMENT=377;
--
-- AUTO_INCREMENT for table `users`
--
ALTER TABLE `users`
  MODIFY `user_id` int(10) UNSIGNED NOT NULL AUTO_INCREMENT, AUTO_INCREMENT=171;
--
-- AUTO_INCREMENT for table `user_types`
--
ALTER TABLE `user_types`
  MODIFY `user_type_id` int(10) UNSIGNED NOT NULL AUTO_INCREMENT, AUTO_INCREMENT=5;
--
-- Constraints for dumped tables
--

--
-- Constraints for table `academic_terms`
--
ALTER TABLE `academic_terms`
  ADD CONSTRAINT `academic_terms_academic_year_id_foreign` FOREIGN KEY (`academic_year_id`) REFERENCES `academic_years` (`academic_year_id`) ON DELETE CASCADE ON UPDATE CASCADE;

--
-- Constraints for table `assessments`
--
ALTER TABLE `assessments`
  ADD CONSTRAINT `assessments_assessment_setup_detail_id_foreign` FOREIGN KEY (`assessment_setup_detail_id`) REFERENCES `assessment_setup_details` (`assessment_setup_detail_id`) ON DELETE CASCADE ON UPDATE CASCADE,
  ADD CONSTRAINT `assessments_subject_classroom_id_foreign` FOREIGN KEY (`subject_classroom_id`) REFERENCES `subject_classrooms` (`subject_classroom_id`) ON DELETE CASCADE ON UPDATE CASCADE;

--
-- Constraints for table `assessment_details`
--
ALTER TABLE `assessment_details`
  ADD CONSTRAINT `assessment_details_assessment_id_foreign` FOREIGN KEY (`assessment_id`) REFERENCES `assessments` (`assessment_id`) ON DELETE CASCADE ON UPDATE CASCADE,
  ADD CONSTRAINT `assessment_details_student_id_foreign` FOREIGN KEY (`student_id`) REFERENCES `students` (`student_id`) ON DELETE CASCADE ON UPDATE CASCADE;

--
-- Constraints for table `assessment_setups`
--
ALTER TABLE `assessment_setups`
  ADD CONSTRAINT `assessment_setups_academic_term_id_foreign` FOREIGN KEY (`academic_term_id`) REFERENCES `academic_terms` (`academic_term_id`) ON DELETE CASCADE ON UPDATE CASCADE,
  ADD CONSTRAINT `assessment_setups_classgroup_id_foreign` FOREIGN KEY (`classgroup_id`) REFERENCES `classgroups` (`classgroup_id`) ON DELETE CASCADE ON UPDATE CASCADE;

--
-- Constraints for table `assessment_setup_details`
--
ALTER TABLE `assessment_setup_details`
  ADD CONSTRAINT `assessment_setup_details_assessment_setup_id_foreign` FOREIGN KEY (`assessment_setup_id`) REFERENCES `assessment_setups` (`assessment_setup_id`) ON DELETE CASCADE ON UPDATE CASCADE;

--
-- Constraints for table `exams`
--
ALTER TABLE `exams`
  ADD CONSTRAINT `exams_subject_classroom_id_foreign` FOREIGN KEY (`subject_classroom_id`) REFERENCES `subject_classrooms` (`subject_classroom_id`) ON DELETE CASCADE ON UPDATE CASCADE;

--
-- Constraints for table `exam_details`
--
ALTER TABLE `exam_details`
  ADD CONSTRAINT `exam_details_exam_id_foreign` FOREIGN KEY (`exam_id`) REFERENCES `exams` (`exam_id`) ON DELETE CASCADE ON UPDATE CASCADE,
  ADD CONSTRAINT `exam_details_student_id_foreign` FOREIGN KEY (`student_id`) REFERENCES `students` (`student_id`) ON DELETE CASCADE ON UPDATE CASCADE;

--
-- Constraints for table `menus_roles`
--
ALTER TABLE `menus_roles`
  ADD CONSTRAINT `menus_roles_menu_id_foreign` FOREIGN KEY (`menu_id`) REFERENCES `menus` (`menu_id`) ON DELETE CASCADE ON UPDATE CASCADE,
  ADD CONSTRAINT `menus_roles_role_id_foreign` FOREIGN KEY (`role_id`) REFERENCES `roles` (`role_id`) ON DELETE CASCADE ON UPDATE CASCADE;

--
-- Constraints for table `permission_role`
--
ALTER TABLE `permission_role`
  ADD CONSTRAINT `permission_role_permission_id_foreign` FOREIGN KEY (`permission_id`) REFERENCES `permissions` (`permission_id`) ON DELETE CASCADE ON UPDATE CASCADE,
  ADD CONSTRAINT `permission_role_role_id_foreign` FOREIGN KEY (`role_id`) REFERENCES `roles` (`role_id`) ON DELETE CASCADE ON UPDATE CASCADE;

--
-- Constraints for table `result_checkers`
--
ALTER TABLE `result_checkers`
  ADD CONSTRAINT `result_checkers_academic_term_id_foreign` FOREIGN KEY (`academic_term_id`) REFERENCES `academic_terms` (`academic_term_id`) ON DELETE CASCADE ON UPDATE CASCADE,
  ADD CONSTRAINT `result_checkers_pin_number_id_foreign` FOREIGN KEY (`pin_number_id`) REFERENCES `pin_numbers` (`pin_number_id`) ON DELETE CASCADE ON UPDATE CASCADE,
  ADD CONSTRAINT `result_checkers_student_id_foreign` FOREIGN KEY (`student_id`) REFERENCES `students` (`student_id`) ON DELETE CASCADE ON UPDATE CASCADE;

--
-- Constraints for table `role_user`
--
ALTER TABLE `role_user`
  ADD CONSTRAINT `role_user_role_id_foreign` FOREIGN KEY (`role_id`) REFERENCES `roles` (`role_id`) ON DELETE CASCADE ON UPDATE CASCADE,
  ADD CONSTRAINT `role_user_user_id_foreign` FOREIGN KEY (`user_id`) REFERENCES `users` (`user_id`) ON DELETE CASCADE ON UPDATE CASCADE;

--
-- Constraints for table `student_classes`
--
ALTER TABLE `student_classes`
  ADD CONSTRAINT `student_classes_classroom_id_foreign` FOREIGN KEY (`classroom_id`) REFERENCES `classrooms` (`classroom_id`) ON DELETE CASCADE ON UPDATE CASCADE,
  ADD CONSTRAINT `student_classes_student_id_foreign` FOREIGN KEY (`student_id`) REFERENCES `students` (`student_id`) ON DELETE CASCADE ON UPDATE CASCADE;

--
-- Constraints for table `student_subjects`
--
ALTER TABLE `student_subjects`
  ADD CONSTRAINT `student_subjects_student_id_foreign` FOREIGN KEY (`student_id`) REFERENCES `students` (`student_id`) ON DELETE CASCADE ON UPDATE CASCADE,
  ADD CONSTRAINT `student_subjects_subject_classroom_id_foreign` FOREIGN KEY (`subject_classroom_id`) REFERENCES `subject_classrooms` (`subject_classroom_id`) ON DELETE CASCADE ON UPDATE CASCADE;

--
-- Constraints for table `subject_classrooms`
--
ALTER TABLE `subject_classrooms`
  ADD CONSTRAINT `subject_classrooms_classroom_id_foreign` FOREIGN KEY (`classroom_id`) REFERENCES `classrooms` (`classroom_id`) ON DELETE CASCADE ON UPDATE CASCADE,
  ADD CONSTRAINT `subject_classrooms_subject_id_foreign` FOREIGN KEY (`subject_id`) REFERENCES `smartschools`.`subjects` (`subject_id`) ON DELETE CASCADE ON UPDATE CASCADE,
  ADD CONSTRAINT `subject_classrooms_tutor_id_foreign` FOREIGN KEY (`tutor_id`) REFERENCES `users` (`user_id`) ON DELETE CASCADE ON UPDATE CASCADE;

/*!40101 SET CHARACTER_SET_CLIENT=@OLD_CHARACTER_SET_CLIENT */;
/*!40101 SET CHARACTER_SET_RESULTS=@OLD_CHARACTER_SET_RESULTS */;
/*!40101 SET COLLATION_CONNECTION=@OLD_COLLATION_CONNECTION */;
